:10000000CC7F002001030000150600001D06000043
:10001000250600002506000025060000000000005F
:1000200000000000000000000000000025060000A5
:1000300025060000000000002506000031800300B6
:100040003D8003009D80030025060000250600007A
:1000500025060000250600002506000025060000F4
:1000600025060000250600002506000025060000E4
:1000700025060000250600002506000025060000D4
:1000800025060000250600002D060000498003001B
:1000900055800300618003002506000025800300D1
:1000A00025060000250600002506000025060000A4
:1000B0002506000025060000250600002506000094
:1000C0002506000025060000250600006D800300BF
:1000D00025060000250600002506000079800300A3
:1000E000250600002506000000000000250600008F
:1000F0008580030025060000250600002506000077
:100100002506000025060000250600002506000043
:100110000000000000000000250600002506000089
:100120002506000025060000250600002506000023
:100130002506000025060000A98003002506000012
:1001400000000000000000000000000000000000AF
:100150002506000025060000B5800300C1800300CD
:10016000000000000000000000000000000000008F
:10017000000000000000000000000000000000007F
:10018000000000000000000000000000000000006F
:10019000000000000000000000000000000000005F
:1001A000000000000000000000000000000000004F
:1001B000CD8003002506000025060000250600006E
:1001C0002506000025060000250600002506000083
:1001D0002506000025060000250600002506000073
:1001E000250600002506000025060000000000008E
:1001F0000000000025060000250600009180030095
:100200002506000025060000000000000000000098
:100210002506000025060000250600002506000032
:100220002506000025060000250600002506000022
:100230002506000025060000250600002506000012
:100240002506000025060000250600002506000002
:1002500025060000250600002506000025060000F2
:0C02600025060000250600002506000011
:1003000090B583B000AF764B1A68764B9A4200D115
:1003100062B6754B1B685C331B6874489847724B18
:100320001B6864331B68002098476F4B1B68883339
:100330001B681C466C4B1B6860331B689847024661
:1003400013469B0013445B001A46694BA3FB021340
:100350009B091846A047674B1B68B3F1FF3F00F0AD
:10036000DB80654B1B68B3F1FF3F00F0D580634B2A
:100370001B68B3F1FF3F00F0CF80614B1B68B3F106
:10038000FF3F00F0C9805F4B1B68B3F1FF3F00F0F7
:10039000C380584B1B68B3F5603F80F0BD80564B5F
:1003A0001B68B3F1005FC0F0B780544B1A68564B1E
:1003B0009A4280F0B180524B1B68B3F1005FC0F0ED
:1003C000AB80504B1A68504B9A4280F0A580494B45
:1003D0001B68002B00F0A080474B1B68002B00F02F
:1003E0009B80464B1B68002B00F09680444B1B689B
:1003F000002B00F09180434B1B68002B00F08C8099
:10040000424B1B687B603C4B1B683B6009E07B6890
:100410001A683B681A603B6804333B607B680433AE
:100420007B603A68354B1B689A42F0D3894A106862
:10043000894A11684FF000028842B8BF40F8042B87
:10044000FFF6FAAF4FF0804038F0E8F8304B1B6809
:100450001B684FF0804098472D4B1B681C331B686E
:100460004FF0804098470346002B06D0284B1B686E
:1004700018331B684FF080409847254B1B6820338A
:100480001B681C46184B1B6860331B689847024664
:1004900013469B0013445B004FF080401946A04771
:1004A0001B4B1B6834331B684FF080409847184B38
:1004B0001B680C331B684FF080409847144B1B6837
:1004C00008331B684FF080409847124B1B681B682D
:1004D0002220984738F094FB00F092F98EE000BF9C
:1004E000D07F0020EA5236BC440000014005C00124
:1004F000F119760500800300048003000C800300DE
:1005000010800300148003000070002008800300A6
:1005100040000001480000014FF0804038F07EF8B4
:10052000384B1B681B684FF080409847354B1B6861
:100530001C331B684FF0804098470346002B06D0C1
:10054000304B1B6818331B684FF0804098472D4B89
:100550001B6820331B681C462B4B1B6860331B68D1
:100560009847024613469B0013445B004FF08040BF
:100570001946A047234B1B6834331B684FF080405B
:100580009847204B1B680C331B684FF080409847FE
:100590001C4B1B6808331B684FF0804098471B4B6F
:1005A0001B681B6822209847164B1B6820331B686A
:1005B0001C46154B1B6860331B6898470246134660
:1005C0009B0013445B004FF080401946A0470E4B40
:1005D0001B6888331B681C460B4B1B6860331B6809
:1005E00098470346642202FB03F2094BA3FB021364
:1005F0009B091846A04738F003FBD5E70C37BD46EA
:1006000090BD00BF4000000144000001480000010F
:10061000F119760580B400AFFEE700BF80B400AFEB
:10062000FEE700BF80B400AFFEE700BF80B500AFBB
:10063000054B1B681B684FF080409847034B044AEA
:100640001A6038F0E3FA80BD40000001D07F00203E
:0C065000EA5236BC108003001480030046
:1008000080B500AF15F0B4F900F068F8034683F046
:100810000103DBB2002B00D0FEE700F03DF90346F8
:1008200083F00103DBB2002B01D000F0D1FC15F006
:1008300001FB0CF0DBF800F001F8FAE780B582B0BC
:1008400000AF0A4B1B6860331B689847024613468B
:100850009B0013447B60064B1B6820331B684FF0E2
:100860008040796898470837BD4680BD4400000144
:100870004000000180B500AF4FF0804037F0CEFE61
:1008800000BF4FF0804015F069FB034683F0010381
:10089000DBB2002BF5D14FF0804015F06BFD4FF02F
:1008A000804015F05FFD0346002B03D04FF08040E1
:1008B00015F052FDFFF7C2FF4FF0804015F05DFDCF
:1008C0002220002115F0D6FA4FF0804015F03FFDB0
:1008D0004FF0804015F036FD80BD00BF80B5A0B060
:1008E00000AFFFF7C7FF03F027FE0346042B01D03C
:1008F0000023CAE007F12303184603F065FF03460F
:10090000042B01D00023C0E007F11C03184604F0BB
:1009100019FC0346042B01D00023B6E007F11403B1
:10092000184604F0BFFB0346042B01D00023ACE0C3
:10093000FB1D184603F01EFF0346042B01D00023C5
:10094000A3E007F10803184604F0E8F90346042B76
:1009500001D0002399E0D7E902231046194601F09F
:1009600041F9034683F00103DBB2002B01D00023E1
:100970008BE097F8233087F87C30FB7987F87D305F
:1009800007F17C0318460EF065FF034683F0010370
:10099000DBB2002B01D0002377E010F0B5FA03465C
:1009A00083F00103DBB2002B01D000236DE01423A0
:1009B00087F82C3007F12C0207F144031046194642
:1009C00010F0DEFA034683F00103DBB2002B01D006
:1009D00000235AE0152387F82430012387F82530B7
:1009E000002387F82630012387F82730002387F873
:1009F0002B3007F1240207F134031046194610F09A
:100A0000BFFA034683F00103DBB2002B01D00023C1
:100A10003BE07B6C7B6597F84830012B02D16FF08F
:100A2000604301E040F2FF73BB6597F8483087F8F8
:100A30005C307B6B3B6697F83830012B02D16FF04E
:100A4000604301E040F2FF737B6697F8483087F817
:100A50006830082387F87930FB7F184600F0F4FBF4
:100A600003467B6707F15403FB66022387F878305F
:100A7000084B3B6707F16C03184605F037FF034648
:100A8000032B01D0002300E0012318468037BD4628
:100A900080BD00BFA112000080B5D2B000AF4FF4FE
:100AA000BE73C7F8443107F15C03184604F0C2FA7C
:100AB0000346042B01D0002384E307F154031846B6
:100AC00004F0F0FA0346042B01D000237AE307F187
:100AD0007B03184604F024F80346042B01D00023BE
:100AE00070E34FF4C473C7F8443197F85E2097F869
:100AF00057301046194600F025FE034683F00103E7
:100B0000DBB2002B01D000235CE34FF4C773C7F8BE
:100B1000443107F1B003184600F03AFE034683F073
:100B20000103DBB2002B01D000234BE34FF4CD7364
:100B3000C7F8443197F85E3087F8243197F857307A
:100B400087F8253197F8593087F8263197F85D30C6
:100B500087F8273197F8563087F8283107F59273D0
:100B6000184602F0DDFC034683F00103DBB2002BE4
:100B700001D0002326E397F87B3018460CF080F96B
:100B8000034683F00103DBB2002B01D0002319E3FD
:100B900007F1740318460CF025FA034683F00103AD
:100BA000DBB2002B01D000230CE340F2AF13C7F8F7
:100BB000443104F069FE034683F00103DBB2002BED
:100BC00001D00023FEE240F2B513C7F844313B1DCB
:100BD000184603F027FE0346042B01D00023F1E260
:100BE00007F16803184604F025F80346042B01D0EA
:100BF0000023E7E2FB1C184603F0BCFD0346042B70
:100C000001D00023DEE207F17A03184603F0DCFD91
:100C10000346042B01D00023D4E207F160031846F9
:100C200004F090FA0346042B01D00023CAE207F136
:100C30005C03184604F0FEF90346042B01D00023A0
:100C4000C0E207F15403184604F02CFA0346042BC3
:100C500001D00023B6E207F14C03184603F08AFFE7
:100C60000346042B01D00023ACE207F140031846F1
:100C700003F030FE0346042B01D00023A2E207F16B
:100C80003803184603F062FE0346042B01D000230C
:100C900098E207F13003184603F094FE0346042B54
:100CA00001D000238EE207F12803184603F0C6FEA8
:100CB0000346042B01D0002384E207F120031846E9
:100CC00003F0F8FE0346042B01D000237AE207F17B
:100CD000E403184604F078F80346042B01D00023FF
:100CE00070E207F14803184603F0C4FD0346042BE5
:100CF00001D0002366E207F10803184604F044F926
:100D00000346042B01D000235CE297F84F3097F89C
:100D10004D2002FB03F387F8433107F1DC0318464B
:100D200003F070FF0346042B01D000234AE207F1D1
:100D30007E03184603F0C8FF0346042B01D00023AE
:100D400040E240F2EB13C7F8443197F85E3087F881
:100D50007C3097F8573087F87D3007F17C031846D0
:100D600001F0C8FF034683F00103DBB2002B01D082
:100D7000002327E240F2F313C7F8443140F2FD1399
:100D8000C7F8443140F21623C7F844313B1D1B68B5
:100D9000C7F82C31B7F8DE309BB2A7F83031B7F87E
:100DA000E0309BB2A7F8323197F84C3087F83431F5
:100DB00097F8513087F8353197F8433187F8363155
:100DC00097F84E3087F83731102387F8383107F518
:100DD000967318460DF004FF034683F00103DBB25F
:100DE000002B01D00023EDE10DF0D2FE034683F08D
:100DF0000103DBB2002B01D00023E3E140F22A2300
:100E0000C7F8443107F59E7318460DF03BFF0346C3
:100E100083F00103DBB2002B01D00023D2E107F104
:100E2000CC0318460DF0D2FE034683F00103DBB27B
:100E3000002B01D00023C5E14FF40E73C7F84431F5
:100E4000D7F8CC30C7F8C43097F85E3087F8C83090
:100E500097F84F3087F8C93097F84D3087F8CA3087
:100E600097F85C30012B14BF00230123DBB287F815
:100E7000CB30D7F8B030C7F8C03007F1C003184600
:100E80000CF06EF9034683F00103DBB2002B01D0B6
:100E9000002397E14FF41473C7F8443197F84C30AE
:100EA00087F8703097F8433187F871300A2387F854
:100EB0007230FB1C1B7887F8733007F170031846FB
:100EC0000BF096F9034683F00103DBB2002B01D04F
:100ED000002377E140F25A23C7F8443197F84C30A9
:100EE00087F8B630B7F86C309BB2A7F8B43007F18A
:100EF000B403184613F0CCF9034683F00103DBB2C8
:100F0000002B01D000235DE140F26A23C7F8443191
:100F100097F85E3087F8D03007F1D003184612F00A
:100F2000B1FD034683F00103DBB2002B01D00023A7
:100F300048E14FF41E73C7F84431B7F86C30A7F896
:100F4000BC3007F1BC03184613F038F8034683F0B1
:100F50000103DBB2002B01D0002333E140F28923EF
:100F6000C7F8443107F1E403C7F89030D7F8CC3024
:100F7000A033C7F89430B7F87E301A4613469B006A
:100F800013445B00C7F89830D7F8B0301B6AC7F835
:100F90009C303B1D1B689BB2A7F8A03007F14803AB
:100FA0001B88C7F8A430FB1C1B7887F8A83097F87B
:100FB0004C3087F8A93097F8513087F8AA3097F865
:100FC000433187F8AB3097F84E3087F8AC3007F1F3
:100FD0009003184613F038FB034683F00103DBB29D
:100FE000002B01D00023EDE040F2A323C7F84431E9
:100FF000D7F8CC30F033C7F88030D7F8CC3003F5D1
:10100000A073C7F884303B1D1B689BB2A7F88830DB
:101010007B6FB3F84830A7F88A3097F8433187F8E8
:101020008C3007F18003184613F056FF034683F017
:101030000103DBB2002B01D00023C3E04FF42D737A
:10104000C7F8443197F87A2007F118031A7007F1AE
:101050001803184607F0CEFF034683F00103DBB206
:10106000002B01D00023ADE04FF43373C7F84431B7
:1010700040F2D723C7F8443107F148031B88C7F86B
:10108000B83007F1B80318460BF0D4FE034683F0DE
:101090000103DBB2002B01D0002393E040F2E623F2
:1010A000C7F844314FF43C73C7F84431D7F8B03037
:1010B000DB6AC7F8D43097F84C3087F8D83097F807
:1010C000513087F8D930FB1C1B7887F8DA3007F1EC
:1010D000D403184612F07CFA034683F00103DBB216
:1010E000002B01D000236DE040F20233C7F84431F9
:1010F00040F21B33C7F84431D7F8B03003F11A027D
:1011000007F11C031A6007F11C0318460BF00EFED2
:10111000034683F00103DBB2002B01D0002351E032
:101120004FF44A73C7F844314FF44C73C7F8443155
:10113000042008F09DF9034683F00103DBB2002B85
:1011400001D000233EE040F23633C7F8443107F1C6
:10115000200318460BF02CFC034683F00103DBB29E
:10116000002B01D000232DE040F24233C7F8443178
:1011700040F25533C7F8443140F26333C7F8443185
:101180004FF45B73C7F8443140F27533C7F844310C
:1011900007F10803D3E9002307F11001C1E9002397
:1011A00007F1100318460AF0AFFF034683F001036E
:1011B000DBB2002B01D0002304E04FF45F73C7F8CB
:1011C00044310123184607F5A477BD4680BD00BF12
:1011D00030B58BB000F0EAFD0A238DF814300723F8
:1011E00005228DF8163008218DF8193000238DF86E
:1011F00015208DF817108DF81820079308938DF897
:1012000024308DF825301D4600F0D0FD0EF03CFB5B
:1012100000F0CCFD431B632B044603D905A80EF058
:101220008FFE254612F076F9632C09D900F0F8F804
:1012300030B9684600F092F810B168460EF0DCFE56
:10124000FFF7FCFAE0E700BF80B483B000AF0346CD
:10125000FB71FB79013B032B12D801A252F823F05A
:101260007112000075120000791200007D1200005A
:10127000074B06E0074B04E0074B02E0074B00E09A
:10128000054B18460C37BD465DF8047B704700BF20
:1012900048E8010090D0030020A1070040420F0061
:1012A00080B582B000AF786078680EF0F7FA083742
:1012B000BD4680BD70B5284C94F88450002D49D1AE
:1012C000012684F884602E0104EB060CA65D86429C
:1012D0000AD1BCF80860C6F30D068E4204D11E4B3D
:1012E000002283F8842033E00135082DEBD194F8F7
:1012F0008060194D0136F6B2072E88BF002685F8AA
:10130000806094F880C0144E4FEA0C1C04EB0C056E
:1013100004F80C006A60AB729DF81020EB7A288903
:1013200062F341039DF8142062F30003EB7294F81A
:101330008230072BCCBF0123013361F30D00CCBFFA
:1013400086F8833086F882300023288184F8843040
:10135000012070BD002070BD000C002038B52F4B5F
:1013600093F8842005461C46002A54D1012283F8B4
:10137000842000F055F820B100220023C5E90023A5
:1013800038BD94F881300133DBB2072B8CBF84F871
:10139000810084F8813094F881301B010120E35CE6
:1013A0002B7094F8813004EB03131A892B8962F3B4
:1013B0000D032B8194F8813004EB03135B686B60A1
:1013C00094F8813004EB03139B7AAB7294F881306C
:1013D00004EB0313DA7AEB7AC2F3400262F34103BF
:1013E000EB7294F8813004EB0313DA7AEB7A62F350
:1013F0000003EB7294F88110002204EB011100232A
:10140000C1E9002394F88230013B84F88230002344
:1014100084F8843038BD002038BD00BF000C0020A7
:10142000034B93F88200D0F1010038BF00207047D1
:10143000000C002013B5144662B99DF814200092E8
:101440009DF8182001921A469DF81030FFF732FFE0
:10145000204600E0012002B010BD00BF2DE9704F12
:10146000164610704FEA104A020A4FEA106842EA24
:1014700001620B0A4AEA014A4FEA114B48EA012885
:101480004FEA1169727086F802A086F80380317104
:10149000737186F806B086F80790BDE8708F00BFBC
:1014A0002DE9304F427890F8028090F805A0002591
:1014B000002314022B434FEA08424FF00009224355
:1014C00090F80080C47849EA0309002349EA030937
:1014D00003794FEA0A2548EA020890F806A0220696
:1014E00048EA020849EA0309002249EA050948EAEC
:1014F00002084FEA0A4590F807A048EA020849EABC
:10150000050948EA02084FEA0A6542EA080445EA82
:101510000905C1E90045BDE8308F00BF03684A1ED8
:1015200043FA02F2012A05D14FF0FF3202FA01F12B
:101530000B430360704700BF038810B54A1E1CB2FE
:1015400044FA02F2012A05D14FF6FF7202FA01F1C4
:101550000B43038010BD00BF2DE9F04F85B04FF65F
:10156000FF7402929DF8445001900022039347F6C5
:10157000FF701346164694465FFA82F8884516D2E5
:10158000019F37F812A00FFA84FB0FFA8AF9D945A8
:101590000FFA80FBC8BF5446C8BFC446D945B8BF80
:1015A00050464B4402F10102B8BF4646E4E709B990
:1015B000012D0BD0022D06D0032D06D0012D05D113
:1015C00093FBF1F302E003B200E023B2029A14802D
:1015D000039A10800E9A82F800C00F9A1670109A23
:1015E000136005B0BDE8F08F10B500231A46DCB2D9
:1015F0008C4204D250F8234001332244F7E71046CE
:1016000010BD00BF10B500231A46DCB28C4204D2D4
:1016100030F9134001332244F7E7104610BD00BFF4
:101620002DE9F8434B00083303F47E7300AFADEBB4
:10163000030D6B46002942D00022D4B28C4205D261
:1016400030F8124023F812400132F6E74E08002528
:1016500001F1FF3CEAB262451BDA541CE4B21046C9
:101660008C4209D233F9149033F91080C145B8BFC8
:1016700020460134E4B2F3E7904211D000B233F8CF
:10168000124033F8108023F81280B24223F8104041
:1016900006D9CA0706D5CCF3470C33F81C000FE077
:1016A0000135D7E7721ED2B233F91210013233F985
:1016B00012301944022391FBF3F188B200E008468E
:1016C00000B2BD46BDE8F88330B50023DCB29442D9
:1016D00016D2CC5C444064F0FF0440F0FF00204090
:1016E000082400F00105400825B180F4204080F076
:1016F000010080B2013C14F0FF04F2D10133E5E7B0
:1017000030BD00BF4FF47A72026241F28832426209
:1017100040F6E44282620346094AC262782100220E
:101720000270198240F6A431598240F63A410120F4
:10173000998296215870D9821A765876704700BFE0
:10174000908501002DE97343104D814600262846FF
:10175000884685F8306000F035F849460446424630
:101760002846FFF7CFFF00B14CB9012300220193B7
:101770000096412065211346FFF79CFD002420467A
:1017800085F8304002B0BDE8708300BF880C0020AF
:1017900080B483B000AF7860094B93F8303083F0A9
:1017A0000103DBB2002B01D0002303E07B68044A75
:1017B0001A60012318460C37BD465DF8047B70475C
:1017C000880C00200222C27682774FF0FF3200237D
:1017D000012142620D4AC262837603774177C37763
:1017E000036283620322C2540133102BFBD1C8234E
:1017F000038240F67233438240F6084383826423B7
:10180000C38200230376437601207047AC85010034
:10181000034602490248034A00F03CB80004002095
:10182000BC0C00202D1B0000034602490248034A5D
:1018300000F030B81C040020D00C0020751B000004
:10184000014800F0C9B800BFBC0C0020014800F0FE
:10185000C3B800BFD00C0020014800F0DFB800BFC3
:10186000BC0C0020014800F0FBB800BFBC0C0020FD
:10187000014800F0F5B800BFD00C0020014800F08E
:101880001BB900BFBC0C0020014800F015B900BF17
:10189000D00C002070B5002545749E79072E0446B3
:1018A00013D8DE791F2E10D8016082601A6842605A
:1018B0009A8882819A88C2819A79DB7943EA4213B5
:1018C0000374012500F004F86574284670BD00BF5C
:1018D00080B584B000AF78607B681B681B681846D1
:1018E00036F09CFE00BF7B681B681B68184614F02E
:1018F00035FB034683F00103DBB2002BF3D17B6899
:101900001B685A687B681B689B681046194614F070
:101910006CFC7B681B685A687B681B68DB68104638
:10192000194614F06BFC7B681B685B681846002145
:1019300014F0C2FC7B681B685A687B681B689B6854
:1019400010461946012214F0A7FC14F041FB024690
:101950007B689B891046194600F0C8F8F8607B68E0
:101960001B685A687B681B689B6810461946FA68B2
:1019700014F0A5FC7B681B6859687B681B689A6833
:101980007B681B681B69084611461A4614F078FCF0
:101990007B681B685A697B681B7C1046194614F0EB
:1019A00069FA7B681B6859687B681B689A687B6862
:1019B0009B68084611461A4614F098FC7B681B6821
:1019C0005A687B681B689B691046194614F09BFC9B
:1019D0001037BD4680BD00BF80B582B000AF7860D3
:1019E0007B685B7C83F00103DBB2002B01D000231A
:1019F00010E07B681B685A687B681B689B68104610
:101A0000194614F0E9FB7B681B685B69184614F003
:101A100045FA012318460837BD4680BD80B582B01F
:101A200000AF78607B685B7C83F00103DBB2002B46
:101A300001D0002310E07B681B685A687B681B6834
:101A40009B681046194614F0D0FB7B681B685B69E5
:101A5000184614F053FA012318460837BD4680BDD6
:101A600080B584B000AF78607B685B7C83F0010355
:101A7000DBB2002B01D0002319E07B68DA897B6898
:101A80009A8114F0A5FA02467B689B891046194694
:101A900000F02CF8F8607B681B685A687B681B684C
:101AA0009B6810461946FA6814F009FC0123184691
:101AB0001037BD4680BD00BF80B582B000AF7860F2
:101AC0007B685B7C83F00103DBB2002B00D009E074
:101AD0007B681B685A687B681B689B6910461946BF
:101AE00014F015FC0837BD4680BD00BF06EE900A15
:101AF000B8EE667A06EE901AF8EE667ADFED096ABD
:101B0000C6EEA77AC7EE277A9FED077AF4EE477AFA
:101B1000F1EE10FAC8BFF0EE477AFCEEE77A17EE66
:101B2000900A7047002474490000804F10B500F0FF
:101B300043F904460C4800F041F800F03DF9001B61
:101B400000F052F9094B1A6800EB80015F2404FB96
:101B500002126421B2FBF1F21A60054B1A6890423E
:101B600088BF186010BD00BFBC0C0020E40C002032
:101B7000E80C002010B500F01FF904460C4800F0F6
:101B80001DF800F019F9001B00F02EF9094B1A6836
:101B900000EB80015F2404FB02126421B2FBF1F22E
:101BA0001A60054B1A68904288BF186010BD00BFCC
:101BB000D00C0020EC0C0020F00C002010B50446E6
:101BC000FFF77AFF637C5BB1636803B19847A28932
:101BD000E3899A4204D02046BDE81040FFF740BF99
:101BE00010BD00BF80B582B000AFC7E90001484B0F
:101BF000002283F82B2014F0A1FA464B1B686033B7
:101C00001B6898470246444BA3FB02139B091846E6
:101C100014F0B2FA414814F099FA14F0A5FA14F04D
:101C200085FA3F4836F0FAFC00BF3D4814F096F9BB
:101C3000034683F00103DBB2002BF6D13948FF21C4
:101C400014F0D3FA3748322114F0D8FA354800217D
:101C500014F032FB3348FF21012214F01DFB314800
:101C6000FF214FF0FF3214F02AFB2E48FF2140F2F3
:101C7000044214F005FB2B48FF2114F0ADFA24496F
:101C80004FF000024FF00003C1E9002320494FF05C
:101C900000024FF00003C1E902231D4B00229A61AC
:101CA0001B494FF000024FF00003C1E90423184B19
:101CB0000022DA61164B00221A62164B1B68603351
:101CC0001B6898470246184BA3FB02139A0C104B53
:101CD0005A620F4B002283F828200D4B002283F814
:101CE00029200B4B002283F82A200949D7E9002339
:101CF000C1E90023064B012283F82820044B01226E
:101D000083F82B20012318460837BD4680BD00BF4D
:101D1000F80C002044000001D34D6210011E0000A9
:101D2000010400F00010034083DE1B4370B50D4C2E
:101D300094F82B509DB194F82A6086B1002304F1E9
:101D4000100084F82A3003F021F8042807D1D4E9E0
:101D50000423C4E90023012384F8283035462846AB
:101D600070BD00BFF80C0020044B93F82B201AB173
:101D70000121986183F8291010467047F80C002063
:101D8000014BD3E902017047F80C002006490346D5
:101D900091F82B0030B1D3E90023C1E904230123DA
:101DA00081F82A30704700BFF80C0020014B186AF8
:101DB000704700BFF80C002080B500AF084B93F8C7
:101DC0002B3083F00103DBB2002B01D0002304E0B1
:101DD0000448FF2114F07CFA0346184680BD00BF7A
:101DE000F80C002000100340044A92F82B301BB17D
:101DF000536AB0FBF3F0704718467047F80C0020A8
:101E0000104991F8283033B1D1E90023C1E9022308
:101E1000002381F8283091F829200A4B22B19A69D1
:101E2000DA61002283F82920D1E90223013243F14B
:101E30000003C1E90223CB690133CB610B6A013393
:101E40000B627047F80C002090B587B002AFF871B4
:101E5000B980BA717B80FA7907F10C0310461946F4
:101E600000F06AF8034683F00103DBB2002B01D0D7
:101E7000002309E0F868B988BA797B8897F8204090
:101E8000009400F07BF8034618461437BD4690BD19
:101E900080B584B000AF786013460A46FA70BB7014
:101EA000FA7807F10C031046194600F045F803468E
:101EB00083F00103DBB2002B06D07B6800221A609E
:101EC0007B6800221A7107E0FA687968BB780846D7
:101ED00011461A4600F0A6F878681037BD4680BD56
:101EE00080B584B000AF02460B46FA71BB80FA7928
:101EF00007F108031046194600F01EF8034683F068
:101F00000103DBB2002B04D000233B730023FB81D1
:101F100007E0BA68BB881046194600F0A9F80346E6
:101F2000FB600023BA8962F30F03FA8962F31F434F
:101F300018461037BD4680BD80B483B000AF03465D
:101F40003960FB71FB79002B02D0012B05D009E031
:101F50003B68084A1A60012305E03B68064A1A609C
:101F6000012300E0002318460C37BD465DF8047BD2
:101F7000704700BF2C3E00209C3E002073B50446F5
:101F8000FF294FF000009DF8185084F86D0007D02D
:101F900040F2FF36B14203D040F6FF76B1423FD166
:101FA00002F0F700042803D0082A01D0102A36D105
:101FB000A3F5FA6080B2B0F57A7F30D8012D2ED823
:101FC000A4F86410A4F868304FF6FF7105FB0333E2
:101FD00084F86620A4F86A1000220321013B84F8EB
:101FE0006C1084F86750227384F8602084F86120B4
:101FF00084F8622084F863209BB2214610460432A4
:10200000402A08844B8401F10401F8D16846214636
:1020100000F054F80120646084F86D0000E00020B6
:1020200002B070BD10B591F86D3004461BB9204662
:1020300000F044F81AE00F2AF9D891F8663093427C
:10204000F5D991F86730496003F001039B0143F42F
:10205000C05302F00F0243EAC21201230B720023A5
:102060000A800B73043103C984E80300204610BDC5
:1020700090F86D3082B013B98DF8043010E090F80C
:102080006720C1F30B0302FB0333B0F8682053430E
:10209000B0F86420090B013293FBF2F38DF80410C1
:1020A000ADF80630BDF80430002063F30F00BDF832
:1020B000063063F31F4002B0704700BF00220A726F
:1020C0000A8049600431034603C983E803001846C7
:1020D000704700BF73B502AD114B02681A6000244F
:1020E00005F8014D1C711E4604EB440231688B1843
:1020F000895CE2B2914201D000200EE09A782AB9C0
:102100000134022CF0D10120307106E028465978C4
:1021100001F01EFC0028F3D1EEE702B070BD00BF55
:10212000280D002037B5114B1C79002105468DF88C
:1021300007100CB9012315E00DF1070000F018F8A5
:10214000044658B19DF8073063B90DF1070001212D
:1021500000F00EF810B19DF8073003E001232B705A
:10216000002400E02B70204603B030BD280D002075
:102170002DE97741164D0446287900268DF8076031
:1021800068B12B6801EB410843449A780AB9227080
:102190001AE00DF10700597801F0DAFB08B90123C4
:1021A0000DE02B6843449B78012B04D0022B08D10F
:1021B0009DF8073003E09DF8073083F0010323709A
:1021C00002E001232370304603B0BDE8708100BFF8
:1021D000280D00202DE9704FBDF92080454CBDF839
:1021E00024B09A46C2454FF0000323707EDA072AD6
:1021F0007CD803287AD80C2978D83F4C3F4D2070E2
:102200003F48404C017040494048086001260B712E
:102210004B718E713E493F4808600B714B718E7156
:102220001846A9461946A44609EB000329F800A060
:1022300020F80C10A3F802809980A3F806B000EBF8
:102240000C031030302859809980D9802A72697225
:10225000AE72EE7229736973AE7321726172A672E7
:10226000E67221736173A67305F1100504F1100481
:10227000DAD1294B002403F14E00012500229C52A3
:102280000232182AFBD11D761A3383424FF0010126
:10229000F4D1224B4FF6FF721A805A80DA801A81ED
:1022A0009A81DA811971997219741D4B002203F118
:1022B0001E0023F8082C23F8062C23F8042C23F8FE
:1022C000022C1A7059700A338342F2D10022154D44
:1022D00014460120511954530632122A8C704FF0C3
:1022E0000103C8700871F5D1024A13701846BDE8A1
:1022F000708F00BF8C0E00208E0E0020940D0020E9
:102300008D0E0020C40D0020480D0020300D00204F
:102310008C0D0020500D0020F40D0020440E0020F4
:10232000600E0020780E0020074B1B784BB1074B46
:102330001B78834205D9064B03EB00108172012004
:1023400070470020704700BF8C0E00208E0E0020CA
:10235000940D00202DE97841144B1B7880460E46E1
:1023600013B90020BDE87881114B1B788342F8D95E
:10237000104B187815F098FC02460B4600204FF0E1
:10238000804114F077F804460D46304615F09CFC69
:1023900022462B4615F084FF0028E2D1064B03EBC2
:1023A000081301209E80BDE8788100BF8C0E0020BC
:1023B0008E0E00208D0E0020940D002010B50A4BCB
:1023C0001B787BB107280DD8084B094C1A780023DD
:1023D000D9B2914204D204EB031101330872F7E73A
:1023E000012010BD002010BD8C0E00208E0E00209C
:1023F000940D002013B5084B5B7B04460BB10D23F5
:1024000000E00F2300931021B022022300F052FCC1
:10241000204602B010BD00BF940D0020012913B565
:102420000B46044605D10F2300931E219A22022356
:1024300005E0022906D10F2200921F219D2200F003
:1024400039FC01E000F026FC204602B010BD00BFC0
:1024500013B5084B5B7B04460BB10D2300E00F2343
:10246000202100930A46022300F024FC204602B0FB
:1024700010BD00BF940D002013B50523009330213B
:1024800050220223044600F015FC204602B010BD85
:10249000012913B50B46044605D1052300933E21BF
:1024A0007A22022305E0022906D1052200923F216B
:1024B0007D2200F0FFFB01E000F0ECFB204602B0C3
:1024C00010BD00BF13B511230093522179220223BE
:1024D000044600F0EFFB204602B010BD13B5084BD8
:1024E0005B7B04460BB10D2300E00F2300936021BA
:1024F000E722022300F0DEFB204602B010BD00BF41
:10250000940D002013B50B4B1B78044613B900F053
:10251000C1FB0BE0084B1B78C3EBC3030022023363
:1025200000920221CE22DBB200F0C4FB204602B0B2
:1025300010BD00BF8C0E00208E0E002013B50F4B77
:102540001B78044613B900F0A5FB13E00C4B5A7B33
:102550000C4B1B780AB11B0103E003EBC30203EB36
:102560004203002202330092DBB220460421DC2227
:1025700000F0A0FB204602B010BD00BF8C0E002072
:10258000940D00208E0E002013B50C4B1B780446D2
:1025900013B900F07FFB0DE0094B1B7803EB4303FD
:1025A0005B000022023300920E21EA2203F0FE03B8
:1025B00000F080FB204602B010BD00BF8C0E002052
:1025C0008E0E002013B50B4B1B78044613B900F098
:1025D00061FB0BE0084B1B7803EB43030022023343
:1025E000009254216B22DBB200F064FB204602B063
:1025F00010BD00BF8C0E00208E0E00202DE9704F04
:102600002DED048B464B1B7884B005461BB928463C
:1026100000F040FB7EE0434C01232370C72363702E
:10262000414B93F80080414B93F80BA05A7A99885C
:10263000B3F806C04FEA8A1A4AEAC21A1A7A02F0B6
:1026400007024AEA020A9A7A4AEA421A1A7B4AEAD4
:10265000021A5A7B5FFA81FB4AEAC20A090A5FFA48
:102660008CF241EA0212B3F9001008EE901AB3F9A5
:10267000021009EE101A5FFA82F95FFA8AFACCF3B7
:10268000071C00262246B3EE088AF1B2414532D239
:10269000013603EB061111F8081C0729B7D8F8EE2C
:1026A000E87AA01CC7EE887A84F805C084F802A0F6
:1026B00084F803B084F8049002920193CDF80CC022
:1026C0000734FCEEE77A17EE901AF8EEC97A1F315C
:1026D000C7EE887A04F8011CFCEEE77A17EE901A30
:1026E00020312170062100F0B1FADDF80CC06070D5
:1026F000019B029AC9E70E4BC8EBC8081A6008F1A3
:102700000208002283F804805A719A7193E803004A
:1027100085E80300284604B0BDEC048BBDE8708F4B
:102720008C0E0020300D00208E0E0020940D002015
:10273000480D00202DE97043394B1B7805464BB1FD
:1027400040B1384B93F800800722022312FB083374
:10275000994202D000F0F6F95EE0841C4618B442BB
:1027600007D02046072100F08DFA07340028F6D163
:10277000F0E700262C4CB146F3B2434504F11004B7
:102780004AD2AB78DB0904F8073CAB78C3F380137B
:1027900004F8053CAB78C3F3401304F8063CAB786F
:1027A000C3F3001304F8043CAB78C3F3C00304F88C
:1027B000033CAB7803F0070304F8083C2B79EA7874
:1027C00003F00F0342EA032324F80C3C6B792A79C7
:1027D0001B0143EA121324F80A3CA8791F380001B0
:1027E00015F072FA0022114B15F0D4FA15F06CFDB9
:1027F00024F8100C15F8070F2038000115F064FAC2
:1028000000220A4B15F0C6FA15F05EFD013624F8D9
:102810000E0C04F8029CAFE70348BDE8708300BFCC
:102820008C0E00208E0E0020C40D00200000F83F0A
:102830002DE9734F434B1B787BB3434B1C78434BC1
:1028400001229B4607E05D7F103313F8036CAE4214
:1028500023D10132D2B2A242F5D39BF80D30002B26
:1028600014BF4FF010084FF0130814FB08F303F1E6
:10287000020314BF0A220C22994201920DD1344B5B
:10288000861C93F80090B2460025EAB2A24211D20B
:102890005046414600F0F6F910B900F07DF94DE0E0
:1028A0000BEB0512527B12B1B9F10A0FF5D80135C5
:1028B000C244EAE7274D4FF01A0A4FF0000904FB23
:1028C0000A5ACB46554539D00024E3B2DA070CD476
:1028D0005B0803EB430359FA83F3F218F35C507877
:1028E00000F00F0043EA00200CE0631E5B1003EBD6
:1028F0004303013359FA83F3F218F05C527800096C
:1029000040EA0210A0F5007007EE900AF8EEE77AB0
:1029100017EE900A15F0EAF900220F4B15F03AFA7B
:1029200015F0D2FC25F81400019A0134E3B2934269
:10293000CBD385F818B0C1441A35C3E7054802B0B7
:10294000BDE8708F8C0E00208E0E0020940D0020AC
:102950008D0E0020F40D00200000F83F2DE978478F
:10296000454B1B78054643B1444B93F80080062243
:10297000022312FB0833994202D000F02DF978E0CF
:10298000841C4618B44207D02046062100F07AF98C
:1029900006340028F6D1F0E70026394C4FF008093C
:1029A000B246F3B2434504F10A0462D2EB78AA7846
:1029B00003F00F0342EA032324F80A3CEB782A7958
:1029C00034F90A0C1B0943EA021324F8083CAB79DA
:1029D0006A7903F00F0342EA0323A0F5007024F89C
:1029E000063C07EE900A15F8063FF8EEE77AC3F3C7
:1029F000001317EE900A04F8023C15F077F9002254
:102A0000204B15F0C7F915F05FFC24F80A0C34F9D7
:102A1000080CA0F5007007EE900AF8EEE77A013690
:102A200017EE900A15F062F90022164B15F0B2F974
:102A300015F04AFC24F8080C34F9060CA0F50070D7
:102A400007EE900AF8EEE77A17EE900A15F04EF9C5
:102A500000220C4B15F09EF915F036FC80B224F8DC
:102A6000060C00B290FBF9F024F8040C04F801AC59
:102A700097E70348BDE878878C0E00208E0E002073
:102A8000580E00200000F83F2DE97043294B1B78B9
:102A900006464BB1284B93F800804FF00309022300
:102AA00019FB0833994202D000F0B6F83FE0841CCD
:102AB0004518AC4207D02046032100F0E3F8033468
:102AC0000028F6D1F0E7F41C1C4D09FB0866063619
:102AD0004FF000080334B44205F1060527D014F87E
:102AE000030C14F8043C00F00F0043EA0020A0F5AA
:102AF000007007EE900AF8EEE77A17EE900A15F0EC
:102B0000F5F80F4B002215F045F915F0DDFB25F81F
:102B1000060C14F8033CC3F3401305F8033C14F807
:102B2000033C05F8028C9B0905F8043CD2E70348F6
:102B3000BDE870838C0E00208E0E0020780E0020E1
:102B40000000F83F30B5124B1C78124B00204FF6B6
:102B5000FF710122C5B2A54203F1100317D223F879
:102B6000101C23F80E1C23F80C1C23F80A1C03F875
:102B7000081C03F8072C03F8062C03F8052C03F8AF
:102B8000042C03F8032C03F8022C0130E2E730BDDB
:102B90008E0E0020C40D002070B50C4B18780C4B25
:102BA00019780C4B1A2200FB0230002401258342C5
:102BB0000AD00022D6B28E4203D223F8124001324C
:102BC000F8E71D761A33F2E770BD00BF8E0E0020C5
:102BD0008D0E0020F40D00200D4B19780D4B0A20AE
:102BE00003F10A0210FB0121002201200A338B426B
:102BF0000CD023F80A2C23F8082C23F8062C23F8F1
:102C0000042C03F8022C03F8010CEFE7704700BF17
:102C10008E0E0020580E00200A4B19780A4B062011
:102C20009A1D10FB0120002201210633834208D0A7
:102C300023F8062C03F8042C03F8031C03F8021CE9
:102C4000F3E770478E0E0020780E002030B5002389
:102C500005464120DAB28A4213D2EA5C504008228B
:102C600010F0800F4FEA400418BF84F0070002F113
:102C7000FF3214BFC0B2E0B212F0FF02F0D1013354
:102C8000E8E730BD08B5FFF7E1FFD0F1010038BF3C
:102C9000002008BD064B00211960197159710121EE
:102CA0009971024693E8030082E8030010467047DA
:102CB0008C0D002038B50C4D2D78044615B9FFF762
:102CC000E9FF0EE009484270094A017013719DF84E
:102CD0001030537100231060937192E8030084E870
:102CE0000300204638BD00BF8C0E0020500D002090
:102CF0008C0D00207FB5364C002502A90DF107028E
:102D00000646029503958DF8075084F8F45000F0BC
:102D1000F9F808B9002058E09DF80730002BF9D0E9
:102D2000337823707378637004F17C00231D2A4686
:102D30001A605A609A60DA601A745A7414338342C3
:102D40004FF00001F4D101228023627584F829201C
:102D5000204A21486360029DA060022323756362BC
:102D600084F82830E1602161A561E0612162A2F16F
:102D70003003D967C3F8801008339342F9D1174B59
:102D8000002203F1200143F8042F8B424FF000058D
:102D90001A62F8D1307803A900F0E2F80028B9D01F
:102DA0000B4E039BC4F8EC303046012184F8F05000
:102DB00084F8F15084F8F25084F8F35000F0E6F80B
:102DC0000028A7D0012386F8F43004B070BD00BFFE
:102DD000900E0020C00E002000800340380F00201D
:102DE00038B50A4C94F8F430054663B120460849DA
:102DF0002A4600F0B3FA30B120462A460549BDE81C
:102E0000384000F0ABBA002038BD00BF900E002063
:102E100000800340009003402DE97841204C94F855
:102E2000F45080460E467DB3D4ED207AB8EEE77AB2
:102E3000DFED1C7AC7EE277A17EE900A14F056FFE2
:102E400002460B4612A1D1E9000114F0EFFD12A3D6
:102E5000D3E9002314F09EFF134B002214F0E6FD8B
:102E600015F05AFADFED117A07EE100A77EE277A9D
:102E7000B2EE047A67EE877AFDEEE77A17EE903AC3
:102E8000A8F80030E36F33602846BDE8788100BFC2
:102E90009A999999999905400000000000C0524004
:102EA000900E002000007A4400804B400080884350
:102EB00030B5124A92F8F430EBB11478033CE4B226
:102EC000042C15D8012505FA04F414F0130411D0CC
:102ED000D2ED227AB8EEE77ADFED097A67EE277A4B
:102EE000FDEEE77AC0ED007AD2F884200A6002E0B5
:102EF000002300E02346184630BD00BF900E00209E
:102F0000C74B8F4170B500230B60137016460278D3
:102F1000033AD2B2042A86B00D4601D9002019E046
:102F2000012404FA02F212F0130FF7D007228DF8F1
:102F300004200393084A094B029201A804938DF8D8
:102F400014408DF8154000F08DFB0028E6D00323D7
:102F50002B60347006B070BD040800F000400240E1
:102F6000072805D8DFE800F00C0C0C070C04040C53
:102F700000200860704740F6B8330B6001207047AE
:102F800040F6E4430B600120704700BF80B58CB071
:102F900000AF78600B46FB70002387F82F300023CA
:102FA00087F82E30002387F82D300023BB620023E2
:102FB0007B6200237B6100233B6100233B62002393
:102FC000FB600023FB7756E0FA7F796813469B008D
:102FD00013449B000B4410335B7983F00103DBB295
:102FE000002B00D044E0FA7F796813469B0013441D
:102FF0009B000B4408331B688B4A934203D08B4AD7
:1030000093420CD017E0FB7F87F82F307B680122BA
:1030100083F8F0207B68012283F8F2200DE0FB7F2B
:1030200087F82E307B68012283F8F1207B6801222B
:1030300083F8F32001E0002387E1FA7F79681346E3
:103040009B0013449B000B440C331B68002B0DD1D9
:10305000FA7F796813469B0013449B000B4410339E
:103060001B79082B01D900236FE101E000236CE1FB
:10307000FB7F0133FB77FB7F052BA5D97B6893F89A
:10308000F230002B02D06A4835F0C8FA7B6893F81A
:10309000F330002B02D0674835F0C0FA7B6893F814
:1030A000F230002B09D000BF614812F057FF0346F1
:1030B00083F00103DBB2002BF6D17B6893F8F33089
:1030C000002B09D000BF5B4812F048FF034683F095
:1030D0000103DBB2002BF6D17B6893F8F230002BB2
:1030E00003D05148002112F025FA7B6893F8F330A1
:1030F000002B03D04D48002112F01CFA7B6893F896
:10310000F030002B05D0484800210022032312F0A4
:1031100018FA7B6893F8F130002B05D04348002162
:103120000022032312F00DFA0023BB77BEE0BA7F22
:10313000796813469B0013449B000B4410335B7962
:1031400083F00103DBB2002B00D0ACE0BA7F7968DA
:1031500013469B0013449B000B4408331B68324A00
:10316000934203D0314A93421BD035E0BA7F79684D
:1031700013469B0013449B000B441033BA6A1A6039
:10318000BA7F796813469B0013449B000B441033AD
:103190001B79BA6A1344BB6297F82F3087F82D3039
:1031A0001CE0BA7F796813469B0013449B000B44D4
:1031B00010337A6A1A60BA7F796813469B00134409
:1031C0009B000B4410331B797A6A13447B6297F897
:1031D0002E3087F82D3001E00023B6E0BA7F796801
:1031E00013469B0013449B000B4410331B687B6108
:1031F000BA7F796813469B0013449B000B4410333D
:103200001968BA7F786813469B0013449B000344F7
:1032100010331B790B443B617B69BB613FE0BB69A9
:10322000072B09D9002390E0008003400090034061
:10323000003800F0013800F0BA7F796813469B002F
:1032400013449B000B4404331B683B62BA7F97F81E
:103250002D309A4208D13B695A1EBB699A4203D865
:103260003B6A43F020033B62BA7F796813469B00B8
:1032700013449B000B4408331968BA7F78681346DF
:103280009B0013449B0003440C331B6808461946FB
:10329000BA693B6A12F079F9BB690133BB61BA695B
:1032A0003B699A42BBD3BB7F0133BB77BB7F052B06
:1032B0007FF63DAF7B6893F8F230002B03D02548B2
:1032C000402112F0C5F97B6893F8F330002B03D04E
:1032D0002148402112F0BCF9FB78FB607B6893F831
:1032E000F230002B03D01B48F96812F0BAF97B6862
:1032F00093F8F330002B03D01748F96812F0B1F9B6
:103300007B6893F8F030002B03D01248002112F0B4
:1033100003F97B6893F8F130002B03D00E480021AD
:1033200012F0FAF87B6893F8F030002B03D00948CC
:10333000002112F0F8F87B6893F8F130002B03D0ED
:103340000548002112F0EFF8012318463037BD463A
:1033500080BD00BF008003400090034080B58CB06A
:1033600000AFF860B9607A600023BB6100237B6125
:103370000023BB62BB68574A934203D0564A93422C
:1033800007D00DE0FB68AC33FB62FB68F2337B6275
:1033900008E0FB68CC33FB62FB68F3337B6201E03F
:1033A000002392E07B6A1B78002B00F08D80B868C8
:1033B00012F05DF9034683F00103DBB2002B00F04D
:1033C0008380B8680021FA6A12F025F9002387F893
:1033D000233071E097F82320F96813469B001344CB
:1033E0009B000B4408331A68BB689A4200D05EE029
:1033F00097F82320F96813469B0013449B000B4465
:1034000010331B68BB6197F82320F96813469B00B3
:1034100013449B000B441033196897F82320F86875
:1034200013469B0013449B00034410331B790B4449
:103430007B610023BB62BB69FB610AE0FB699B0007
:10344000FA6A13441B68BA6A1344BB62FB6901330E
:10345000FB61FA697B699A42F0D397F82320F968F7
:1034600013469B0013449B000B4410331B79BA6A2C
:1034700092FBF3F3BB6297F82330FA680F33DB005B
:1034800013447A685A6097F82300FB68D3F8EC304D
:10349000BA6A02FB03F3002B01DA03F6FF731B1376
:1034A0001A46F96800F10F03DB000B449A6097F8A5
:1034B0002330013387F8233097F82330052B89D93F
:1034C000B868002112F0B7F8012318463037BD461E
:1034D00080BD00BF008003400090034080B483B0F3
:1034E00000AF78600B46FB707B6803F5A4630B4A62
:1034F0001A607B6803F224537A6802F2245211683E
:10350000FA780A431A607B6803F5A46300221A6004
:103510000C37BD465DF8047B704700BF4B434F4CF2
:1035200070B54A4C4A494B4AA1600023E2604FF013
:10353000FF0E6162A2624849484E61644FF47F42C7
:1035400084F8F431C4F810E06361A361E36184F8A6
:10355000203084F8213084F8223084F82330E2626D
:1035600023636363A36384F83C3084F83D3084F8BC
:103570003E3084F83F302664C4F848E0E3642365B5
:10358000636584F8583084F8593084F85A3084F8E8
:103590005B30E665216604F1780105466266A36644
:1035A000E366236784F8743084F8753084F87630E5
:1035B00084F8773000F062FA08B9002070BD284620
:1035C00004F1B80100F0C8FA0028F6D0284604F14A
:1035D000D00100F0E3FA0028EFD0284604F1E8011A
:1035E00000F000FB0028E8D0284604F59A7100F0AE
:1035F00063FB0028E1D0284604F5A67100F080FBAB
:103600000028DAD0284604F5A87100F08FFB0028C6
:10361000D3D0284604F5B47100F0BEFB0028CCD00E
:10362000284604F5DA7100F02BFC0028C5D004F11F
:10363000080000F04DFD0028BFD0094800F048FD0B
:103640000028BAD0012384F8F43170BD880F00201F
:10365000000400F00000034000300340030400F0C9
:10366000C80F002080B582B000AF78607B685B7CBB
:1036700083F00103DBB2002B01D00023B7E07B68AD
:103680005B68184634F0CAFF00BF7B685B68184669
:1036900012F064FC034683F00103DBB2002BF4D18B
:1036A0007B68DA687B681B7C10461946FFF716FFBB
:1036B0007B681B78082B00F2878001A252F823F068
:1036C000E5360000F7360000093700001B37000020
:1036D00047370000633700007F3700009B3700004A
:1036E000AD3700007B68DA687B681B7C10461946A2
:1036F00012F026FB6AE07B68DA687B681B7C104668
:10370000194612F02BFB61E07B68DA687B681B7C52
:103710001046194612F030FB58E07B689B6818464B
:1037200012F062FB7B68DA687B681B7C10461946E6
:1037300012F006FB7B68DA687B681B7C1046194632
:1037400012F044FB42E07B689B68184612F04CFB89
:103750007B68DA687B681B7C1046194612F036FBE2
:1037600034E07B689B68184612F03EFB7B68DA68A1
:103770007B681B7C1046194612F0D4FA26E07B6861
:103780009B68184612F030FB7B68DA687B681B7C0C
:103790001046194612F00CFB18E07B68DA687B686B
:1037A0001B7C1046194612F0AFFA0FE07B689B684D
:1037B000184612F019FB7B68DA687B681B7C1046A0
:1037C000194612F0E7FA01E0002310E07B68DA689E
:1037D0007B681B7C1046194600F038FC034683F0DA
:1037E0000103DBB2002B01D0002300E001231846C7
:1037F0000837BD4680BD00BF0C4B93F8F4219AB149
:1038000093F8B52082B1012908D004D302290BD145
:1038100003F1A00204E003F1780201E003F18C025D
:1038200093F8B41000F0ACBD00207047880F002062
:103830000C4B93F8F4219AB193F8B52082B1012989
:1038400008D004D302290BD103F1A00204E003F154
:10385000780201E003F18C0293F8B41000F0D8BDB7
:1038600000207047880F0020064A92F8F43133B1E7
:1038700092F8CC301BB10021B83200F0C9BD002055
:10388000704700BF880F0020064A92F8F43133B128
:1038900092F8E4301BB10021D03200F071BD00205D
:1038A000704700BF880F002073B5204C94F8F45186
:1038B000002306468DF806308DF807309DB394F846
:1038C000315185B394F8301109BB0DF1060004F1B4
:1038D000E80200F09DFD94F8E830032B054612D174
:1038E0000DF1070004F1FC0104F58C7200F0E2FC1C
:1038F0009DF806302840C5B20BB19DF8073003F0A3
:10390000010333700FE09DF8063033700BE00DF1CA
:10391000070004F1FC0104F58C7200F0CBFC9DF86B
:10392000073033700546284602B070BD880F00206E
:10393000064A92F8F4313BB192F8483123B10021A4
:1039400002F59A7200F01CBD00207047880F00201D
:1039500030B50B4C94F8F43183B194F864316BB109
:1039600014224A43A31893F861313BB131B902F5EF
:10397000A8722244BDE8304000F04ABD002030BDAE
:10398000880F002073B5204C94F8F45100230646AC
:103990008DF806308DF807309DB394F8B15185B39A
:1039A00094F8B01109BB0DF1060004F5B47200F0F3
:1039B0002FFD94F86831032B054612D10DF1070055
:1039C00004F5BE7104F5CC7200F074FC9DF806306D
:1039D0002840C5B20BB19DF8073003F001033370E6
:1039E0000FE09DF8063033700BE00DF1070004F591
:1039F000BE7104F5CC7200F05DFC9DF807303370A9
:103A00000546284602B070BD880F00200C4B93F885
:103A1000F4219AB193F8F12182B1012908D004D39D
:103A200002290BD103F5EE7204E003F5DA7201E02E
:103A300003F5E47293F8F01100F0A2BC0020704787
:103A4000880F00200C4B93F8F4219AB193F8F121E0
:103A500082B1012908D004D302290BD103F5EE72FB
:103A600004E003F5DA7201E003F5E47293F8F01173
:103A700000F0CEBC00207047880F002070B50023F6
:103A800081F83D3003780C46072B5ED8DFE803F061
:103A900004242424245D5D2402222D4D0A7000207C
:103AA0004D60886001232B49E16004262374637410
:103AB0002275A561E061216284F8246084F82530D4
:103AC00084F82820E5622063616384F8382084F854
:103AD000393084F83C301FE00221042200231C4DC1
:103AE0001C48217022742175012284F82410FF21C2
:103AF0006560A360E0606274A561E361206284F8A0
:103B0000252084F82810E3622363636384F8383047
:103B100084F8393084F83C202046FFF7A3FD0546A1
:103B200098B194F8253023B104F11400FFF79AFD01
:103B300058B194F8393023B104F12800FFF792FD11
:103B400018B1012384F83D3000E00025284670BDFF
:103B5000040800F00040024038B500230B750278DD
:103B6000072A0C4601D9002038BD012505FA02F2CA
:103B700012F09F0FF7D00B708B604FF04023064A76
:103B8000CB6040234A600B744D740846FFF76AFD12
:103B90000028E8D0257538BD000800F038B50023AE
:103BA0000B750278072A0C4601D9002038BD012583
:103BB00005FA02F212F09F0FF7D08B60074B084A0C
:103BC000CB6004230D704A600B744D740846FFF7F8
:103BD00049FD0028E9D0257538BD00BF00500240DE
:103BE000050800F038B5002381F849300C4601780B
:103BF000072901D9002551E0012202FA01F111F053
:103C00009F0FF7D0264D6560264DA560264DE560D7
:103C100008252574254D6561254DA5614FF47F4527
:103C2000E561244D2562032140F204452170627450
:103C30006562A36284F82C3084F82D3084F82E203D
:103C400084F82F20027952B1012A26D1022223635F
:103C50006363A363E263216484F8443006E0226373
:103C60006263A263E263216484F84420037984F8E8
:103C700048302046FFF7F6FC05460028BAD02378E6
:103C8000032B03D0012384F8493007E004F114002A
:103C900000F08EF90028F5D1ACE71D46284638BD66
:103CA000010800F0070C010000500040030400F080
:103CB000003003400013000438B500230B75027870
:103CC000072A0C4601D9002038BD012505FA02F269
:103CD00012F09F0FF7D08B60074B084ACB60802310
:103CE0000D704A600B744D740846FFF7BBFC00284A
:103CF000E9D0257538BD00BF00700040030800F012
:103D000038B500230B700278072A0C460AD8012523
:103D100005FA02F313F09F0304D000F005F810B188
:103D2000257038BD184638BD0120704738B50023CE
:103D30000B750B704B608B60CB600B744B7403780E
:103D4000072B0C4601D9002515E0012202FA03F3E6
:103D500013F09F0FF7D000F011F805460028F2D0BD
:103D6000637C13B90123237505E02046FFF77AFC35
:103D70000028F7D1E7E7284638BD00BF044B4B6069
:103D8000044BCB60012002230B744874704700BFC2
:103D9000050800F00050024038B5002381F8493092
:103DA0000C460178072901D900255AE0012202FAC0
:103DB00001F111F09F0FF7D02B4D65602B4DA560E1
:103DC0002B4DE560042525742A4D65612A4DA561BA
:103DD000FF25E561294D2562032140F2044521704C
:103DE00062746562A36284F82C3084F82D3084F804
:103DF0002E2084F82F20C278012A0BD002D38A42C9
:103E00002ED107E023636363A363E363216484F833
:103E1000443009E005220023E26303222363636345
:103E2000A363226484F84430C37803F0FD035A1E70
:103E30005342534184F848302046FFF713FC0546AF
:103E40000028B1D02378032B03D0012384F8493014
:103E500007E004F1140000F0ABF80028F5D1A3E767
:103E60001D46284638BD00BF010800F007080100C4
:103E700000500040030400F0003003401300000431
:103E800038B5002381F83D300278072A0C4601D965
:103E9000002038BD012303FA02F212F0980F02D17C
:103EA000530756D1F4E78278032A52D8DFE802F0AC
:103EB00002021E300023FF2222706360A360E360D1
:103EC000237463742275A361E361236284F8243050
:103ED00084F8253084F82820E3622363636384F840
:103EE000383084F8393084F83C3032E020252574AD
:103EF000274D28482849A5610022284D25622370B6
:103F00006060A260E16063742375E261022510E0E5
:103F10002349244AE1600221626021740022224880
:103F200022492370A26063742375A061E26121625B
:103F300020256163102184F8245084F8253084F80A
:103F40002830E062226384F8381084F8393084F82D
:103F50003C20637C1BB994F8253063B105E0204612
:103F6000FFF780FB0028F6D192E704F11400FFF779
:103F700079FB00288CD094F839302BB104F128005B
:103F8000FFF770FB002883D0012084F83D0038BD86
:103F9000050800F0040800F0004002400050024014
:103FA00000500040010800F0020800F000600040EE
:103FB00070B50246C07E002840D05468204B9C4219
:103FC00005D003F540539C4233D11E4900E01E4901
:103FD0009368B3F57F4F06D04FF6FF75AB4205D01F
:103FE000FF2B26D102E001F11C0300E00B461E6806
:103FF0001568AE421DD1DE7EDEB98D684FF6FF7CBE
:10400000654504D1CD7EB5B991F83710A9B95C608A
:1040100091689960D168D9601169196151695961D4
:10402000117E1976517E5976917E9976D27EDA7616
:1040300070BD002070BD304670BD284670BD00BF09
:1040400000000340C80F0020900F00201D4B984235
:1040500025D00DD8A3F50053984218D003F580530E
:10406000984218D0B0F1402F2AD1174B1A7821E08E
:10407000164B984217D003F58053984217D0A3F5FA
:10408000005398421CD1104B13F8042F12E00E4B32
:1040900013F8012F0EE00C4B13F8022F0AE00A4B25
:1040A00013F8032F06E0084B13F8052F02E0064B28
:1040B00013F8062F0A4203D10A431A7001207047F1
:1040C0000020704700700040880F00200050024020
:1040D00080B584B000AF78607B681B68FB607B684C
:1040E0005B68BB607B68DB7E83F00103DBB2002B87
:1040F00009D07B6893F8373083F00103DBB2002BE3
:1041000001D0012345E0F86834F088FA00BFF86870
:1041100011F024FF034683F00103DBB2002BF6D13C
:104120007B689A687B685B6A134343F0FF03B86857
:10413000194612F05AF87B68DA687B689B6A134369
:10414000B868194612F05AF87B68184600F026F84D
:10415000034683F00103DBB2002B01D0002318E0FB
:104160007B681C33184600F019F8034683F00103FE
:10417000DBB2002B01D000230BE07B689A687B68E0
:104180005B6A134343F0FF03B868194612F024F842
:10419000012318461037BD4680BD00BF80B586B0EC
:1041A00000AF786011F014FF786100233B610023B9
:1041B000FB607B68DB7E002B74D07B6859687B6872
:1041C0009A687B689B7E084611461A4612F064F88E
:1041D0007B68DB6803F00303032B13D07B68DB6889
:1041E00003F01303132B0DD07B68DB6803F44073DB
:1041F000B3F5407F06D07B68DB6803F49853B3F5D2
:10420000985F0AD17B6859687B689A687B681B69EC
:10421000084611461A4612F033F87B68DB6803F053
:104220000A030A2B06D07B68DB6803F42063B3F52E
:10423000206F37D17B685B697A69B2FBF3F33B612E
:104240003A694FF6FE739A4203D87B681B7E642B53
:1042500001D9002327E07B681B7E3A6902FB03F249
:10426000134BA3FB02135B09FB607B6859687B68F7
:104270009A687B685B7E084611461A4611F0F0FF8B
:104280007B685A687B689B68104619463A6912F049
:1042900016F87B685A687B689B6810461946FA686E
:1042A00012F01BF8012318461837BD4680BD00BF29
:1042B0001F85EB5180B588B000AFF860B9607A60B7
:1042C000BB68DB7E83F00103DBB2002B01D000234F
:1042D00050E00023BB610023FB61FDF76DFD7861B9
:1042E0007B681B687A69D31A1846FDF77DFD386133
:1042F0007B681B694FF47A7202FB03F23B699A42B6
:1043000033D8BB685A68BB689B681046194611F0E1
:10431000DFFFB861BB68DB6803F08063002B06D069
:104320007B685B68BA69D31A9BB2FB6104E07B6867
:104330005B68BA69D31AFB61FB69104A02FB03F29E
:104340003B69B2FBF3F27B689A607B68DA68FB69D1
:104350009A428CBF00230123DAB27B681A757B680E
:104360007A691A607B68BA695A607B681A7DFB6853
:104370001A70012318462037BD4680BD40420F0009
:1043800080B584B000AF0B463A600246FA71BB714B
:104390000023FB733B685B7C83F00103DBB2002BE3
:1043A00001D000232FE0FB79002B05D0BB7983F0EF
:1043B0000103DBB2002B08D1FB7983F00103DBB2F0
:1043C000002B04D0BB79002B01D0012300E0002397
:1043D000FB73FB7B03F00103FB73FB7B002B02D021
:1043E0003B681B7C03E03B681B7CDB43DBB2BB739D
:1043F0003B68D9683B681A7CBB7B084611461A4665
:1044000011F07FFC012318461037BD4680BD00BF68
:1044100080B586B000AFF8600B467A60FB727B68AF
:104420005B7C83F00103DBB2002B01D0002326E08C
:104430007B68DA687B681B7C1046194611F05EFCCD
:104440000346002B0CBF00230123FB75FB7A002BD6
:104450000CD0FB7D002B0CBF00230123DBB283F0CB
:104460000103DBB203F00103DBB205E0FB7D002BAF
:104470000CBF00230123DBB2FA6813700123184636
:104480001837BD4680BD00BF13B5002302288DF844
:10449000073001D9002021E0012804D002280CBFF8
:1044A0000224002400E00446012902D0022903D09E
:1044B0000FE08DF807100CE00DF107002146FFF723
:1044C000B7F90028E6D09DF8073083F001038DF896
:1044D00007309DF807002146FFF78EF902B010BDA6
:1044E00013B5002302288DF8073001D9002021E000
:1044F000012804D002280CBF0224002400E0044656
:10450000012902D0022903D00FE08DF807100CE03A
:104510000DF107002146FFF795FA0028E6D09DF837
:10452000073083F001038DF807309DF8070021461E
:10453000FFF76CFA02B010BD08B500F047FE042882
:1045400007D101F051F9042803D101F075F90428CD
:1045500003D0BDE8084001F023B908BD80B584B0A0
:1045600002AF78600B467B80194B1B7883F0010308
:10457000DBB2002B01D0032326E07B889B00B3F540
:10458000006F01DD01231FE0124B1B78002B0DD0C3
:104590007B88002200920022019235204FF4A07106
:1045A0001A460023FCF786FE02230DE0094B012288
:1045B0001A707B889B0078681946042233F040FF0C
:1045C000044B00221A70042318460837BD4680BDEC
:1045D000811100208011002080B586B002AF786084
:1045E0000B467B800423FB73244B1B7883F0010371
:1045F000DBB2002B01D003233CE07B889B00B3F5AA
:10460000006F01DD012335E01D4B1B78002B0DD021
:104610007B88002200920022019235204FF4B47171
:104620001A460023FCF746FE022323E0144B012226
:104630001A707B889B0007F1080210461946042275
:1046400033F0FEFEBA687B689A420DD07B889B00EF
:104650003A1D10461946042233F012FF0346002B80
:1046600004D00023FB7301E00423FB73044B0022FE
:104670001A70FB7B18461037BD4680BD81110020A3
:104680008011002000F020BE1FB5044601A90120C2
:104690000C2200F025FE042802D001F081F80AE087
:1046A0009DF8042022719DF805206271029A2280F3
:1046B000BDF80C20628004B010BD00BF1FB50446D9
:1046C00001A901200C2200F00BFE042811D123794E
:1046D0008DF8043063798DF805302388029301202A
:1046E0006388ADF80C3001A90C2200F04FFE0428BD
:1046F00002D001F055F8FFE704B010BD1FB5044625
:1047000001A900200C2200F0EBFD042802D001F0EA
:1047100047F80BE09DF804206271BDF80C20228060
:10472000BDF8082062809DF80B20227104B010BDF6
:104730001FB5044601A900200C2200F0D1FD042879
:1047400012D163798DF804302388ADF80C3063887A
:10475000ADF80830002023798DF80B3001A90C2228
:1047600000F014FE042802D001F01AF8FFE704B0AC
:1047700010BD00BF1FB5044601A900200C2200F0A7
:10478000AFFD042802D001F00BF802E09DF80E20E6
:10479000227004B010BD00BF1FB5044601A900205F
:1047A0000C2200F09DFD042809D123788DF80E30ED
:1047B000002001A90C2200F0E9FD042802D000F03D
:1047C000EFFFFFE704B010BD1FB5044601A90020AC
:1047D0000C2200F085FD042802D000F0E1FF06E085
:1047E0009DF80A20D2B2032A88BF0022227004B0AA
:1047F00010BD00BF1FB5044601A900200C2200F027
:104800006FFD042809D123788DF80A30002001A912
:104810000C2200F0BBFD042802D000F0C1FFFFE72E
:1048200004B010BD1FB5044669460820102200F0F0
:1048300057FD042802D000F0B3FF01E0029A226085
:1048400004B010BD1FB5044669460820102200F0D0
:1048500047FD042808D123680293082069461022E6
:1048600000F094FD042802D000F09AFFFFE704B0A6
:1048700010BD00BF1FB5044669460820102200F095
:104880002FFD042802D000F08BFF05E0BDF80E20BC
:104890002280BDF80C20628004B010BD1FB5044614
:1048A00069460820102200F01BFD04280CD1238843
:1048B000ADF80E3008206388ADF80C306946102240
:1048C00000F064FD042802D000F06AFFFFE704B0A6
:1048D00010BD00BF13B5082204466946092000F048
:1048E000FFFC042802D000F05BFF0BE0BDF80620BF
:1048F000E280BDF802206280BDF80420A280BDF8ED
:104900000020228002B010BD13B50822044669467B
:10491000092000F0E5FC042812D1E388ADF8063048
:104920006388ADF80230A388ADF8043009202388ED
:10493000ADF800306946082200F028FD042802D0B6
:1049400000F02EFFFFE702B010BD00BF13B5082234
:10495000044669460A2000F0C3FC042802D000F097
:104960001FFF0BE0BDF80620E280BDF80220628048
:10497000BDF80420A280BDF80020228002B010BD46
:1049800013B50822044669460A2000F0A9FC042851
:1049900012D1E388ADF806306388ADF80230A38801
:1049A000ADF804300A202388ADF8003069460822AB
:1049B00000F0ECFC042802D000F0F2FEFFE702B0A9
:1049C00010BD00BF13B50822044669460B2000F055
:1049D00087FC042802D000F0E3FE0BE0BDF80620BF
:1049E000E280BDF802206280BDF80420A280BDF8FC
:1049F0000020228002B010BD13B50822044669468B
:104A00000B2000F06DFC042812D1E388ADF80630CD
:104A10006388ADF80230A388ADF804300B202388FA
:104A2000ADF800306946082200F0B0FC042802D03E
:104A300000F0B6FEFFE702B010BD00BF13B50822BC
:104A4000044669460C2000F04BFC042802D000F01C
:104A5000A7FE0BE0BDF80420A280BDF80220628012
:104A6000BDF80620E280BDF80020228002B010BD13
:104A700013B50822044669460C2000F031FC0428D6
:104A800012D1A388ADF804306388ADF80230E38812
:104A9000ADF806300C202388ADF8003069460822B6
:104AA00000F074FC042802D000F07AFEFFE702B0A8
:104AB00010BD00BF13B50822044669460D2000F062
:104AC0000FFC042802D000F06BFE08E0BDF80420C3
:104AD000A280BDF802206280BDF80020228002B0D2
:104AE00010BD00BF13B50822044669460D2000F032
:104AF000F7FB04280FD1A388ADF804306388ADF824
:104B000002300D202388ADF800306946082200F0FD
:104B10003DFC042802D000F043FEFFE702B010BDC8
:104B20001FB5044601A900200C2200F0D9FB04287F
:104B300002D000F035FE02E09DF80F20227004B094
:104B400010BD00BF1FB5044601A900200C2200F0D3
:104B5000C7FB042809D123788DF80F30002001A964
:104B60000C2200F013FC042802D000F019FEFFE72D
:104B700004B010BD13B50822044669460F2000F0AA
:104B8000AFFB042802D000F00BFE11E09DF80020DE
:104B900022709DF80320E2709DF80220A2709DF81B
:104BA000052062719DF8042022719DF80120627039
:104BB00002B010BD13B50822044669460F2000F06C
:104BC0008FFB042818D123788DF80030E3788DF816
:104BD0000330A3788DF8023063798DF8053023799E
:104BE0008DF804300F2063788DF801306946082273
:104BF00000F0CCFB042802D000F0D2FDFFE702B0A9
:104C000010BD00BF13B5082204466946102000F00D
:104C100067FB042802D000F0C3FD08E0BDF80020C7
:104C20002280BDF802206280BDF80420A28002B07C
:104C300010BD00BF13B5082204466946112000F0DC
:104C40004FFB042802D000F0ABFD13E0BDF80020BC
:104C50002280BDF80220A2809DF80420E280BDF8E9
:104C600000109DF8052052B202EB8202520012FAA7
:104C700081F2628002B010BD13B508220446694675
:104C8000112000F02DFB042818D1A2882388ADF84C
:104C90000220E2888DF80420B4F90220ADF800303B
:104CA0001BB2D31A0A2293FBF2F3112069460822A1
:104CB0008DF8053000F06AFB042802D000F070FD8A
:104CC000FFE702B010BD00BF13B5082204466946D5
:104CD000112000F005FB042802D000F061FD02E085
:104CE000BDF80620228002B010BD00BF13B5082217
:104CF00004466946112000F0F3FA042809D12388FC
:104D0000ADF8063011206946082200F03FFB042868
:104D100002D000F045FDFFE702B010BD13B50C4B0B
:104D20005A7804460AB9002009E01A78132AFAD8FA
:104D300012206946082300F0CFFB042802D000F0BF
:104D40002FFD03E0DDE90023C4E9002302B010BD1C
:104D50008811002010B50C4B0146587878B11C78AA
:104D6000621CD2B2132A88BF00221A701A7812204D
:104D7000082300F049FC042805D0034B1C70BDE853
:104D8000104000F00DBD10BD8811002010B5A8B076
:104D9000044669461220A02200F0A2FA042811D18C
:104DA000D4E90023ADF1080126A8E1E902238142FC
:104DB000FBD112206946A02200F0E8FA042801D1B4
:104DC00000F012FD28B010BD10B590B00446694641
:104DD0001420402200F084FA042802D000F0E0FC05
:104DE0000BE0002310A901EB430232F8402C24F819
:104DF00013200133202BF5D1042010B010BD00BFCB
:104E000010B590B0044669461420402200F068FABC
:104E100004280CD10022A35A2DF802300232402A75
:104E2000F9D11420694600F0B1FA042802D000F04C
:104E3000B7FCFFE710B010BD10B590B0044669464E
:104E40001520402200F04CFA042802D000F0A8FC03
:104E50000BE0002310A901EB430232F8402C24F8A8
:104E600013200133202BF5D1042010B010BD00BF5A
:104E700010B590B0044669461520402200F030FA83
:104E800004280CD10022A35A2DF802300232402A05
:104E9000F9D11520694600F079FA042802D000F013
:104EA0007FFCFFE710B010BD10B590B00446694616
:104EB0001620402200F014FA042802D000F070FC02
:104EC0000BE0002310A901EB430232F8402C24F838
:104ED00013200133202BF5D1042010B010BD00BFEA
:104EE00010B590B0044669461620402200F0F8F94B
:104EF00004280CD10022A35A2DF802300232402A95
:104F0000F9D11620694600F041FA042802D000F0D9
:104F100047FCFFE710B010BD10B590B004466946DD
:104F20001720402200F0DCF9042802D000F038FC01
:104F30000BE0002310A901EB430232F8402C24F8C7
:104F400013200133202BF5D1042010B010BD00BF79
:104F500010B590B0044669461820402200F0C0F910
:104F6000042802D000F01CFC0BE0002310A901EB88
:104F7000430232F8402C24F813200133202BF5D1C2
:104F8000042010B010BD00BF13B50C4B5A78044676
:104F90000AB9002009E01A78092AFAD819206946C6
:104FA000082300F099FA042802D000F0F9FB03E08E
:104FB000DDE90023C4E9002302B010BD8C110020FC
:104FC00010B50C4B0146587878B11C78621CD2B2EF
:104FD000092A88BF00221A701A781920082300F0C5
:104FE00013FB042805D0034B1C70BDE8104000F0F3
:104FF000D7BB10BD8C11002010B594B00446694693
:105000001920502200F06CF9042811D1D4E90023B2
:10501000ADF1080112A8E1E902238142FBD1192078
:105020006946502200F0B2F9042801D100F004FCD6
:1050300014B010BD10B586B0044601A91F2014227B
:1050400000F04EF9042802D000F0AAFB08E09DF819
:105050000A2022709DF80B2062709DF80C20A2702F
:1050600006B010BD10B586B0044601A91F20142259
:1050700000F036F904280FD123788DF80A306378D0
:105080008DF80B301F20A3788DF80C3001A9142265
:1050900000F07CF9042802D000F082FBFFE706B0A4
:1050A00010BD00BF10B586B0044601A91F20142210
:1050B00000F016F9042802D000F072FB14E09DF80D
:1050C000042022709DF8052062709DF80820A270CF
:1050D0009DF80D20E2709DF80F2022719DF81020A0
:1050E00062719DF81420A27106B010BD10B586B093
:1050F000044601A91F20142200F0F2F804281BD155
:1051000023788DF8043063788DF80530A3788DF816
:105110000830E3788DF80D3023798DF80F306379FE
:105120008DF810301F20A3798DF8143001A91422B6
:1051300000F02CF9042802D000F032FBFFE706B0A3
:1051400010BD00BF10B586B0044601A91F2014226F
:1051500000F0C6F8042802D000F022FB0EE09DF813
:10516000062022709DF8072062709DF81220A27020
:105170009DF81320E2709DF81620227106B010BD34
:1051800010B586B0044601A91F20142200F0A8F82B
:10519000042815D123788DF8063063788DF8073010
:1051A000A3788DF81230E3788DF813301F2023791F
:1051B0008DF8163001A9142200F0E8F8042802D076
:1051C00000F0EEFAFFE706B010BD00BF80B582B078
:1051D00000AF3A4B1B78002B01D004236AE038481B
:1051E00033F01CFA00BF364810F0B8FE034683F0D7
:1051F0000103DBB2002BF6D133F002F90346002B9A
:1052000001D0002356E00023FB8000237B7144E0A3
:105210007A792C4913465B0013445B000B441B78DE
:105220007A799A4222D17A79264913465B0013444F
:105230005B000B445B88FA889A4217D87A79214937
:1052400013465B0013445B000B449B8803F003038D
:105250009BB2002B0AD17A791A4913465B0013449A
:105260005B000B449B88B3F5FA7F01D9002321E052
:105270007A79144913465B0013445B000B44598848
:105280007A79104813465B0013445B0003449B8803
:105290000B44FB807B7901337B717B791F2BB7D962
:1052A000FB88B3F5006F01D9002303E0034B012213
:1052B0001A70042318460837BD4680BD81110020AE
:1052C000005800F0C885010080B500AF10F024FC44
:1052D0000346002B01D0002300E00423184680BDC4
:1052E00080B586B002AF0346B9607A60FB73244B89
:1052F0001B7883F00103DBB2002B01D003233AE0DB
:10530000FA7B204913465B0013445B000B449B88E7
:105310001A467B689A4201D001232CE01A4B1B7875
:10532000002B0CD0FB7B0022009200220192352042
:1053300040F60D410022FBF7BDFF02231BE0124B9C
:1053400001221A70FA7B0F4913465B0013445B007D
:105350000B445B881946FA7B0A4813465B001344EA
:105360005B0003449B88B8681A4633F069F8064B23
:1053700000221A70042318461037BD4680BD00BFB6
:1053800081110020C88501008011002080B58AB0FD
:1053900002AF0346B9607A60FB730423FB77BB68F6
:1053A0007B610023BB77484B1B7883F00103DBB2A2
:1053B000002B01D0032383E0FA7B444913465B00B2
:1053C00013445B000B449B881A467B689A4201D0C9
:1053D000012375E0FA7B3D4913465B0013445B00F3
:1053E0000B449B88B3F5FA7F01D9002368E0384B62
:1053F0001B78002B0CD0FB7B002200920022019234
:10540000352040F63A410022FBF754FF022357E0D3
:105410002F4B01221A70FA7B2C4913465B00134470
:105420005B000B445B881946FA7B284813465B00F7
:1054300013445B0003449B8826481A4633F000F867
:105440000023BB610FE0234ABB6913441A787969D2
:10545000BB690B441B789A4202D00123BB770EE054
:10546000BB690133BB61FA7B184913465B001344E7
:105470005B000B449B881A46BB699A42E3D8BB7F0A
:10548000002B19D0FA7B114913465B0013445B00D3
:105490000B445B881946FA7B0C4813465B001344A7
:1054A0005B0003449B88B8681A4632F0E9FF034664
:1054B000002B01D00023FB77054B00221A70FB7FE5
:1054C00018462037BD4680BD81110020C8850100E7
:1054D000801100209011002080B588B002AFB96023
:1054E0007B600346FB731346BB7304237B75424BFF
:1054F0001B7883F00103DBB2002B01D0032377E09C
:105500003E4B1B78002B0CD0FB7B0022009200222C
:105510000192352040F673410022FBF7CBFE0223B7
:1055200066E0364B01221A70FB7B192B1CD01B2B1B
:1055300034D0122B4DD1BB7B132B01D901237B75AA
:10554000A0222F4BA3FB02131B099BB21A467B68B8
:105550009A4201D001237B75F822BB7B9BB2DB0012
:105560009BB21344FB8236E0BB7B092B01D901239C
:105570007B755022224BA3FB0213DB089BB21A4619
:105580007B689A4201D001237B754FF44672BB7B46
:105590009BB2DB009BB21344FB821CE0BB7B182B4D
:1055A00001D901237B754FF4C872164BA3FB02137C
:1055B000DB089BB21A467B689A4201D001237B75B7
:1055C0004FF45C72BB7B9BB21B019BB21344FB820A
:1055D00001E001237B757B7D042B05D1FB8AB86834
:1055E00019467A6832F02CFF044B00221A707B7D3A
:1055F00018461837BD4680BD81110020801100205B
:10560000CDCCCCCC1F85EB5180B58AB002AFB96050
:105610007B600346FB731346BB730423FB77BB68B5
:105620003B610023FB76594B1B7883F00103DBB20F
:10563000002B01D00323A5E0554B1B78002B0CD089
:10564000FB7B0022009200220192352040F6CD41E2
:105650000022FBF72FFE022394E04D4B01221A702B
:10566000FB7B192B1CD01B2B34D0122B4DD1BB7BB9
:10567000132B01D90123FB77A022464BA3FB021376
:105680001B099BB21A467B689A4201D00123FB7723
:10569000F822BB7B9BB2DB009BB21344BB8336E09A
:1056A000BB7B092B01D90123FB775022394BA3FB8C
:1056B0000213DB089BB21A467B689A4201D0012391
:1056C000FB774FF44672BB7B9BB2DB009BB213446B
:1056D000BB831CE0BB7B182B01D90123FB774FF464
:1056E000C8722D4BA3FB0213DB089BB21A467B68E2
:1056F0009A4201D00123FB774FF45C72BB7B9BB2D3
:105700001B019BB21344BB8301E00123FB777B6841
:10571000B3F5FA7F01D9002334E0FB7F042B05D1D8
:10572000BB8B1E4819467A6832F08AFE00237B61E3
:105730000FE01A4A7B6913441A7839697B690B4474
:105740001B789A4202D00123FB7606E07B69013385
:105750007B617A697B689A42EBD3FB7F042B0DD186
:10576000FB7E002B0AD0BB8BB86819467A6832F0F2
:1057700087FE0346002B01D00023FB77044B002259
:105780001A70FB7F18462037BD4680BD811100206E
:1057900080110020CDCCCCCC1F85EB519011002086
:1057A00003281ED8DFE800F0020910170D4B1A7805
:1057B000FF2A16D001321A7070470A4B5A78FF2A16
:1057C0000FD001325A707047064B9A78FF2A08D0E2
:1057D00001329A707047034BDA78FF2A1CBF0132FE
:1057E000DA7070478411002070B5A8B012206946A5
:1057F000A022FFF775FD042819D1002425460022B8
:10580000002328A901EBC40656E928018B4208BFF2
:1058100082425FFA84FC02D256E9282365460134AD
:10582000142CEED1034B01221D705A70042028B0B5
:1058300070BD00BF8811002070B594B01920694672
:105840005022FFF74DFD042819D1002425460022DF
:10585000002314A901EBC40656E914018B4208BFCA
:1058600082425FFA84FC02D256E914236546013471
:105870000A2CEED1034B01221D705A70042014B083
:1058800070BD00BF8C1100202DE97041D94E85B04C
:105890000024347100F0C4F9012502462346332167
:1058A0000095019402953620FBF7C4FD804600F078
:1058B000CBF9022302468DE83800342123463620F6
:1058C000FBF7B8FD00EA08005FFA80F800F0DEF9A7
:1058D000032302468DE83800352123463620FBF7A6
:1058E000A9FD08EA000800F0D3F904230246362097
:1058F0008DE8380001462346FBF79CFD08EA0008C6
:1059000000F0DCF9052302468DE8380037212346F4
:105910003620FBF78FFD08EA000800F0EFF90623B8
:1059200002468DE83800382123463620FBF782FDF9
:1059300008EA000800F00EFA072302468DE8380056
:10594000392123463620FBF775FD08EA000800F0F0
:1059500029FA082302468DE838003A2123463620EA
:10596000FBF768FD08EA000800F044FA0923024644
:105970008DE838003B2123463620FBF75BFD08EA23
:10598000000800F07DFA0A2302468DE838003C2129
:1059900023463620FBF74EFD08EA000800F0AAFA7D
:1059A0000C2302468DE838003D2123463620FBF7C4
:1059B00041FD08EA000800F0C3FA0D2302468DE815
:1059C00038003E2123463620FBF734FD08EA000864
:1059D00000F0CEFA0E2302468DE838003F21234620
:1059E0003620FBF727FD08EA000800F0DDFA0F2358
:1059F00002468DE83800402123463620FBF71AFD89
:105A000008EA000800F008FB102302468DE8380081
:105A1000412123463620FBF70DFD08EA000800F07F
:105A2000FDFA112302468DE8380042212346362034
:105A3000FBF700FD08EA000800F00CFB1223024609
:105A40008DE83800432123463620FBF7F3FC08EAB3
:105A5000000800F043FB1C2302468DE83800442177
:105A600023463620FBF7E6FC08EA000800F038FB86
:105A70000B2302468DE83800452123463620FBF7EC
:105A8000D9FC08EA000800F02DFB132302468DE83C
:105A90003800462123463620FBF7CCFC08EA0008F4
:105AA00000F022FB172302468DE8380047212346E9
:105AB0003620FBF7BFFC08EA000800F01FFB1823A4
:105AC00002468DE83800482123463620FBF7B2FC19
:105AD00008EA000800F01CFB142302468DE8380099
:105AE000492123463620FBF7A5FC08EA000800F010
:105AF00065FB152302468DE838004A2123463620EF
:105B0000FBF798FC08EA000800F086FB1623024623
:105B10008DE838004B2123463620FBF78BFC08EA42
:105B2000000800F00DFC1A2302468DE838004C21D5
:105B300023463620FBF77EFC08EA000800F002FC52
:105B4000192302468DE838004D2123463620FBF705
:105B500071FC08EA000800F0F7FB1B2302468DE801
:105B600038004E2123463620FBF764FC08EA000883
:105B700000F0ECFB1E2302468DE838004F2123463F
:105B80003620FBF757FC08EA000800F0FDFC1D2357
:105B900002468DE83800502123463620FBF74AFCA8
:105BA00008EA000800F0F2FC1F23024651218DE8AC
:105BB000380036202346FBF73DFC08EA0008304653
:105BC00000F0C6FB08EA0008B01C00F0BDFC08EAC3
:105BD0000008304600F0CCFCFF2302468DE8380078
:105BE0005C2123463620FBF725FC08EA00003571CE
:105BF00002E000BF8413002005B0BDE8708100BF43
:105C0000024B1A8802801879704700BF8413002065
:105C1000024B5A8802801879704700BF8413002015
:105C200007B56846FFF78EFA042808D19DF80300EF
:105C30000138C0B202288CBF0020012000E0002003
:105C400003B05DF804FB00BF07B501A8FFF7F2F948
:105C5000042817D19DF805009DF80430032898BF4B
:105C6000002B9DF80630A3F10302D2B214BF00202E
:105C70000120012A03D9DA1F5342534100E00123D6
:105C8000184000E0002003B05DF804FB01207047DD
:105C900007B56846FFF706FA04280AD19DF8020006
:105CA0009DF80530012898BF032B8CBF00200120F0
:105CB00000E0002003B05DF804FB00BF07B56846B4
:105CC000FFF762F9042812D1DDE90023B3F1FF3FA9
:105CD00008BFB2F1FF3F0CD1002300226846CDE996
:105CE0000023FFF789F9031F5842584102E00020C2
:105CF00000E0012003B05DF804FB00BF1FB501A860
:105D000007F070F908B302A8FEF7E4FD04281CD1DF
:105D1000BDF90E30B3F57A7F17DC019AB2F93A106B
:105D2000994212DDBDF90A1099420EDABDF9083028
:105D30008B420ADABDF90C00984206DAB2F93C301F
:105D4000834202DAC043C00F00E0002005B05DF8D6
:105D500004FB00BF1FB501A807F044F9F0B102A889
:105D6000FEF7F4FD042819D1019ABDF90E10B2F91D
:105D700026308B4212DDBDF90A308B420EDABDF9B6
:105D8000081099420ADABDF90C308B4206DAB2F9F2
:105D900028009842ACBF0020012000E0002005B0A0
:105DA0005DF804FB1FB501A807F01CF9F0B102A8CB
:105DB000FEF708FE042819D1019ABDF90E10B2F9B8
:105DC00026308B4212DDBDF90A308B420EDABDF966
:105DD000081099420ADABDF90C308B4206DAB2F9A2
:105DE00028009842ACBF0020012000E0002005B050
:105DF0005DF804FB7FB501A807F0F4F808B90020AE
:105E00003BE004A8FEF71AFE0428F8D102A8FEF72A
:105E100051FE0428F3D1BDF90830BDF910108B42B2
:105E200017DDBDF912208A4213DABDF914308B4216
:105E30000FDA0199B1F9120082420ADD834208DDCE
:105E4000B1F916108A4204DD8B42D4BF002301232E
:105E500000E00023BDF90C10BDF9162091420ADDC7
:105E6000BDF91210914206DCBDF914009042CCBF7E
:105E70000020012000E00020184007B05DF804FB7E
:105E80007FB501A807F0AEF808B900202EE002A8FF
:105E9000FEF710FE0428F8D104A8FEF7CFFD042871
:105EA000F3D1019BBDF90A20B3F9101091420EDD28
:105EB000B3F9143093420ADDBDF90830934206DA93
:105EC000BDF910109942ACBF0023012300E000236C
:105ED000BDF91610BDF90C00814204DA9042CCBF26
:105EE0000022012200E0002202EA030007B05DF870
:105EF00004FB00BF07B56846FEF710FF042818D161
:105F0000DDE9002312F1FF3243F1FF336FF00200AD
:105F10004FF0FF31994208BF90420CD2002301227A
:105F20006846CDE90023FEF731FF031F5842584170
:105F300002E0002000E0012003B05DF804FB00BF98
:105F400007B501A807F04EF808B900200CE00DF1E4
:105F50000300FEF7E5FD0428F7D1019B9DF803003F
:105F60001B78C31A5842584103B05DF804FB00BFC8
:105F700007B50DF10700FEF7FDFB04280FD19DF8D2
:105F80000730FF2B4FF001000AD18DF807000DF10B
:105F90000700FEF701FC031F5842584100E00020B3
:105FA00003B05DF804FB00BF1FB5684607F01AF8A0
:105FB00008B900202CE002A8FEF7DCFD0428F8D187
:105FC00001A8FEF757FC0428F3D100999DF80A2098
:105FD0004B68534383EAE370A0EBE3708B68534351
:105FE000002BB8BF5B42834228BF03460A21B3FBA4
:105FF000F1F342F21072934203D8632B98BF6423EB
:1060000000E01346BDF8040098428CBF0020012038
:1060100005B05DF804FB00BF0120704707B5684676
:1060200006F0E0FF88B101A8FEF7FCFB04280CD1C4
:106030009DE80C00B2F94A108B4206D8B2F94C0028
:10604000834234BF0020012000E0002003B05DF84F
:1060500004FB00BF07B56846FEF78CFD042839D164
:106060009DF800209DF802309DF80400511E013B70
:10607000C9B2DBB21B2998BF3B2B9DF803308CBF04
:1060800000210121012B14BF002101F001019DF825
:106090000130043BDBB20138082B8CBF002301F038
:1060A0000103C0B207288CBF002003F001009DF857
:1060B0000530591EC9B21B2909D8B2FBF3F103FB05
:1060C0001123DBB2D3F1010338BF002300E000232A
:1060D000184000E0002003B05DF804FB0120704789
:1060E000012070470120704707B56846FEF706FBA0
:1060F000031F5842584103B05DF804FB07B56846DA
:10610000FEF7C2FA031F5842584103B05DF804FB82
:1061100010B586B06846FEF78DFD042801D000203A
:106120004AE002A8FEF712FC0428F8D104A8FEF702
:1061300049FC0428F3D1BDF90010BDF9043099429F
:1061400006DABDF902009842ACBF0020012000E051
:106150000020BDF90620BDF90E40092AD4BF002059
:1061600000F001009C420EDDBDF916409C420ADDA4
:106170008C18A34207DDBDF902401444A342D4BFEA
:106180000023012300E00023BDF90A401144A1428D
:1061900003EA00030DDCBDF902000244A24208DC60
:1061A000BDF91240A14204DCA242CCBF0022012270
:1061B00000E0002203EA020006B010BD13B501A8FA
:1061C000FBF7E6FA044608B9002422E00DF10200CC
:1061D000FEF77AFD0428F7D1BDF802300A225A43AF
:1061E000019B196A8A4205D3596A8A428CBF0022F0
:1061F000012200E0002262B99A6A0A23B2FBF3F39B
:106200000DF10200ADF80230FEF770FD031F5C4295
:106210005C41204602B010BD2DE9F04FD7B005A873
:1062200006F0E0FE08B9002087E00DF1180A50469C
:10623000FEF7CAFD0428F6D116AD2846FEF7FCFD90
:106240000428F0D10DF198094846FEF72DFE0428E8
:10625000E9D136A8FEF760FE0428E4D146A8FEF78F
:1062600077FE0428DFD1DDF814B0BBF84A20019294
:10627000012412B20023A046264603923AF90320D5
:10628000002A04DA4FF000072AF8037006E0B2F59E
:106290007A7F04DD4FF47A722AF803200026E95E43
:1062A000BBF8462047F6FF77B94210D0022710B25C
:1062B00090FBF7FC1FFA8CF78C45029701DDEF523B
:1062C00006E000EB4000814204DD02EB4202EA52AC
:1062D0004FF0000839F90310039A914201DD019A49
:1062E00004E0BBF84C2010B2814202DA29F8032006
:1062F00000240233402BC1D12EB95046FEF780FD59
:10630000011F4E424E41B8F1000F07D12846FEF75B
:10631000AFFD021FD2F1000858EB02082CB9484625
:10632000FEF7DEFD031F5C425C4126B1B8F1000FB1
:1063300014BF2646002606F0010057B0BDE8F08FD6
:1063400001207047012070470120704701207047ED
:1063500030B5002395B00380044608A8FEF7A2FEDE
:10636000042801D00020ECE00AA8FEF7B3FA0428C4
:10637000F8D10CA8FEF7EAFA0428F3D10EA8FEF72C
:1063800021FB0428EED110A8FEF758FB0428E9D120
:1063900004A8FEF78FFB0428E4D10DF10700FEF7F7
:1063A000BFFB0428DED102A8FEF764FA0428D9D185
:1063B00003A8FEF737FA0428D4D106A8FEF7DAFBC3
:1063C0000428CFD112A8FEF735FC04280546C9D110
:1063D0000DF1220101222088FBF776F90DF12E0143
:1063E00002222080FBF770F90BA902222080FBF724
:1063F0006BF90DF12A0102222080FBF765F90AA949
:1064000002222080FBF760F90DF136010222208084
:10641000FBF75AF90DA902222080FBF755F90DF17F
:10642000320102222080FBF74FF90CA902222080C2
:10643000FBF74AF90DF13E0102222080FBF744F9F7
:106440000FA902222080FBF73FF90DF13A01022249
:106450002080FBF739F90EA902222080FBF734F9DE
:106460000DF1460102222080FBF72EF911A902222C
:106470002080FBF729F90DF1420102222080FBF771
:1064800023F910A902222080FBF71EF905A9022298
:106490002080FBF719F90DF1120102222080FBF791
:1064A00013F904A902222080FBF70EF90DF1070170
:1064B00001222080FBF708F902A902222080FBF7C5
:1064C00003F90DF10A0102222080FBF7FDF803A970
:1064D0002A462080FBF7F8F806A901222080FBF766
:1064E000F3F80DF11B0101222080FBF7EDF80DF10F
:1064F0001A0101222080FBF7E7F80DF119010122B2
:106500002080FBF7E1F80DF11D0101222080FBF74F
:10651000DBF812A902222080FBF7D6F80DF14A0120
:1065200002222080FBF7D0F80DF14E0102222080DC
:10653000FBF7CAF813A920800222FBF7C5F82080D8
:10654000012015B030BD00BF10B5044600202080EA
:1065500005492922FBF7B8F8044920800F22FBF7F0
:10656000B3F82080012010BD88860100B1860100AB
:1065700080B483B000AF7860012318460C37BD4665
:106580005DF8047B704700BF012070470120704711
:1065900080B500AF134B1B78002B00D020E0124BCE
:1065A0001B6818331B681148984700BF0E4B1B68C7
:1065B0008C331B680D489847034683F00103DBB218
:1065C000002BF3D10A4B1B6804331B689847084B18
:1065D0001B6820331B6807489847024B01221A703A
:1065E00080BD00BF8C13002044000001000C00F0AF
:1065F000540000010040002080B582B000AF7860F8
:10660000234B1B7883F00103DBB2002B01D0002366
:106610003AE07A681F4B9A4235D11F4B1B683033E2
:106620001B681C480321984718200FF073FE19209F
:106630000FF070FE194B1B6830331B6818200F21B8
:106640009847164B1B6830331B6819200E2198475A
:10665000124B1B682C331B681920012198470F4BE4
:106660001B6838331B6818200D4998470B4B1B6873
:1066700038331B6819200B4998470B4B01221A70BD
:1066800000BF012300E0002318460837BD4680BD47
:106690008C130020009000401800000154000001FD
:1066A0000080000C008000C08D13002080B582B0F7
:1066B00000AF78600B46FB707A681D4B9A4231D16F
:1066C0001C4B1B7883F00103DBB2002B01D00023AD
:1066D00029E0FB78082B02D0102B0FD01DE0164BC1
:1066E0001B6838331B68182014499847124B1B68E5
:1066F00038331B6819201249984710E00E4B1B686D
:1067000038331B6818200F4998470B4B1B683833E8
:106710001B6819200C49984701E0002303E000BFE3
:10672000012300E0002318460837BD4680BD00BFA6
:10673000009000408D130020540000010080000CE8
:10674000008000C00080005D008000D590B587B05B
:1067500002AFF860B9607A603B603B68002B14BF01
:1067600000230123DAB23B68B3F5806F94BF0023A6
:106770000123DBB21343DBB2002B01D0002326E060
:10678000FA68154B9A4221D1144B1B7883F0010310
:10679000DBB2002B01D0002319E0114B1B681B68F2
:1067A0001C463B680093192001217A680D4BA047D5
:1067B0000B4B1B681B681C463B680093182001218B
:1067C000084ABB68A04700BF012300E00023184629
:1067D0001437BD4690BD00BF009000408D130020CF
:1067E000540000010890004080B582B000AF78608E
:1067F0007B681A4A934203D0194A934216D025E087
:10680000184B1B7883F00103DBB2002B01D000236F
:106810001FE0154B1B6814331B6818209847124B58
:106820001B6814331B681920984711E00F4B1B7825
:1068300083F00103DBB2002B01D0002309E00A4BF7
:106840001B6814331B680B20984701E0002300E00D
:10685000012318460837BD4680BD00BF00900040A8
:10686000002001408D130020540000018E130020F1
:1068700080B582B000AF78607B68174A934203D03E
:10688000164A934211D021E0154B1B7883F0010387
:10689000DBB2002B01D0012319E0124B1B681C3323
:1068A0001B6818209847034611E00F4B1B7883F0B4
:1068B0000103DBB2002B01D0012308E0094B1B6868
:1068C0001C331B680B209847034600E00123184641
:1068D0000837BD4680BD00BF009000400020014049
:1068E0008D130020540000018E13002030B5134C8E
:1068F0001349002384F8B332124B85B00246372582
:1069000064208DE82B0020460F49104B00F0A8F8BA
:10691000032805460FD100F075F808B902200BE0F6
:1069200020460B4900F01CF900F0EEF90028F5D0E4
:10693000012384F8B332284605B030BD90130020FF
:10694000003400F00000044044160020B816002077
:10695000ED73000002460249024800F007BA00BF8A
:10696000441600209013002002460249024800F01D
:1069700095BA00BF441600209013002008B50648C1
:1069800090F8B3322BB100F5207000F0FFFD034BFF
:106990005887024808BD00BF90130020441600200D
:1069A00010B5FAF765FF044618B1FAF76DFF00F06D
:1069B00025FD204610BD00BF034602490248034A98
:1069C00000F0F2BCED73000090130020441600208C
:1069D000064B984207D0064B984204D0054BC31A89
:1069E0005842584170470120704700BF20A107005E
:1069F00090D0030048E8010008442028CCBF0020C4
:106A00000120704700B58BB005201149114A124B87
:106A10008DF8000001910293039201238DF8140078
:106A2000069108920D498DF81030082268468DF8BD
:106A3000113007918DF824208DF82530FCF712FED7
:106A400010B105A8FCF70EFE0BB05DF804FB00BF0B
:106A5000050800F00050024003000500030C05008B
:106A60002DE9704305469068BDF818800C4616461F
:106A70009946FFF7ADFF002870D0707B317BFFF7A0
:106A8000BBFF002869D03046294600F0F9F805F52B
:106A900020704946424600F0F1FC7368C5F8943214
:106AA000079BC5F89832089BC5F89C32099BC5F82E
:106AB000A0320023C5F8A432B268C5F8A822327B00
:106AC00085F8AC22317B727B0A44C2F1200285F842
:106AD000AD22727B85F8AE2285F8AF3285F8B032F0
:106AE00085F8B13285F8B23285F8B332236063603D
:106AF000A360E36023616361A361E36123622363B5
:106B00006363A4F83880638784F83C30236463644B
:106B1000A364E36495F8AD2284F8502095F8AD2283
:106B200084F85120012284F8543084F85530A3654C
:106B3000E36523666366A36684F86C2084F86D20A1
:106B400084F86E3084F86F3084F8703084F87130D7
:106B500084F872300320BDE870830120BDE87083A3
:106B600090B587B000AF7860396000233B610023A7
:106B7000FB737B6893F8AC227B6893F8AD321344C7
:106B8000FB737B68D3F8983218460FF001FA7B68E4
:106B9000D3F89832184631F041FD00BF7B68D3F836
:106BA000983218460FF0DAF9034683F00103DBB29E
:106BB000002BF3D17B68D3F89832184631F00AFDE8
:106BC0007B68D3F89C3218460EF0B1FD7B68D3F891
:106BD0009C3218460EF084FD7B68D3F89C420FF07F
:106BE000F7F902467B68D3F8A832204611461A46C8
:106BF0000EF0A2FD0023FB7513E07B68D3F89C0226
:106C0000FB7D01331946FA7D13469B0013449B001C
:106C10007A6813441A4602230EF020FEFB7D0133EE
:106C2000FB75FA7DFB7B9A42E7D37B68D3F8A032F1
:106C3000184621210FF01EF97B68D3F89C321846C4
:106C400039680EF0ABFD7B68D3F89C321846022100
:106C50000EF0B1FD7B68D3F89C3218460EF062FD51
:106C60007B68D3F89C32184600210EF0CDFD3861C8
:106C70003B6903F08003002BF2D11C37BD4690BD69
:106C80002DE9F043027B467B1644C6F12006F6B29E
:106C90000B4600244FF00C0CE5B295421AD2D0F806
:106CA00000900CFB04F509EB050859F8057098F8FD
:106CB00008801F6007683D44B8F1010F6D685D6092
:106CC00014BF4FF00A084FF02E08C3F808800134B3
:106CD0001433E1E702EB820201EB82010023083169
:106CE000741E1A46D8B2B0420CD2A3420CBF0E207A
:106CF0004FF4037041F8082C41F8042C013341F89B
:106D0000140BEFE7BDE8F0832DE97741134E34789B
:106D100004BB134D40F602082C606C60AC60C5F8F3
:106D20000C80FBF749F80F4B28610125684600935A
:106D3000ADF804808DF806508DF80750FAF774FD11
:106D400008B9002007E0FAF781FD0028F9D0064BCA
:106D500035701C70307803B0BDE870810D1D0020C7
:106D6000F81C0020FD7300000C1D002080B58EB0C3
:106D700000AFF860B9607A60002387F837300023ED
:106D80003B630023FB62002387F82B30FB6893F8FA
:106D9000B33283F00103DBB2002B05D0002387F868
:106DA000373097F8373074E0BB6893F86C3083F075
:106DB0000103DBB2002B05D0012387F8373097F8A9
:106DC000373066E0FB6893F8AF32002B05D0022322
:106DD00087F8373097F837305BE0FB68012283F89B
:106DE000AF22FB68D3F89C32184601210EF00CFD4F
:106DF000F862FB6893F8AC22FB6893F8AD32134459
:106E0000DBB2013387F82B30032387F8373097F84C
:106E10002B3087F8363032E097F83630013B0122CC
:106E200002FA03F33B63FA6A3B6B1340002B21D158
:106E30007B681B687B617B6805337B627B685B7B5F
:106E40003B627B681B79012B01D1042300E0002306
:106E5000FB61FB68D3F89C1297F8362007F1140306
:106E6000084611461A4600230EF0F8FC042387F862
:106E7000373008E097F83630013387F8363097F826
:106E80003630202BC8D9FB68002283F8AF2297F850
:106E9000373018463837BD4680BD00BF70B5044650
:106EA00090F8B3021646E0B191F86D30B3B194F8A2
:106EB000B132ABB9012304F5207584F8B13228460C
:106EC00000F060FB28B92846314600F023FB04207F
:106ED00000E00320002384F8B13270BD012070BDB2
:106EE000022070BD80B590B000AF786039607B68DB
:106EF00093F8B33283F00103DBB2002B00D0D7E06C
:106F00007B6893F8B032002B00D0D1E07B6801227F
:106F100083F8B022FAF74AFFB86300237B630023AB
:106F200087F83F3000233B630023FB62FAF744FFFE
:106F3000386307F11C030533BB617B68D3F89C32CF
:106F4000184602210EF060FC78637B6893F8AC323F
:106F5000013387F83E306DE097F83E30013B7A6BA5
:106F600022FA03F303F00103002B5ED097F83F30C1
:106F7000013387F83F307B68D3F89C1297F83E20A6
:106F800007F10803084611461A4601230EF019FDC1
:106F90003B6903F48073002B07D03B68BA6B1A641B
:106FA0003B685B6C5A1C3B685A647B6803F5207332
:106FB000184600F0E9FA034683F00103DBB2002B28
:106FC00027D0BB68FB613B6903F00403002B0CBFB7
:106FD00000230123DBB287F820307B69DBB287F81E
:106FE00029307B6803F5207207F11C03104619460F
:106FF00000F054FA034683F00103DBB2002B14D0F7
:107000003B68BA6B1A633B685B6B5A1C3B685A63FC
:107010000BE03B68012283F83C203B68BA6B1A63A3
:107020003B685B6B5A1C3B685A6397F83E300133F0
:1070300087F83E3097F83E207B6893F8AC32591CB5
:107040007B6893F8AD320B449A4285DBFAF7B4FEC5
:10705000F862FA6A3B6BD31A1846FAF7C5FE024685
:107060003B689A643B689A6C3B68DB6C9A4203D934
:107070003B689A6C3B68DA647B6893F8AD2297F8BA
:107080003F30D31ADAB23B6883F850203B6893F85C
:1070900050203B6893F851309A4205D23B6893F8F0
:1070A00050203B6883F851207B68002283F8B0228F
:1070B0004037BD4680BD00BF80B584B000AF78606A
:1070C00039600023FB60FAF771FEB8607B6893F8C3
:1070D000B33283F00103DBB2002B00D0ACE07B685D
:1070E000D3F89C32184600210EF08EFBF8607B68C6
:1070F000D3F89C123B6803F160023B685C3308469E
:1071000011461A460EF09FFBFB6803F08003002B2C
:107110000CBF00230123DAB23B6883F86E20FB68C2
:1071200003F04003002B0CBF00230123DAB23B68BD
:1071300083F86F20FB6803F02003002B0CBF0023B3
:107140000123DAB23B6883F87020FB6803F0100378
:10715000002B0CBF00230123DAB23B6883F87120B7
:10716000FB6803F00803002B0CBF00230123DAB2F5
:107170003B6883F87220FB68DBB203F00703DAB2E6
:107180003B6883F855203B6893F85430012B3FD07F
:10719000022B50D0002B4FD13B6893F86E30002B60
:1071A0000CD03B68022283F854203B68002283F80D
:1071B0006C203B68002283F86D2028E03B68DB6D83
:1071C0007F2B04D83B6893F87030002B16D07B6877
:1071D00093F8B232002B01D0022300E001233A6879
:1071E00082F854303B68BA689A653B68002283F89D
:1071F0006C203B68012283F86D2008E03B68012287
:1072000083F86C203B68012283F86D2014E013E0C2
:107210007B6893F8B232002B07D13B689B6DBA684C
:10722000D21A40F6B7339A4204D93B68022283F857
:10723000542001E000E000BF1037BD4680BD00BF14
:1072400080B590B000AF78603960FAF7AFFDF863B1
:10725000FAF7B2FDB86300237B6300233B637B68CE
:1072600093F8B33283F00103DBB2002B00D096E039
:107270007B68D3F89C32184600210EF0A0FA3863E0
:107280007B68D3F89C321846396B0EF0A8FA7B68FD
:1072900093F8AC321A463B6B9A4238D307F120037D
:1072A0000533FB617B68D3F89C2207F10C03104681
:1072B000396B1A4601230EF084FB7B6903F480735B
:1072C000002B07D03B68FA6B5A613B689B695A1CDC
:1072D0003B689A61FB683B627B6903F00403002B07
:1072E0000CBF00230123DBB287F82430BB69DBB27B
:1072F00087F82D303B681B685A1C3B681A607B6816
:10730000D3F8943207F120021046984727E07B68B3
:1073100093F8AC321A467B6893F8AD3213441A46A0
:107320003B6B9A420CD178683968FFF7DBFD3B680C
:10733000FA6B9A603B68DB685A1C3B68DA600EE0C7
:107340003B6BB3F5004F05D13B685B685A1C3B684B
:107350005A6004E03B681B695A1C3B681A61FAF7E3
:107360002BFD0246BB6BD31A1846FAF73DFD786336
:107370003B681A6A13465B0013445A011A447B6B3C
:107380001A44084BA3FB02135A093B681A623B6874
:10739000DA697B6B9A4202D23B687A6BDA614037DA
:1073A000BD4680BD1F85EB512DE9784190F8B36251
:1073B00005461446B6B180F8B23292F85430012B2B
:1073C00010D94FF0000880F8B382FFF7C9FB84F8AA
:1073D0005480FAF7EBFCA36E60660133A3660123C9
:1073E00085F8B3323046BDE8788100BF01480249D4
:1073F000FFF726BF90130020441600202DE97841A6
:107400001A4EFAF7D9FC337805466BBB184C206945
:107410000123281A3370FAF7E7FCE3681549256160
:107420003222184402FB00F34FF06408B3FBF8F378
:107430001148E360FFF740FE0E490F48FFF752FD89
:10744000FAF7BAFC401BFAF7CFFC6368A06063222E
:1074500002FB0303B3FBF8F36360236898424FF029
:10746000000388BF20603370BDE878810C1D0020C8
:10747000F81C002044160020901300200160828038
:1074800000F000B80023C38003814381037343737A
:107490008373C37301230374704700BF73B504463D
:1074A000807B0A4698B1237BFF2B1CBF01332373DB
:1074B0000979237B003118BF012100240091019438
:1074C000322041211268F9F7F5FE204620E0E67BE4
:1074D0000123A373D6B92589236803EB05150FC9CA
:1074E00085E80F002189E288A388013189B2013241
:1074F000994292B2218128BF26819A4234BF00234B
:107500000123E3730023E280237401200023A3738B
:1075100002B070BD73B50446807B0D4678B1637BC5
:10752000E288FF2B1CBF01336373637B002400944C
:10753000019432207D21F9F7BDFE204620E0267C13
:107540000123A373D6B96289236803EB02130FCB1F
:1075500085E80F006289E388A188013292B2013B7D
:107560009BB291426281E38098BF6681D3F10103AF
:1075700038BF002323740023E37301200023A37387
:1075800002B070BD007C7047C07B7047C0887047F8
:1075900070B586B000251D4B04951B681C48DB6B3D
:1075A00001931C4B0C461646FF221A7000F0BCFAE1
:1075B0002046694600F0C0FA08B9012023E03CB13A
:1075C000012C1FD1144B0293144B0393082304E0A6
:1075D000134B0293134B039302238DF81430304660
:1075E0000B49009B01AA00F071F80028E5D0009833
:1075F00000F0A2F8009B1B691B79002B0CBF002038
:10760000052000E0284606B070BD00BF2000000144
:107610002C4400203444002000400240040800F0C4
:1076200000700040030800F073B5144B1A788242D2
:1076300005461E461BD0694600F07EFAC8B12846B2
:10764000009900F01BF9B0B10024E0B201A900F0EC
:1076500073FA40B10199009A0B691269934202D101
:10766000002000F07FF90134032CEED135700520A5
:1076700002E0012000E0032002B070BD344400208D
:1076800073B51E460A4B1B7883420C46154601D043
:1076900001200AE001A900F04FFA0028F8D02046A6
:1076A00029463246019B00F0B3F902B070BD00BF1D
:1076B0003444002007B501A900F03EFA10B101984A
:1076C00000F08EF903B05DF804FB00BF2DE97847A8
:1076D0004FF0000883F828801C46036805464FEAEF
:1076E000430A0E4691460EF073FC82451ED82B7A53
:1076F000082B01D0102B19D16B68032B16D83368D7
:107700000C4A23F44053934210D195E80F0084E8CB
:107710000F0026614E460FCE04F114050FC501205F
:1077200033682B6084F82800BDE878870020BDE826
:10773000788700BF0080004090B583B000AF7860CC
:10774000454B1B6818331B687A68D2691046984706
:1077500000BF414B1B688C331B687A68D2691046A6
:107760009847034683F00103DBB2002BF1D17B681D
:107770009A697B6893F8243010461946FBF7AEFEF1
:107780007B685B697A6891697A6892F82420084678
:10779000114698477B681B691B79002B00D057E086
:1077A0007B681B691A682D4B9A424CD12A4B1B6887
:1077B00018331B682A48984700BF274B1B688C3337
:1077C0001B6827489847034683F00103DBB2002B70
:1077D000F3D1214B1B6818331B682248984700BF20
:1077E0001D4B1B688C331B681E489847034683F06B
:1077F0000103DBB2002BF3D11B4B1B6868331B6802
:107800001A489847184B1B6868331B6818489847F4
:10781000154B1B6868331B6816489847124B1B684A
:107820004C331B6814480D21984700BFFEF7B0FE8B
:107830007B681C697B681B691B681846FEF7DCFEC9
:107840000346237104E07B681B6900221A7100BFA4
:107850000C37BD4690BD00BF4400000100900040C1
:10786000011C00F0030800F02000000102000300EA
:1078700002080300020C030000700040B0B584B0A1
:1078800002AF03463960FB713B6893F8283083F000
:107890000103DBB2002B07D13B681B691B7983F026
:1078A0000103DBB2002B01D0002352E03B681B69CF
:1078B0005B79002B0AD0386800F092F8034683F019
:1078C0000103DBB2002B01D0002342E00020396825
:1078D00000F048F8214B1B680C331B683A681269AA
:1078E0001268104698471D4B1B6804331B681C46E2
:1078F0003B681B691D681A4B1B6860331B689847FF
:1079000002463B685B68396808683968097A009004
:107910000191284611461A460023A0470F4B1B68C9
:1079200008331B683A6812691268104698473B682A
:107930001B691A683B681B7A10461946FEF7B6FEAB
:10794000034683F00103DBB2002B01D0002300E0EB
:10795000012318460837BD46B0BD00BF180000011E
:107960004400000180B582B000AF03463960FB716E
:107970003B6893F8283083F00103DBB2002B07D17A
:107980003B681B691B7983F00103DBB2002B00D03D
:1079900021E0FB79002B02D0012B0DD01BE00F4B17
:1079A0001B681B683A6890693A6892F824103A6834
:1079B00092F8242098470EE0084B1B681B683A6831
:1079C00090693A6892F824103A6892F82420D243D9
:1079D000D2B2984700BF0837BD4680BD20000001E5
:1079E00038B5044690F8280080B12569287968B137
:1079F0002868FEF73DFF68712369587910B9214660
:107A0000FFF7B0FF2369587980F0010038BD00BF4F
:107A100090B587B000AFF860B9603B601346FB805B
:107A20003B6893F8283083F00103DBB2002B07D1C9
:107A30003B681B691B7983F00103DBB2002B01D08B
:107A4000022365E03B681B695B79002B01D00323AF
:107A50005EE0FB88002B01D1012359E03B681B69E4
:107A600001225A7100203968FFF77CFF2A4B1B68FE
:107A70001B6898477861294B1B6860331B689847DF
:107A80000246274BA3FB02139B093A68D26802FB0C
:107A900003F2244BA3FB02139B0C01333B613B68B5
:107AA0001B691A68FB881046B968FA68FEF74EFE33
:107AB000034683F00103DBB2002B01D0042327E04F
:107AC00000BF154B1B681B6898470446124B1B6888
:107AD00018331B6898470346786921461A4600F018
:107AE0003BF802463B699A42EBD301203968FFF725
:107AF00039FF3B681B691B681846FEF775FE034695
:107B000083F00103DBB2002B01D0042300E0052346
:107B100018461C37BD4690BD3800000144000001E6
:107B2000D34D621083DE1B43037913B9014A02600F
:107B3000437170470090004020B1012806D1044BEA
:107B40000B607047034B0B600120704700207047AB
:107B50003844002000440020814228BF8018401A89
:107B6000704700BF012070470C4900230B71027859
:107B70000A70D5228A70EF22CA70094A13605360D6
:107B800013725372074A01201070507053601372C1
:107B900050729072D3721373087170472C1D0020BD
:107BA000101D00201C1D00202DE97343294C94F862
:107BB0000480002306468DF80730B8F1000F45D049
:107BC0000DF10700FBF770FE0DF10700FBF7DAFE81
:107BD0002148A11C324600F05DF8A578E80727D5BA
:107BE000A90725D56A0723D5EB0621D5A8061FD5F9
:107BF00069061DD5ED091BD0E378DA0718D59D0776
:107C000016D558071D4613D5190711D5DA060FD515
:107C1000AB060DD5ED090BD00121304601F09EFCDD
:107C2000A378314660F3C3030C48A37000F0B0F9A9
:107C3000A3780A480A49227843F0D003A370E37876
:107C400043F04003E370334600F066F9404602B06B
:107C5000BDE870832C1D00201C1D0020101D00207D
:107C60002E1D0020014B5888704700BF2C1D00209E
:107C7000014B1878704700BF2C1D0020034BD87AA9
:107C800008B1034B187900F0010070471C1D00205B
:107C90002C1D002070B5037B88B004460E461546A7
:107CA0001BB90120FBF744FE207302A806F08EFFEB
:107CB000002800F02E81237A082B00F2F080DFE804
:107CC00003F00505313154547894B8000122002B9B
:107CD00014BF4FF0AA334FF055338DF8142007220C
:107CE0008DF815200393627A0695002305A803A951
:107CF0008DF810308DF81C2005F004FCADF8040060
:107D0000C0F30723C0B26072002800F00281002B8C
:107D100000F0FF8002984368636000F50B7008F084
:107D2000E1F8B8E03378069543F00203337002239C
:107D30008DF81430237A022B14BF042303238DF80B
:107D40001530637A8DF81C300023039305A8A37ABD
:107D50008DF8103003A905F0D5FBC0F30723C0B29E
:107D60006072002B40F0CC807BE03378069543F0C6
:107D70002003337001238DF81430237A042B14BFB1
:107D8000022301238DF81530637A8DF81C3000230F
:107D9000039305A8A37A8DF8103003A905F0B2FB70
:107DA000ADF80400C0F30723C0B26072002B5AD1B3
:107DB00057E001238DF8143005238DF81530637AD0
:107DC0008DF81C3005A8002303A903938DF810300B
:107DD000069505F097FBC0F30723C0B26072002838
:107DE00000F09780002B56D193E003238DF81430D8
:107DF00006238DF81530637A8DF81C3005A8002312
:107E000003A903938DF81030069505F07BFBC0F3B2
:107E10000723C0B2607200287BD0002B79D0029873
:107E20000CF0B0FC002874D00298A03007F0D0FF0E
:107E300031E002238DF8143003238DF81530637A76
:107E40008DF81C3005A8002303A903938DF810308A
:107E5000069505F057FBC0F30723C0B26072002BF4
:107E600051D1A37255E0002853D0029B626893F869
:107E70004E106FF0040000FB012258689042ACBF26
:107E800000200120E0720CF00BF9E07A0CF082FA8D
:107E9000029807F041FF237A0133237239E0637AB5
:107EA0001BB12046611C05F00DF923788DF81430C4
:107EB00063788DF81530637A8DF81C3005A800239F
:107EC00003A903938DF81030069505F01BFBC0F352
:107ED0000723C0B2607270B16BB19DF81430012BF2
:107EE00006D0022B07D10298503007F043FF02E082
:107EF000029807F011FF737843F01003737008E0E5
:107F00000028C8D105E020B10298503007F032FFB8
:107F1000C1E708B070BD00BF73B58DF800200A78C6
:107F20001E469DF801300D46C2F3400161F3000387
:107F3000C2F3401161F341036978C1F3001161F3A9
:107F40008203C2F3C002044662F3C3030DF10200D0
:107F50008DF80130FDF754FEB8B101A8FDF758FEC9
:107F600098B12A884FF6FF739A4204D1637A13B905
:107F70000122627200E000222368F31A632B00D80A
:107F80001AB1684608F060F8266002B070BD00BF04
:107F900030B589B004460D4601F0A4FCD8B168465E
:107FA00001F076FC217A012907D003D302290BD1F5
:107FB00004A803E06846002100E002A808F09AF94E
:107FC000237A0133237206E06368EB1A632B02D92C
:107FD00000232372656009B030BD00BF80B584B056
:107FE00000AF39600146F971BA717B710123FB73EF
:107FF000FB790E2B4CD801A252F823F039800000F7
:108000003F8000004B80000053800000598000003A
:108010006180000091800000918000006980000074
:108020006F800000758000007D800000918000005E
:10803000918000008580000000F032F82BE07B7911
:108040003868194600F048F825E0386800F08AF8EA
:1080500021E000F0E9F81EE0386800F0F5F81AE0D9
:10806000386800F02FF916E000F066F913E000F030
:108070007FF910E0386800F097F90CE0386800F0FC
:10808000CBF908E0BB793868194600F0EBF902E05B
:108090000023FB7300BFFB7B18461037BD4680BD35
:1080A000002008B50146FCF7EFF900210120FCF79C
:1080B000EBF901210220FCF7E7F900200146FCF76B
:1080C0000FFA00210120FCF70BFA02200121BDE884
:1080D0000840FCF705BA00BF38B5214A13680029EB
:1080E000C3EB00050CBF02240124B5F5C87F17D2ED
:1080F000012100201360FCF7C7F921460120FCF79D
:10810000C3F900210220FCF7BFF901210020FCF790
:10811000E7F921460120FCF7E3F90220012119E0EB
:10812000B5F5487F1AD2002001461360FCF7ACF980
:1081300021460120FCF7A8F900210220FCF7A4F950
:1081400000200146FCF7CCF921460120FCF7C8F9D4
:1081500002200021BDE83840FCF7C2B90346BEE763
:10816000341D002008B52F4A1368C11AC7290FD83B
:10817000012100201360FCF787F900210120FCF7A2
:1081800083F900210220FCF77FF9002001213BE068
:10819000B1F5C87F0FD2012100201360FCF774F9FC
:1081A00001200146FCF770F900210220FCF76CF970
:1081B0000020012111E0B1F5167F13D20020014605
:1081C0001360FCF761F901200146FCF75DF900211D
:1081D0000220FCF759F900200146FCF781F9012043
:1081E000014615E0B1F5487F1AD200200146136020
:1081F000FCF74AF900210120FCF746F90021022092
:10820000FCF742F900200146FCF76AF90120002141
:10821000FCF766F902200021BDE80840FCF760B9D0
:108220000346A2E7341D002008B500200146FCF7F4
:108230002BF901200146FCF727F902200021BDE8B7
:108240000840FCF721B900BF08B51D4A1368C11AE0
:10825000B1F5C87F13D2012100201360FCF714F997
:1082600001200146FCF710F900210220FCF70CF96F
:1082700001210020FCF734F90120014615E0B1F599
:10828000487F1AD2012100201360FCF7FDF800217D
:108290000120FCF7F9F800210220FCF7F5F8012194
:1082A0000020FCF71DF901200021FCF719F902203C
:1082B0000021BDE80840FCF713B90346C7E700BF3B
:1082C000341D002008B51B4A1368C11AB1F5C87FD8
:1082D0000FD2002001461360FCF7D6F801200146BA
:1082E000FCF7D2F800210220FCF7CEF80020012193
:1082F00011E0B1F5487F1AD2002001461360FCF767
:10830000C3F800210120FCF7BFF800210220FCF790
:10831000BBF800200146FCF7E3F800210120FCF740
:10832000DFF802200021BDE80840FCF7D9B8034679
:10833000CBE700BF341D0020002008B50146FCF744
:10834000A3F800210120FCF79FF800210220FCF790
:108350009BF800200146FCF7C3F800210120FCF740
:10836000BFF802200021BDE80840FCF7B9B800BF03
:10837000002008B50146FCF787F800210120FCF732
:1083800083F800210220FCF77FF800200146FCF76B
:10839000A7F800210120FCF7A3F802200021BDE886
:1083A0000840FCF79DB800BF10B5184A1368C31AFF
:1083B000962B174B03D919781060013119701A7870
:1083C0001A2A02D9124A002111701B78013BDBB234
:1083D000162B4FF000000BD8012404FA03F20D4BCA
:1083E00013402BB12146FCF74FF82046214604E00C
:1083F0000146FCF749F801200021FCF745F802206E
:108400000021BDE81040FCF73FB800BF381D002038
:108410003C1D0020D5DD550008B5114A1368C11A6E
:10842000B1F5C87F07D2012100201360FCF72CF8BA
:108430000120002109E0B1F5487F0ED2002001465D
:108440001360FCF721F801200146FCF71DF802201B
:108450000021BDE80840FCF717B80346DFE700BF7E
:10846000341D002038B5224A0029136814BF4FF488
:108470009674642414BF4FF41675C825C11AA1421E
:1084800017D2012100201360FBF7FEFF01200146F7
:10849000FBF7FAFF01210220FBF7F6FF0121002084
:1084A000FCF71EF801200146FCF71AF80220012112
:1084B00018E0A9421AD2002001461360FBF7E4FF3E
:1084C00000210120FBF7E0FF00210220FBF7DCFF89
:1084D00000200146FCF704F800210120FCF700F819
:1084E00002200021BDE83840FBF7FABF0346C5E78C
:1084F000341D002010B51A4C23780F2B25D8DFE847
:1085000003F0080B0D12171C21212121212121210B
:108510002126012020701BE0022314E000F022F845
:10852000A8B103230FE000F01FF880B104230AE094
:1085300000F01CF858B1052305E000F019F830B13F
:10854000062300E00133237001E0002000E0012059
:108550002378B3F10F0253425341637010BD00BF43
:10856000401D002001207047012070470120704706
:1085700001207047074BFF200022032118730120C0
:1085800019705A601A725A729A725A739973D87320
:1085900018747047441D00202DE97841114C0546A0
:1085A000207CE0B12946204600F026F8804620468F
:1085B00000F0BAF829460646204600F0E1F8237C90
:1085C00053B188F0010886F0010608EA060680F03B
:1085D00001003040C0B200E0184600F00100BDE8E4
:1085E000788100BF441D002007C8024B83E80700C4
:1085F000187C7047441D002080B58AB000AF7860B9
:108600003960002387F827307B68DB7B002B42D062
:108610007B681A787B689A737B689B7B042B33D8C2
:1086200001A252F823F000BF3D8600004B860000F7
:1086300059860000678600007B8600007B68FF2269
:108640001A737B6800225A731FE07B6801221A7339
:108650007B6800225A7318E07B6802221A737B68D9
:1086600000225A7311E07B6803F10C027B680D3322
:108670001046194604F026FD07E07B68FF221A73B6
:108680007B6800225A7300E000BF7B680022DA7327
:10869000012387F827307B689B7B042B34D801A209
:1086A00052F823F0B9860000C3860000C38600009C
:1086B000C3860000FD86000001237B7301233B730A
:1086C00026E07B681B7B3B767B685B7B7B763B682D
:1086D000FB6197F8273087F820307B685B683B6147
:1086E0007B681B7A3B7507F1180207F110031046EF
:1086F000194604F007FF0346BB8109E0002004F09F
:10870000DBFE0346BB8103E001237B7301233B7344
:108710003B7B002B02D07B680122DA7301231846D1
:108720002837BD4680BD00BF90B585B000AF7860EA
:108730000123FB73FC7B7B685B7A1846FBF7A4F88C
:10874000034683F00103DBB22340002B0CBF002360
:108750000123FB73FC7B7B689B7A1846FBF7E8F8E8
:10876000034683F00103DBB22340002B0CBF002340
:108770000123FB73FB7B18461437BD4690BD00BF39
:1087800090B585B000AF786039600123FB7307F1C5
:108790000803184606F01AFA034683F00103DBB219
:1087A000002B01D0002377E0FC7B7868396800F06B
:1087B00077F803462340002B0CBF00230123FB73F3
:1087C000FC7BBB681846796800F09AF803462340A2
:1087D000002B0CBF00230123FB737B68DB7B002B8A
:1087E00059D07B681B7B013B0B2B53D801A252F85D
:1087F00023F000BF25880000418800009588000014
:1088000095880000958800005D880000958800002C
:1088100095880000958800009588000095880000E4
:1088200079880000FC7BBB681846796800F0EEF898
:1088300003462340002B0CBF00230123FB732AE0D7
:10884000FC7BBB681846796800F026F90346234094
:10885000002B0CBF00230123FB731CE0FC7BBB68D7
:108860001846796800F050F903462340002B0CBFEE
:1088700000230123FB730EE0FC7BBB68184679687C
:1088800000F08CF903462340002B0CBF002301238A
:10889000FB7300E000BFFB7B18461437BD4690BD5C
:1088A00080B588B000AF786039600B233B737B687C
:1088B0001B7A002B01D0032300E002237B730023EB
:1088C000BB737B685B68002B01D0052300E00623A7
:1088D000FB7300233B7400237B747B685B687B61C4
:1088E0003B68BB6100233B7700237B7707F10C03D8
:1088F000184607F025FB034618462037BD4680BDC5
:1089000080B588B000AF786039600023FB60002339
:10891000FB720023BB7200237B7207F110031A1D48
:1089200007F10C0310461946FAF7C2FA034683F022
:108930000103DBB2002B01D0002363E007F1100339
:1089400003F1080207F10C0310461946FAF764FA1E
:10895000034683F00103DBB2002B01D0002351E07A
:1089600007F110030C33184642F2107104F044FA78
:10897000034683F00103DBB2002B01D0002341E06A
:1089800007F10B031846FAF76FFF034683F0010364
:10899000DBB2002B01D0002334E007F10A031846B4
:1089A000FAF782FF034683F00103DBB2002B01D00C
:1089B000002327E007F109031846FAF7E3FF03460F
:1089C00083F00103DBB2002B01D000231AE0002367
:1089D0003B74FA7A3B7C62F300033B74BA7A3B7CCB
:1089E00062F341033B747A7A3B7C62F382033B740B
:1089F0007B68B3F808327B8307F11003184607F051
:108A0000CDFA034618462037BD4680BD90B585B0E7
:108A100000AF786039600123FB73FC7B7B681846EC
:108A200007F07AF903462340002B0CBF00230123F3
:108A3000FB73FC7B7B68083300201946052207F096
:108A400053FB03462340002B0CBF00230123FB7381
:108A5000FC7B7B68123301201946052207F044FB9A
:108A600003462340002B0CBF00230123FB73FC7B38
:108A70007B681C3302201946052207F035FB0346AC
:108A80002340002B0CBF00230123FB73FB7B184604
:108A90001437BD4690BD00BF90B585B000AF78607B
:108AA00039600123FB73FC7B7B685033184607F069
:108AB00061F903462340002B0CBF00230123FB7305
:108AC000FC7B7B68583300201946052207F038FBF1
:108AD00003462340002B0CBF00230123FB73FC7BC8
:108AE0007B68623301201946052207F029FB034603
:108AF0002340002B0CBF00230123FB73FB7B184694
:108B00001437BD4690BD00BF90B585B000AF78600A
:108B100039600123FB73FC7B7B6803F50B731846FC
:108B200007F0E0F903462340002B0CBF002301238C
:108B3000FB73FC7B7B6803F50E730020194605224E
:108B400007F0ACFB03462340002B0CBF002301239E
:108B5000FB73FC7B7B6803F242230120194605224C
:108B600007F09CFB03462340002B0CBF002301238E
:108B7000FB73FC7B7B6803F5137302201946052207
:108B800007F08CFB03462340002B0CBF002301237E
:108B9000FB73FB7B18461437BD4690BD80B586B08D
:108BA00000AF786039607B68D3F81032002B13D0A7
:108BB0007B68D3F81832002B0ED07B68D3F8843250
:108BC000002B09D07B68D3F82032002B04D07B68BF
:108BD000D3F82C32002B01D1002343E000233B7358
:108BE0007B6893F814223B7B62F300033B737B6842
:108BF00093F81C223B7B62F341033B737B6893F841
:108C00008832002B0CBF00230123DBB283F0010369
:108C1000DBB203F00103DAB23B7B62F382033B7306
:108C20007B68D3F824323B617B68B3F89032BB8217
:108C30007B68B3F87E321BB283EAE372A2EBE37285
:108C40007B68B3F87C321BB2002BB8BF5B429A4200
:108C5000A8BF13469BB2FB8207F10C03184607F02E
:108C60001BFA034618461837BD4680BD014B01204C
:108C700098707047581D002010B51C4C23780F2B9E
:108C800027D8DFE803F0080B0E1114191D1D1D1D58
:108C90001D1D1D1D1F24012020701BE000F030F859
:108CA0000CE000F03DF809E000F04CF806E000F0C0
:108CB0004BF860B1052309E000F048F838B123789B
:108CC000013303E000F04AF808B10F2323700120BC
:108CD00000E000202378B3F10F0253425341637048
:108CE000A378002B08BF002010BD00BF581D002036
:108CF000024B1A8802809878704700BF581D0020E8
:108D000007B5F9F73DF802AB63E902016846FCF7E5
:108D100021F8031F5842584103B05DF804FB00BF1F
:108D200013B5002202AC0023684664E9022303F075
:108D300053FA28B16846FCF743F9031F58425841DB
:108D400002B010BD0BF082BE0120704780B400AFAE
:108D500001231846BD465DF8047B7047012070472B
:108D6000094B00220120187058705A60187218734D
:108D7000064BFE211A705A709A705A6019725A7214
:108D80009A72D872704700BF5C1D00206C1D0020D5
:108D900003460A460148194600F040B86C1D002001
:108DA000034AD37A13B10188A2F80110184670471C
:108DB0006C1D00202DE97041174C237B85B00646C1
:108DC0000D4633B3237A1BB12046611C04F07AF9B7
:108DD000DFF8448065600023404602A902938DF8C5
:108DE0000C3004F08FFBC5B2ADF8040085B19DF8DE
:108DF00005306BB198F80030012B06D0022B07D15B
:108E000006F1500006F0B6FF02E0304606F084FF9F
:108E1000257205B0BDE870815C1D00202DE970430E
:108E2000002388B0137003938DF805308DF8063059
:108E30008DF80730C37A04460E4690460BB90025DC
:108E4000D3E002A805F0C2FE0028F8D00DF105001D
:108E5000FAF70AFD0028F2D00DF10600FAF724FD1A
:108E60000028ECD00DF10700FAF78CFD0028E6D0C1
:108E70009DF805309DF8062003F0010362F34103DD
:108E80009DF807200DF1200962F3820305A803A9CC
:108E900009F8103DFAF70CF80028D0D006A803A96D
:108EA000F9F7BAFF0028CAD0029B07A8B3F8083226
:108EB000ADF81A3042F2107103F09EFF054600280B
:108EC000BDD0484607F06AF86378072B04BFFF223D
:108ED00022702278082A72D8DFE802F005111527DF
:108EE000363A5E667E000020FAF7CEFC0028A6D057
:108EF00001232370FE220023636022726DE0012BA8
:108F00006AD1022359E0012B66D19DF80630002B6F
:108F100062D0A078207206F0AFFC00288FD007F056
:108F20000FFA00288BD0032347E0237AA27801337D
:108F30009A4251D10120FAF7A7FC00283FF47FAFF5
:108F40000123A372042338E0022B45D1052334E02A
:108F5000A278237A9A4216D1002004F0ADFA636811
:108F600003B966609DF807307BB16368F31AB3F507
:108F7000FA7F0AD30020FAF787FC00283FF45FAF9E
:108F8000FF23237001E0002300E001236278032A1D
:108F900023D10622227020E004F10800FBF7FCFB3D
:108FA000042819D1072308E008A8022300F81C3D73
:108FB000FBF720FC04280FD1082323700CE094F861
:108FC0000990B9F1000F07D1012308A863720323A8
:108FD00000F81C3DFBF70EFC0023A27A88F8002065
:108FE0001BB902983146FFF7E5FE284608B0BDE8F8
:108FF000708300BF2DE97041194C002585B065775D
:10900000037804A800F80C3DFEF7AEFD10B94FF050
:10901000000820E002A8FFF729FE0028F7D003A8E7
:10902000FFF79EFE0028F2D0FFF7A4FA8046002842
:10903000EDD001262580A57026736673A673F8F718
:10904000B5FE2061F8F7B2FE257660616576A576FB
:10905000E57625776677404605B0BDE8708100BFAC
:10906000781D002038B5F8F7A1FE074C054600F042
:109070005FF82378607BA27E2946C3F34003FEF7A6
:10908000ADFF607F38BD00BF781D0020034B5B7FC4
:109090000BB100F023B81846704700BF781D0020C0
:1090A00008B500F003F9044B5B7F002B08BF0020DC
:1090B00000F0010008BD00BF781D0020034B5A7F5F
:1090C0000AB1587B70470120704700BF781D00200F
:1090D000014B1888704700BF781D002070B5134CF5
:1090E000657F264605B3032901D908B11BE020B9E5
:1090F0000023B3730423B3700BE0A2788A4212D822
:10910000227E0AB9627E42B1032801D008280AD122
:10911000B073F8F74BFE306106E0A073A170F8F76A
:1091200045FE206100E00025284670BD781D002026
:1091300037B505460DF1070000F0F0F81D4B5B7BDD
:1091400004460E2B2ED8DFE803F0080B0F13171A76
:109150002D2D1D212E242D2D280000F077F91FE044
:10916000284600F029F81BE0284600F05DF817E0DB
:10917000284600F07DF813E000F04CF910E000F014
:1091800057F90DE0284600F087F809E000F040F9B3
:1091900006E0284600F082F802E0284600F080F859
:1091A000044600E00024284600F01EF9204603B0E3
:1091B00030BD00BF781D002037B502A9002301F89B
:1091C000013DFEF7F1FC08B9002028E0154CFEF740
:1091D00049FDA37B20800B2B254604D0AB7B0E2BB7
:1091E00006D0012407E000F085F80028F6D1EBE76F
:1091F00000F084F804462A884FF6FF739A420DD196
:10920000084B9B7B022B09D10120FAF73DFB00287C
:10921000DAD000F057F82040C0B200E0204603B09A
:1092200030BD00BF781D0020104B5A69801AB0F580
:109230007A7F84BF00229A709B7B0E2B13D8DFE8C5
:1092400003F00812120A0C0E12120A121212121253
:10925000100000F02BB800F039B800F03FB800F073
:1092600041B800F04BB80120704700BF781D0020C6
:1092700007B5FFF701FD08B9002009E001A8FFF7D5
:1092800037FD0028F8D09DF805300BB100F02EF81E
:1092900003B05DF804FB00BFFFF72CB9FFF77CB902
:1092A0000149FFF775BD00BF921D0020044B1A7ED7
:1092B00022B95A7304229A7001221A76012070474B
:1092C000781D0020022000F01DB800BF024B0122D3
:1092D00003205A7600F016B8781D0020042000F014
:1092E00011B800BF052000F00DB800BF082000F045
:1092F00009B800BF0B2000F005B800BF0E2000F039
:1093000001B800BF10B5044C637B23736073F8F79A
:109310004DFD6061012010BD781D002090B585B025
:1093200000AF78600123FB73264B5B7B184600F08F
:109330004BF80346BB73FC7B07F10D03184602F0A4
:10934000D9FF03462340002B0CBF00230123FB73EE
:10935000BB7B002B10D07B7B83F00103DBB2002BA7
:109360000AD0FC7B02F09EFF03462340002B0CBF7B
:1093700000230123FB730FE0BB7B83F00103DBB20F
:10938000002B09D0FC7B02F0A3FF03462340002BF7
:109390000CBF00230123FB73FC7B07F10D03184670
:1093A00002F0A8FF03462340002B0CBF002301233B
:1093B000FB737A7B7B681A70FB7B18461437BD46BB
:1093C00090BD00BF781D00200138C3B20D2B4FF0B7
:1093D000010007D8984042F201430340D3F1010055
:1093E00038BF0020704700BF30B5084B9A7BFF2A7A
:1093F0000AD0597B8A4207D01C6941F28835041B88
:10940000AC4201D902B19973012030BD781D002012
:1094100000207047054B9B7B1BB1042B03D0FFF74B
:1094200051BFFFF743BF0120704700BF781D0020E8
:10943000054B9B7B1BB1052B03D0FFF743BFFFF709
:1094400035BF0120704700BF781D002008B5FEF72A
:1094500089FB48B1054B9B7B032B01D0082B03D123
:10946000BDE80840FFF732BF08BD00BF781D0020EF
:1094700010B504288EB0034607D0002401220192C3
:10948000009417204821224647E000F099FF044647
:1094900028B901230090019317204F212CE02B497C
:1094A00000220023C1E90023C1E90223C1E904230A
:1094B00003A8FBF7FFFA042801D0002442E00DF1D5
:1094C0001200FBF7BBFA0428F7D10DF11A00FBF7E5
:1094D0003DFA0428F1D10DF12200FBF773FA0428BC
:1094E000EBD10CA8FBF7F6F9042808D000240123DF
:1094F000009401931720A621224623460DE00BA8D5
:1095000003F070FD044658B90B9B0121B3F94A20C2
:109510001B78009001911720AB21F7F7CBFE11E0EB
:1095200003A800F063FF0028C7D002F0F5FC044652
:109530000028C2D0064A00231370064A1370064B57
:1095400001221A7020460EB010BD00BF981D0020E9
:10955000B71D0020B51D0020B41D002037B5234BDA
:109560000C461978054619B9FC200A4600F02AFF76
:10957000204600F025FA0021204600F031FA0020B4
:1095800000F088FA002000F0E1FA002000F080FBF3
:10959000002000F0B1FB002000F0E4FB002000F010
:1095A00015FC002000F04CFC002000F077FD0021AD
:1095B000284600F0D7FD002000F00EFE002000F04D
:1095C00057FE002000F088FE002000F0C9FE02A82F
:1095D000002300F8013D064B01221A7000F0CAF981
:1095E00080F00100C0B203B030BD00BFB41D002048
:1095F000B51D002073B500238DF807309F4B0E4634
:109600001978054621B94FF4A3700A4600F0DAFE36
:109610009B4B19681C4609B91D6012E0691A05299F
:10962000984B0BD91A780132D2B2012A1A7007D995
:109630004FF4AD70002200F0C5FE01E000221A7068
:109640002560914C238801339BB23222B3FBF2F1A7
:10965000238002FB11339BB22D2B03D13046012115
:1096600000F0BEF92288FA23B2FBF3F103FB1123C9
:109670009BB2EE2B02D1012000F00CFA22887D2350
:10968000B2FBF3F103FB11239BB2772B02D1012034
:1096900000F05CFA22884FF4FA73B2FBF3F103FB9B
:1096A00011239BB240F2E1118B4202D1012000F064
:1096B000EFFA22884FF4FA73B2FBF3F103FB1123A4
:1096C0009BB2B3F5F07F02D1012000F015FB228898
:1096D0004FF4FA73B2FBF3F103FB11239BB240F298
:1096E000DF118B4202D1012000F03CFB22884FF4B5
:1096F000FA73B2FBF3F103FB11239BB2B3F5EF7FD7
:1097000002D1012000F062FB2288FA23B2FBF3F1C0
:1097100003FB11239BB2ED2B02D1012000F090FB43
:109720002288FA23B2FBF3F103FB11239BB2EC2B4B
:1097300003D12846012100F0B9FB22881923B2FB8E
:10974000F3F103FB11239BB2122B02D1012000F095
:10975000F3FB2288FA23B2FBF3F103FB11239BB244
:10976000F22B03D12846012100F010FC22884FF48F
:10977000FA73B2FBF3F103FB11239BB2B3F5EE7F57
:1097800002D1012000F02CFC2288FA23B2FBF3F175
:1097900003FB11239BB2E02B03D12846012100F0EB
:1097A00043FC012000F07AFC2288FA23B2FBF3F19B
:1097B00003FB11239BB2DF2B02D1012000F0A0FCA0
:1097C0000121284600F0CEFC2288FA23B2FBF3F1F7
:1097D00003FB11239BB2EB2B02D1012000F0FCFC18
:1097E000012000F045FD22884FF4FA73B2FBF3F13B
:1097F00003FB11239BB240F2D1118B4202D1012015
:1098000000F06AFD22884FF4FA73B2FBF3F103FB18
:1098100011239BB240F2D1118B4202D1012000F002
:109820009FFD2388B3F5FA7F02D1174B00221A80DF
:109830000DF1070000F09EF8F0B1FFF731FC014692
:1098400020B94FF4FA700A4600F0BCFD0F4B1A68BD
:1098500002B91D609DF8072022B11B68ED1AB5F50D
:10986000FA7F09D30020FAF70FF8014620B940F239
:1098700031200A4600F0A6FD02B070BDB41D0020E4
:10988000BC1D0020B81D0020C41D0020C01D0020EC
:1098900010B5114B1978044621B940F23E200A4612
:1098A00000F090FD00220023C4E900230B49C4E925
:1098B0000223C4E90423D1E90023C4E90023D1E948
:1098C0000223C4E90223D1E90423C4E90423044B9D
:1098D0001B78237610BD00BFB41D0020981D00200A
:1098E000B51D0020034B187808B1034B187800F021
:1098F00001007047B41D0020B51D002008B5074BBE
:10990000197821B94FF431700A4600F05BFD044B21
:109910001878C04300F0010008BD00BFB41D00204E
:10992000B01D002008B5074B197821B940F2D120AD
:109930000A4600F047FD044B187880F00200C0F39F
:10994000400008BDB41D0020B01D002008B5074B25
:10995000197821B940F2DE200A4600F033FD044BAD
:10996000187880F00400C0F3800008BDB41D00200A
:10997000B01D002070B5104B01260670D3E90023FE
:109980004FF0FF344FF6FF7514401D4054EA0501B7
:109990000A494FF0305441F2080503EA050302EA90
:1099A000040218BF0E7052EA030414BF00230123FF
:1099B0000370087870BD00BF981D0020B61D002000
:1099C000012807D1044900220023C1E90023034BE9
:1099D00000221A70704700BF981D0020B61D00209D
:1099E00073B5064601A80D4605F0F0F8014628B902
:1099F00040F2DF300A4600F0E5FC45E0234C0198D8
:109A00002A46314600F01CFD237843EA900161F3B9
:109A100000032370237AC0F3400262F30003237231
:109A2000237C2A4660F3000331460198237400F03A
:109A300099FD2178C0F38005C1F340022A4362F307
:109A40004101227A2170C0F3400363F34102237C79
:109A5000227260F34103237401F0010102F001025C
:109A600003F00103002002F091FA094D2178227AD7
:109A7000237C2880C1F340010120C2F34002C3F3DC
:109A8000400302F083FA288002B070BD981D0020C8
:109A9000B01D002037B5054601A805F097F801462E
:109AA00028B940F205400A4600F08CFC47E00198D6
:109AB000244C2946A03000F0EBFD237843EA000156
:109AC000C1F3800161F382032370237AC0F3400263
:109AD00062F382032372237C60F382030198237470
:109AE0002946A03000F05CFE2178C0F38005C1F368
:109AF000C0022A4362F3C301227A2170C0F34003FB
:109B000063F3C302237C227260F3C3032374C1F3A3
:109B10008001C2F38002C3F38003022002F036FA10
:109B2000094D2178227A237C2880C1F3C0010320CB
:109B3000C2F3C002C3F3C00302F028FA288003B0C6
:109B400030BD00BF981D0020B01D002073B5054634
:109B500001A805F03BF8014628B940F22B400A461F
:109B600000F030FC8EE00198474C2946503000F060
:109B70009FFE2378C0F38006C3F30011314361F3E5
:109B800004132370237AC0F3400262F30413237298
:109B9000237C60F30413019823742946503000F0AD
:109BA0000FFF2378C0F38006C3F34011314361F304
:109BB00045132370237AC0F3400262F345132372E6
:109BC000237C60F34513019823742946503000F03C
:109BD0007FFF2378C0F38006C3F38011314361F324
:109BE00086132370237AC0F3400262F38613237234
:109BF000237C60F38613019823742946503000F0CB
:109C0000EFFF2178214DC0F3800242EAD11262F3C6
:109C1000C711227A2170C0F3400363F3C712237C7B
:109C2000227260F3C7132374C1F30011C2F3001250
:109C3000C3F30013042002F0A9F92178227A237CCF
:109C40002880C1F34011C2F34012C3F34013052032
:109C500002F09CF92178227A237C2880C1F38011BC
:109C6000C2F38012C3F38013062002F08FF921782B
:109C7000227A237C28800720C140C240C34002F0E2
:109C800085F9288002B070BD981D0020B01D00200D
:109C900013B5044601A804F099FF014628B940F223
:109CA00061400A4600F08EFB1FE00198214600F556
:109CB00008700F4C01F01CF8637843EA900101F042
:109CC000010161F300036370637AC0F3400262F341
:109CD0000003637200F00103607C63F300006074B2
:109CE000082002F053F9034B188002B010BD00BFEA
:109CF000981D0020B01D002013B5044601A804F0F3
:109D000065FF014628B940F27F400A4600F05AFB41
:109D100021E001982146114C00F50B7001F056F836
:109D20006378C3F3400141EA900101F0010161F35E
:109D300041036370637AC0F3400262F341036372CC
:109D400000F00103607C63F341006074092002F0BD
:109D50001DF9034B188002B010BD00BF981D0020F4
:109D6000B01D002013B5044601A804F02FFF0146E2
:109D700028B940F29D400A4600F024FB1FE00198FC
:109D8000214600F50B700F4C01F076F8637843EA3A
:109D90000001C1F3800161F382036370637AC0F351
:109DA000400262F38203637200F00103607C63F39C
:109DB000820060740A2002F0E9F8034B188002B0B8
:109DC00010BD00BF981D0020B01D002013B5044633
:109DD00001A804F0FBFE014628B940F2BB400A4648
:109DE00000F0F0FA25E0019A2346134C02F50671C3
:109DF00002F5047002F5217201F088F86378C3F36C
:109E0000C00141EA900101F0010161F3C3036370F5
:109E1000637AC0F3400262F3C303637200F001038C
:109E2000607C63F3C30060740B2002F0AFF8034B57
:109E3000188002B010BD00BF981D0020B01D00208A
:109E400013B5044601A804F0C1FE014628B940F24A
:109E5000D9400A4600F0B6FA21E001982146114C9B
:109E600000F5F07001F008F96378C3F3401141EA9E
:109E7000900101F0010161F345136370637AC0F34F
:109E8000400262F34513637200F00103607C63F3E8
:109E9000451060740D2002F079F8034B188002B071
:109EA00010BD00BF981D0020B01D002030B589B046
:109EB000044607A80D4604F089FE014628B94FF470
:109EC0009F600A4600F07EFA30E00799049501F59C
:109ED0000472009201F50672019201F5217202925C
:109EE000204601F50872124C039201F5F07301F15E
:109EF000500201F037F96378C3F3801141EA900111
:109F000001F0010161F386136370637AC0F34002CC
:109F100062F38613637200F00103607C63F38610C2
:109F200060740E2002F032F8024B188009B030BD88
:109F3000981D0020B01D002038B5044602F032FA0A
:109F40000546F7F733FF2146401B0E4C01F078FA27
:109F5000A37843EA0001C1F3800161F38203A37097
:109F6000A37AC0F3400262F38203A37200F00103FC
:109F7000A07C63F38200A074122002F007F8024B69
:109F8000188038BD981D0020B01D002038B50C4643
:109F90000546FCF7F3FC22460F4C294601F0B2FAC5
:109FA000A378C3F3C00141EA900101F0010161F31C
:109FB000C303A370A37AC0F3400262F3C303A37286
:109FC00000F00103A07C63F3C300A074132001F030
:109FD000DDFF024B188038BD981D0020B01D002009
:109FE00010B50F4C01F054FBA378C3F3801141EA84
:109FF000900101F0010161F38613A370A37AC0F30D
:10A00000400262F38613A37200F00103A07C63F3A5
:10A010008610A074162001F0B9FF024B188010BD05
:10A02000981D0020B01D002037B5002205460C46C3
:10A030000DF1020001A9ADF802200192F8F7ECFE43
:10A04000014620B940F216600A4600F0BBF90199BA
:10A05000BDF90220234628460E4C01F031FBE3787F
:10A0600043EA900101F0010161F30003E370E37A38
:10A07000C0F3400262F30003E37200F00103E07CEE
:10A0800063F30000E074182001F080FF024B188099
:10A0900003B030BD981D0020B01D002013B504464C
:10A0A0000DF10700F9F700FC014620B940F25660B7
:10A0B0000A4600F087F921469DF807000E4C01F092
:10A0C0009DFBE37843EA0001C1F3800161F3820361
:10A0D000E370E37AC0F3400262F38203E37200F0BC
:10A0E0000103E07C63F38200E0741A2001F04EFF6C
:10A0F000024B188002B010BD981D0020B01D00203A
:10A1000013B50446684602F03FFE014620B940F20E
:10A1100094600A4600F056F92146104C684601F05A
:10A12000ABFBE378C3F3001141EA900101F00101B8
:10A1300061F30413E370E37AC0F3400262F30413A3
:10A14000E37200F00103E07C63F30410E0741C2070
:10A1500001F01CFF024B188002B010BD981D0020BA
:10A16000B01D002037B5002205460C46684601A9FF
:10A1700000920192F8F79CFE014620B940F2BE60C1
:10A180000A4600F01FF92346114C0199009A28460F
:10A1900001F0F0FBE378C3F3401141EA900101F0D4
:10A1A000010161F34513E370E37AC0F3400262F307
:10A1B0004513E37200F00103E07C63F34510E074A3
:10A1C0001D2001F0E3FE034B188003B030BD00BF3B
:10A1D000981D0020B01D002030B585B00446FDF765
:10A1E0004DFD054602A8F7F7D3FA03A804F0EEFCEC
:10A1F000029B03995B7E73B191F8942291F892329D
:10A2000091F89502D31A5A425A4191F89332C11AE1
:10A210004B424B4105E091F89532003318BF0123C2
:10A2200001220094104C2846012101F03DFCE37806
:10A23000C3F3801141EA900101F0010161F386133B
:10A24000E370E37AC0F3400262F38613E37200F036
:10A250000103E07C63F38610E0741E2001F096FE9B
:10A26000024B188005B030BD981D0020B01D0020A5
:10A2700013B504460DF10700F9F784FB014620B938
:10A2800040F64D000A4600F09DF82146104C9DF81E
:10A29000070001F059FC6379C3F3001141EA900112
:10A2A00001F0010161F304136371637BC0F34002A9
:10A2B00062F30413637300F00103607D63F3041021
:10A2C00060752C2001F062FE024B188002B010BDB8
:10A2D000981D0020B01D002073B5054600F0AAF8B7
:10A2E000044601F04DFE1B4B1B78204340EA03045B
:10A2F00002F014F8064602F071FC80F00100E4B2AE
:10A30000C0B28DE82100224686F00103124C0020E5
:10A310000146DBB201F052FC6379C3F3401141EA1C
:10A32000900101F0010161F345136371637BC0F398
:10A33000400262F34513637300F00103607D63F331
:10A34000451060752D2001F021FE044B188002B0ED
:10A3500070BD00BFB71D0020981D0020B01D00205B
:10A3600013B5044601A804F031FC019BB3F8900238
:10A3700021460030104C18BF012001F079FC6379B0
:10A38000C3F3801141EA900101F0010161F38613EA
:10A390006371637BC0F3400262F38613637300F062
:10A3A0000103607D63F3861060752E2001F0EEFDE1
:10A3B000024B188002B010BD981D0020B01D002077
:10A3C0000120704773B51346074A06460D46002420
:10A3D0000121117017200094019431462A46F6F7A6
:10A3E00069FF02B070BD00BFB71D002073B5054600
:10A3F00001F07CFD064648B90123009001938A21B3
:10A40000324633461820F6F755FF0BE00FCD074CC8
:10A410000FC40FCD0FC495E80700054B84E8070073
:10A4200001221A70304602B070BD00BFA822002081
:10A43000D4220020014B1878704700BFD52200209D
:10A440002DE9F04F424B90F84E501C7889B083466E
:10A450000E4690466CB9B3202146224601F048FDD5
:10A460004FF0000064F3000064F3410064F38200E5
:10A470006AE0202D05D92A46B620002101F038FDDA
:10A480002025344B1A6A042E0CBFB2F814C0B2F85F
:10A4900010C05A881B88069207930026F4B2AC427B
:10A4A0003DD20BEB4603079FB3F908300093069BA0
:10A4B000CDF814C00FFA8CF11AB201203BB201F0B2
:10A4C000ADFC2549CDF8088082464FF00A09CAF351
:10A4D00080030A1D019300202346CDF8009001F06F
:10A4E000CFFC1E49CDF80090CAF340030A1D01932A
:10A4F00001202346CDF8088001F0C2FC1849CDF8B0
:10A5000000900AF001030193CDF8088002200A1D93
:10A51000234601F0B5FC0136DDF814C0BEE70E4B52
:10A520001A68111C5A6A9B6C18BF0121003218BFAF
:10A530000122003318BF01234FF0000063F3000035
:10A5400062F3410061F3820009B0BDE8F08F00BF03
:10A55000D4220020A8220020C81D0020EC1D0020CD
:10A56000101E00202DE9F04F444B90F84E501C78FF
:10A5700089B00E46069090466CB9EC2021462246E2
:10A5800001F0B6FC4FF0000064F3000064F34100FA
:10A5900064F382006EE0202D05D92A46EF200021C9
:10A5A00001F0A6FC2025364B1A6A042E0ABFB3F828
:10A5B0000AC0B3F808C0B2F816B0DB8818BFB2F80A
:10A5C00012B007930026F4B2AC423ED2069A079F1F
:10A5D00002EB46030FFA8BF1B3F9083000930FFA40
:10A5E0008CF23BB20020CDF814C001F017FC2549D5
:10A5F000CDF8088082464FF00A09CAF380030A1D8D
:10A60000019300202346CDF8009001F039FC1E494B
:10A61000CDF80090CAF340030A1D019301202346A0
:10A62000CDF8088001F02CFC1849CDF800900AF014
:10A6300001030193CDF8088002200A1D234601F092
:10A640001FFC0136DDF814C0BDE70E4B1A68111C63
:10A650005A6A9B6C18BF0121003218BF01220033D7
:10A6600018BF01234FF0000063F3000062F34100C4
:10A6700061F3820009B0BDE8F08F00BFD422002052
:10A68000A8220020341E0020581E00207C1E00201E
:10A690002DE9F04F3D4B90F84E501C7887B088461E
:10A6A000059074B94FF491702146224601F020FCC8
:10A6B0004FF0000064F3000064F3410064F3820093
:10A6C00060E0202D06D92A4640F22510002101F035
:10A6D0000FFC2025DFF8C4B00026F4B2AC423CD217
:10A6E000059FDBF82030BBF92820B3F93C10BBF9FB
:10A6F000243007EB46004FF00509B0F90800009040
:10A70000002001F08BFB2249CDF800908246CAF36D
:10A7100080030A1D019300202346CDF8088001F034
:10A72000AFFB1C49CDF80090CAF340030A1D01930A
:10A7300001202346CDF8088001F0A2FB1649CDF890
:10A7400000900AF001030193CDF8088002200A1D51
:10A75000234601F095FB0136BFE70D4B1A68111C2B
:10A760005A6A9B6C18BF0121003218BF01220033C6
:10A7700018BF01234FF0000063F3000062F34100B3
:10A7800061F3820007B0BDE8F08F00BFD422002043
:10A79000A01E0020C41E0020E81E0020A8220020C9
:10A7A0002DE9F04F3D4B90F84E501C7887B088460D
:10A7B000059074B94FF4A2702146224601F098FB2F
:10A7C0004FF0000064F3000064F3410064F3820082
:10A7D00060E0202D06D92A4640F24710002101F002
:10A7E00087FB2025DFF8C4B00026F4B2AC423CD28F
:10A7F000059FDBF82030BBF92A20B3F93A10BBF9EA
:10A80000263007EB46004FF00509B0F9080000902C
:10A81000012001F003FB2249CDF800908246CAF3E3
:10A8200080030A1D019300202346CDF8088001F023
:10A8300027FB1C49CDF80090CAF340030A1D019381
:10A8400001202346CDF8088001F01AFB1649CDF807
:10A8500000900AF001030193CDF8088002200A1D40
:10A86000234601F00DFB0136BFE70D4B1A68111CA2
:10A870005A6A9B6C18BF0121003218BF01220033B5
:10A8800018BF01234FF0000063F3000062F34100A2
:10A8900061F3820007B0BDE8F08F00BFD422002032
:10A8A0000C1F0020301F0020541F0020A822002071
:10A8B0002DE9F04F3D4B90F84E501C7887B08846FC
:10A8C000059074B94FF4B3702146224601F010FB95
:10A8D0004FF0000064F3000064F3410064F3820071
:10A8E00060E0102D06D9294640F26910002201F0DF
:10A8F000FFFA1025DFF8C4B00026F4B2AC423CD217
:10A90000059FDBF82030BBF91C20B3F92610BBF9FA
:10A91000183007EB46004FF00509B0F92800009009
:10A92000012001F07BFA2249CDF800908246CAF35B
:10A9300080030A1D019300202346CDF8088001F012
:10A940009FFA1C49CDF80090CAF340030A1D0193F9
:10A9500001202346CDF8088001F092FA1649CDF87F
:10A9600000900AF001030193CDF8088002200A1D2F
:10A97000234601F085FA0136BFE70D4B1A68111C1A
:10A980005A699B6A18BF0121003218BF01220033A7
:10A9900018BF01234FF0000063F3000062F3410091
:10A9A00061F3820007B0BDE8F08F00BFD422002021
:10A9B000781F00208C1F0020A01F0020A82200204C
:10A9C0002DE9F04F3D4B90F84E501C7887B08846EB
:10A9D000059074B94FF4C4702146224601F088FAFC
:10A9E0004FF0000064F3000064F3410064F3820060
:10A9F00060E0102D06D92A4640F28B10002101F0AC
:10AA000077FA1025DFF8C4B00026F4B2AC423CD28D
:10AA1000059FDBF82030BBF91420B3F92610BBF9F1
:10AA2000103007EB46004FF00509B0F92800009000
:10AA3000012001F0F3F92249CDF800908246CAF3D3
:10AA400080030A1D019300202346CDF8088001F001
:10AA500017FA1C49CDF80090CAF340030A1D019370
:10AA600001202346CDF8088001F00AFA1649CDF8F6
:10AA700000900AF001030193CDF8088002200A1D1E
:10AA8000234601F0FDF90136BFE70D4B1A68111C92
:10AA90005A699B6A18BF0121003218BF0122003396
:10AAA00018BF01234FF0000063F3000062F3410080
:10AAB00061F3820007B0BDE8F08F00BFD422002010
:10AAC000B41F0020C81F0020DC1F0020A822002087
:10AAD0002DE9F04F3D4B90F84E501C7887B08846DA
:10AAE000059074B94FF4D5702146224601F000FA62
:10AAF0004FF0000064F3000064F3410064F382004F
:10AB000060E0102D06D92A4640F2AD10002101F078
:10AB1000EFF91025DFF8C4B00026F4B2AC423CD205
:10AB2000059FDBF82030BBF91A20B3F92810BBF9D8
:10AB3000163007EB46004FF00509B0F928000090E9
:10AB4000002001F06BF92249CDF800908246CAF34B
:10AB500080030A1D019300202346CDF8088001F0F0
:10AB60008FF91C49CDF80090CAF340030A1D0193E8
:10AB700001202346CDF8088001F082F91649CDF86E
:10AB800000900AF001030193CDF8088002200A1D0D
:10AB9000234601F075F90136BFE70D4B1A68111C09
:10ABA0005A699B6A18BF0121003218BF0122003385
:10ABB00018BF01234FF0000063F3000062F341006F
:10ABC00061F3820007B0BDE8F08F00BFD4220020FF
:10ABD000F01F00200420002018200020A8220020C0
:10ABE0002DE9F04F3D4B90F84E501C7887B08846C9
:10ABF000059074B94FF4E6702146224601F078F9C9
:10AC00004FF0000064F3000064F3410064F382003D
:10AC100060E0102D06D92A4640F2CF10002101F045
:10AC200067F91025DFF8C4B00026F4B2AC423CD27C
:10AC3000059FDBF82030BBF91220B3F92810BBF9CF
:10AC40000E3007EB46004FF00509B0F928000090E0
:10AC5000002001F0E3F82249CDF800908246CAF3C3
:10AC600080030A1D019300202346CDF8088001F0DF
:10AC700007F91C49CDF80090CAF340030A1D01935F
:10AC800001202346CDF8088001F0FAF81649CDF8E6
:10AC900000900AF001030193CDF8088002200A1DFC
:10ACA000234601F0EDF80136BFE70D4B1A68111C81
:10ACB0005A699B6A18BF0121003218BF0122003374
:10ACC00018BF01234FF0000063F3000062F341005E
:10ACD00061F3820007B0BDE8F08F00BFD4220020EE
:10ACE0002C2000204020002054200020A8220020FA
:10ACF0002DE97047314B057A1C7885B0824688462D
:10AD000074B94FF4F7702146224601F0F1F84FF084
:10AD1000000064F3000064F3410064F3820049E042
:10AD2000202D06D92A4640F2F110002101F0E0F86A
:10AD300020250026F4B2AC4227D2DAF804302049AC
:10AD4000CDF80880F34003F001091E230A1D8DE8A9
:10AD500008020020234601F093F81A49CDF8088034
:10AD60000A230A1D8DE808020120234601F088F815
:10AD70001549CDF8088003238DE8080202200A1D3A
:10AD8000234601F07DF80136D4E70D4B1A68111CFB
:10AD90005A6A9B6C18BF0121003218BF0122003390
:10ADA00018BF01234FF0000063F3000062F341007D
:10ADB00061F3820005B0BDE8708700BFD422002097
:10ADC000682000208C200020B02000202DE97F4347
:10ADD000264B90F856501C780646884674B94FF4B6
:10ADE00004702146224601F083F84FF0000064F31E
:10ADF000000064F3410064F3820033E0202D06D9A3
:10AE00002A4640F21320002101F072F82025002488
:10AE10004FF00509E3B2AB420FD2B2681449CDF846
:10AE20000090E24002F001020192CDF80880022079
:10AE30000A1D01F025F80134ECE70E4B1A68111CCD
:10AE40005A6A9B6C18BF0121003218BF01220033DF
:10AE500018BF01234FF0000063F3000062F34100CC
:10AE600061F3820004B0BDE8708300BFD4220020EB
:10AE70001C210020D42000201FB5224B1C7874B95F
:10AE800040F22F202146224601F032F84FF0000018
:10AE900064F3000064F3410064F382002FE0B0F932
:10AEA00050305F2B07DCB0F9523013F15F0FACBFAD
:10AEB0000023012300E00123134C029103228DE8BB
:10AEC0000C0002202146221D002300F0D9FFA4F12E
:10AED000100354F8101C54F8082C1B69003118BFDB
:10AEE0000121003218BF0122003318BF01234FF0A7
:10AEF000000063F3000062F3410061F3820004B0DC
:10AF000010BD00BFD4220020502100202DE9704F39
:10AF10001C46574B86B01D78059283468A4675B904
:10AF200040F24E2029462A4600F0E2FF4FF0000092
:10AF300065F3000065F3410065F3820095E04FF092
:10AF40000509CDF8009003794A4E0294002083F061
:10AF50000103019331460346321D00F091FF9BF837
:10AF6000043002944FF0030883F0010301930120A1
:10AF700006F1080106F10C020023CDF8008000F074
:10AF80007FFF9BF80430029401256B40019302205F
:10AF900006F1100106F114020023009500F070FF85
:10AFA0009AF80430CDF800906B40019300203146B0
:10AFB000321D2B46029400F063FF9AF80430CDF85E
:10AFC00000806B400193284606F1080106F10C024F
:10AFD0002B46029400F054FF9AF8043000956B4021
:10AFE0000193022006F1100106F114022B4602948F
:10AFF00000F046FF059ACDF80090137901930020E8
:10B000003146321D0223029400F03AFF059ACDF832
:10B01000008013790193284606F1080106F10C021D
:10B020000223029400F02CFF059A009513790193F6
:10B030000220034606F1100106F11402029400F00A
:10B040001FFF336831691A1CB36818BF012200332F
:10B0500018BF0123003118BF01214FF0000061F338
:10B06000000063F3410062F3820006B0BDE8708F18
:10B07000D4220020582100202DE97F43354B90F841
:10B080002E501C7881460E4674B94FF41C70214630
:10B09000224600F02DFF4FF0000064F3000064F33F
:10B0A000410064F3820051E0012D06D92A4640F2A6
:10B0B0007320002100F01CFF01250023AB4230D299
:10B0C000B9F90830009340F6926140F62E6240F6DE
:10B0D0006653012000F0A2FE1F4902968046032419
:10B0E0000020C8F380030A1D01930094034600F07A
:10B0F000C7FE1A490094C8F340030A1D01930120BA
:10B100000023029600F0BCFE1549009408F00103EC
:10B1100001930296002302200A1D00F0B1FE0123D4
:10B12000CCE70D4B1A68111C9A681B6918BF0121E6
:10B13000003218BF0122003318BF01234FF0000076
:10B1400063F3000062F3410061F3820004B0BDE8E4
:10B15000708300BFD42200207021002078210020BD
:10B16000802100202DE97F4F9A46B34B9DF8406027
:10B170001C7880468B46914674B940F29F20214648
:10B18000224600F0B5FE4FF0000064F3000064F3C7
:10B19000410064F382004BE1012500950B68A74C48
:10B1A0000296C31AB3F57A6F94BF002301230020DF
:10B1B000019321460346221D00F062FEDBF80030B9
:10B1C0000095C3EB0803B3F5FA6F94BF0023012386
:10B1D0000193284604F10C0104F1100200230296A9
:10B1E00000F04EFEDBF800300095C3EB0803B3F52A
:10B1F0007A7F94BF002301230193022004F11801F8
:10B2000004F11C020023029600F03AFE0095D9F8E2
:10B2100000300296C3EB0803B3F5FA5F94BF002336
:10B220000123019300202146221D2B4600F028FE19
:10B230000095D9F800300296C3EB0803B3F57A6F96
:10B2400094BF002301230193284604F10C0104F16B
:10B2500010022B4600F014FE0095D9F8003002963B
:10B26000C3EB0803B3F5FA6F94BF002301230193E6
:10B27000022004F1180104F11C022B4600F000FE2C
:10B280000095DAF800300296C3EB080341F27079BA
:10B290004B4594BF002301230193284604F10C0180
:10B2A00004F11002022300F0EBFD0095DAF8003003
:10B2B0000296C3EB080340F6B832934294BF0023D2
:10B2C00001230220019304F11801034604F11C023A
:10B2D00000F0D6FD0C9A009513680296C3EB0803A4
:10B2E00042F2107A534594BF00230123019328466C
:10B2F00004F10C0104F11002032300F0C1FD0C9ACB
:10B30000009513680296C3EB08034B4594BF0023D6
:10B3100001230193022004F1180104F11C0203230C
:10B3200000F0AEFD0D9A009513680296C3EB08037A
:10B33000534594BF002301230193284604F10C01D7
:10B3400004F11002042300F09BFD0D9A0095136890
:10B350000296C3EB08034B4594BF002301230193DE
:10B36000022004F1180104F11C02042300F088FDFE
:10B370000E9A009513680296C3EB0803534594BFD9
:10B38000002301230193284604F10C0104F110026B
:10B39000052300F075FD0E9A009513680296C3EB25
:10B3A00008034B4594BF002301230193022004F1BD
:10B3B000180104F11C02052300F062FD0F9A0095AC
:10B3C00013680296C3EB0803534594BF002301237F
:10B3D0000193284604F10C0104F11002062300F049
:10B3E0004FFD0F9A009513680296C3EB0808C845F5
:10B3F00094BF002301230193022004F1180104F1FA
:10B400001C02062300F03CFD2368A1691A1CE368B6
:10B4100018BF0122003318BF0123003118BF0121DA
:10B420004FF0000061F3000063F3410062F382001B
:10B4300004B0BDE8708F00BFD42200208821002016
:10B440002DE970412D4B1C7885B006460D4674B928
:10B4500040F259302146224600F04AFD4FF00000EC
:10B4600064F3000064F3410064F3820043E042F2BD
:10B470001C53234C0291984294BF002301234FF0A8
:10B4800005082146221D019301200023CDF80080EC
:10B4900000F0F6FCB6F5FA7F94BF0026012604F111
:10B4A0000C0204F10801019602950023CDF80080FA
:10B4B000022000F0E5FC54F8083C54F808691D1C13
:10B4C000226918BF0125003618BF0126141C18BFB9
:10B4D000012444B100230093019318204FF45971C3
:10B4E0001223F5F7E7FE4FF0000064F3000066F367
:10B4F000410065F3820005B0BDE87081D4220020D0
:10B50000B42100202DE970415F4B1E7885B00446C0
:10B510008846154676B940F2A2303146324600F0F0
:10B52000E7FC4FF0000066F3000066F3410066F3AD
:10B530008200A5E0C3683BB1836842F20F72CB1A68
:10B5400093428CBF002301230126504900963340CB
:10B550000A1D019302200023029500F091FC009641
:10B5600023694A490295003318BF01230193022041
:10B5700033460A1D00F084FCA36943B1636942F2BB
:10B580000F72C3EB080393428CBF002301230122F7
:10B590003E490092134002200193029503460A1D82
:10B5A00000F06EFC636B43B1236B42F20F72C3EB8E
:10B5B000080393428CBF00230123012233490092E8
:10B5C000134001930295032302200A1D00F058FC4A
:10B5D000636C43B1236C42F20F72C3EB08039342D6
:10B5E0008CBF0023012301262849009633400A1D01
:10B5F000019302200423029500F042FC009694F887
:10B60000543022490295003318BF012301930220D0
:10B6100005230A1D00F034FCA36E5BB1636EC3EB1F
:10B62000080842F20F7398458CBF4FF000084FF0A6
:10B63000010800E09846154C02950123009308EAA2
:10B640000303019302202146221D062300F018FC6B
:10B65000A4F1180354F8181C54F80C2C9B69003101
:10B6600018BF0121003218BF0122003318BF012387
:10B670004FF0000063F3000062F3410061F38200C9
:10B6800005B0BDE8708100BFD4220020DC2100207D
:10B6900010B50A4B1C7874B940F21440214622467A
:10B6A00000F026FC4FF0000064F3000064F341005A
:10B6B00064F3820010BD4FF0000010BDD4220020C2
:10B6C0002DE97F431E464B4B1C78904674B940F2DF
:10B6D00026402146224600F00BFC4FF0000064F3A8
:10B6E000000064F3410064F382007FE0C1EB0009D5
:10B6F00044F62063404C029699454FF0010594BFF3
:10B70000002301230020019321460346221D0095BA
:10B7100000F0B6FB42F21073994594BF0023012359
:10B720000193284604F1080104F10C02002300955E
:10B73000029600F0A5FB41F28833994594BF00239F
:10B7400001230193022004F1100104F114020023EB
:10B750000095029600F094FB40F62E639845D4BF06
:10B76000002301234FF00309019300202146221DED
:10B770002B46CDF80090029600F082FB40F6CA53AB
:10B780009845D4BF002301230193284604F1080102
:10B7900004F10C022B46CDF80090029600F070FBED
:10B7A00040F666539845D4BF00230123019302203D
:10B7B00004F1100104F114022B46CDF8009002961A
:10B7C00000F05EFB236821691A1CA36818BF0122E0
:10B7D000003318BF0123003118BF01214FF00000D2
:10B7E00061F3000063F3410062F3820004B0BDE83E
:10B7F000708300BFD4220020E82100201FB51C4B1D
:10B800001C7874B940F273402146224600F070FB68
:10B810004FF0000064F3000064F3410064F3820021
:10B8200023E0144C0291022380F001000093019068
:10B8300021460120221D002300F022FB214654F85E
:10B84000083C51F808290033096918BF0123003268
:10B8500018BF0122003118BF01214FF0000061F331
:10B86000000062F3410063F3820004B010BD00BF2A
:10B87000D4220020082200202DE970413B4B1C7887
:10B8800085B005460E4674B940F2AD4021462246C9
:10B8900000F02EFB4FF0000064F3000064F3410061
:10B8A00064F382005FE0837943B94FF0000063F3F3
:10B8B000000063F3410063F3820054E04FF0050899
:10B8C000CDF8008003792A4C0291632B94BF0023AA
:10B8D00001230020019321460346221D00F0D0FAE7
:10B8E0002B79CDF80080592B94BF002301230193BD
:10B8F000012004F1080104F10C020023029600F07B
:10B90000BFFA2B79CDF80080452B94BF002301238B
:10B910000193022004F1100104F1140200230296A5
:10B9200000F0AEFA6B790193022004F1100104F1EA
:10B9300014020123CDF80080029600F0A1FA2368DA
:10B9400021691A1CA36818BF0122003318BF012304
:10B95000003118BF01214FF0000061F3000063F3D4
:10B96000410062F3820005B0BDE87081D42200205E
:10B97000182200202DE97F431D46494B1C78904634
:10B9800074B940F2CF402146224600F0B1FA4FF0A0
:10B99000000064F3000064F3410064F382007CE083
:10B9A000C1EB00093F4C0295B9F5FA7F4FF0010653
:10B9B00094BF002301230020019321460346221D4A
:10B9C000009600F05DFAB9F1C80F94BF002301237F
:10B9D00001933046002304F1080104F10C020096A3
:10B9E000029500F04DFAB9F1640F94BF00230123D2
:10B9F0000193022004F1100104F1140200230096C7
:10BA0000029500F03DFA42F2331398458CBF0023B3
:10BA100001234FF00509019300202146221D022336
:10BA2000CDF80090029500F02BFA42F21B53984596
:10BA30008CBF002301230193304604F1080104F177
:10BA40000C020223CDF80090029500F019FA42F69C
:10BA5000031398458CBF002301230220019304F1B6
:10BA60001001034604F11402CDF80090029500F095
:10BA700007FA236821691A1CA36818BF0122003342
:10BA800018BF0123003118BF01214FF0000061F3FE
:10BA9000000063F3410062F3820004B0BDE87083EC
:10BAA000D4220020302200202DE970411E46234B75
:10BAB00085B01C789DF82850904674B940F2F94042
:10BAC0002146224600F014FA4FF0000064F3000013
:10BAD00064F3410064F382002CE0012418490094CF
:10BAE00060400A1D019000230220029500F0C8F971
:10BAF00013490094022088EA04030A1D0193029569
:10BB0000034600F0BDF90E4900946640022003236D
:10BB1000019602950A1D00F0B3F90A4B1B69003328
:10BB200018BF01234FF0000063F300006FF34100E2
:10BB30006FF3820005B0BDE8708100BFD422002001
:10BB400058220020482200201FB51A4B1C7874B9D7
:10BB500040F259602146224600F0CAF94FF0000039
:10BB600064F3000064F3410064F3820020E0124CAF
:10BB7000029180F0010002230190002000932146F1
:10BB80000346221D00F07CF9236821691A1CA36872
:10BB900018BF0122003318BF0123003118BF012153
:10BBA0004FF0000061F3000063F3410062F3820094
:10BBB00004B010BDD4220020602200202DE9704185
:10BBC000294B85B01C789DF82C6074B940F27460E4
:10BBD0002146224600F08CF94FF0000064F300008B
:10BBE00064F3410064F382003AE0204C01920125A5
:10BBF00002202146221D2B460095029600F040F9B6
:10BC00004FF00008022003462146221D0095CDF882
:10BC10000480029600F034F902202146221D0323FD
:10BC20008DE82001029600F02BF9A4F1100354F8DE
:10BC3000101C54F8082C1B69B1EB080118BF012136
:10BC4000B2EB080218BF0122B3EB080318BF0123AF
:10BC50004FF0000063F3000062F3410061F38200E3
:10BC600005B0BDE8708100BFD422002088220020EA
:10BC70001FB51D4B1C7874B940F2996021462246CD
:10BC800000F036F94FF0000064F3000064F3410067
:10BC900064F3820025E0154C0291003018BF0120AA
:10BCA0000F230093019021460220221D002300F063
:10BCB000E7F8A4F1100354F8101C54F8082C1B6981
:10BCC000003118BF0121003218BF0122003318BF14
:10BCD00001234FF0000063F3000062F3410061F3C1
:10BCE000820004B010BD00BFD4220020A02200209A
:10BCF0002D2861D8DFE800F02B2F33373B3F434737
:10BD00004B4F535560575960606017196060606011
:10BD10001D60216023252760606060606060606056
:10BD2000606060605E29264B04E00C235943254B7C
:10BD30003EE0254B53F831007047244BFAE7244B83
:10BD4000F8E7244BF6E7244BF4E7244BF2E72423EF
:10BD50005943234B2CE024235943224B28E024232E
:10BD60005943214B24E024235943204B20E0142342
:10BD700059431F4B1CE0142359431E4B18E0142356
:10BD800059431D4B14E0142359431C4B10E024234A
:10BD900059431B4B0CE0242359431A4B08E01A4B20
:10BDA000C8E71A4BC6E71A4BC4E70C235943194B93
:10BDB00058587047184BBDE74FF0FF30704700BF31
:10BDC000AC210020C4210020E82100200022002016
:10BDD0001822002030220020482200207822002053
:10BDE000C81D0020341E0020A01E00200C1F0020B3
:10BDF000781F0020B41F0020F01F00202C200020FE
:10BE000068200020D420002040210020582100205C
:10BE100070210020882100206022002010B5BDF98B
:10BE2000084070B1012819D18C42B4BF0021012112
:10BE30009442B4BF002201229C42B4BF00240124DA
:10BE400015E08C42CCBF002101219442CCBF0022DE
:10BE500001229C42CCBF0024012408E000210A46B4
:10BE600040F2227000F044F800210A460C464FF0E0
:10BE7000000064F3000062F3410061F3820010BD32
:10BE800070B51F2B9DF810509DF814609DF8184058
:10BE900007D940F26B7000211A46BDE8704000F0EF
:10BEA00027B886B1D05CA8423ABF0130D054D554EF
:10BEB00004B9D554D25CAA4216D1012202FA03F386
:10BEC0000A681A430FE0D55C0DB1013DD55404B9A1
:10BED000D454D25C42B900B934B9012202FA03F356
:10BEE0000A6822EA03020A6070BD00BF01207047A1
:10BEF00073B51346074A06460D460024012111700A
:10BF000018200094019431462A46F5F7D3F902B07F
:10BF100070BD00BFD522002013B5154A1378144612
:10BF20001BBB144A12F81300D9B288420BD000246C
:10BF30000123019300941820522122462346F5F74D
:10BF4000B9F9204612E00133302BEBD10A49002227
:10BF50000023C1E90023C1E90423C1E90223074BFF
:10BF60000120002220701A7000E0012002B010BDF4
:10BF7000F0220020C0860100D8220020F1220020FB
:10BF8000014B1878704700BFF122002038B51A4CD9
:10BF9000247805461CB9AB202146224604E02F2810
:10BFA00007D9AE202946002200F09AF84FF007008A
:10BFB00038BD00F025F80146284600F04BF80F4B3D
:10BFC00093E806000A430CBF002201224FF0000450
:10BFD000996862F30004DA680A430CBF0022012268
:10BFE00062F341041A695B6913430CBF0023012308
:10BFF00063F38204204638BDF0220020D8220020BE
:10C0000010B54FF0000411B14FF0070010BD12B988
:10C0100013B9184610BD01220D4B4000191849787C
:10C0200001F00301914203EB000118444978437881
:10C03000C1F38101D8BF0124C3F301139142D8BFDA
:10C0400044F002049342D8BF44F00404204610BDDB
:10C05000C086010011F0010F30B54FF001031F4CF5
:10C0600007D003FA00F5D4E900232A4343EAE57335
:10C0700006E08340DD43D4E900232A4003EAE57368
:10C0800011F0020FC4E900234FF0010307D003FAB7
:10C0900000F5D4E902232A4343EAE57306E083402E
:10C0A000DD43D4E902232A4003EAE573C4E902230D
:10C0B00011F0040F4FF0010303FA00F005D0D4E9AA
:10C0C0000423024343EAE07305E0D4E90423C043B8
:10C0D000024003EAE073C4E9042330BDD822002003
:10C0E00073B51346074A06460D4600240121117018
:10C0F00019200094019431462A46F5F7DBF802B086
:10C1000070BD00BFF122002038B5094C00256575CF
:10C11000D0E90023C4E9002300220023C4E902235C
:10C12000F5F744FE206101202575607538BD00BF1C
:10C13000F82200202DE977411F4C637D0BB90024C4
:10C1400035E0237D5BB1002304F108002375F8F787
:10C1500053FF042803D1D4E90223C4E90023F5F7EF
:10C1600025FE2569144E2061451BB5F57A7FE6D280
:10C17000684600F077FE04460028E0D0DDF8008035
:10C18000F5F714FEC8EB0000B0F57A7FD7D2019B1B
:10C190004FF47A725D4395FBF2F5002D07DAD6E98C
:10C1A00000236D42521943EBE573C6E90023204694
:10C1B00003B0BDE8708100BFF822002005490346A6
:10C1C000487D28B1D3E90023C1E9022301230B757F
:10C1D000704700BFF8220020044B597D19B1D3E904
:10C1E0000023C0E900230846704700BFF822002062
:10C1F0002DE9704785B0294B294C02930025042373
:10C2000081464FF47A6A02A884F83950ADF80CA040
:10C210008DF80E308DF80F50F5F7FAFA01268046AA
:10C2200040B9009001963A21424643461520F5F761
:10C2300041F82EE0FF23A37084F83060E562267099
:10C240006670E5702571F5F7B1FDE060F5F7AEFDBC
:10C250002674A0606574A574257599F8003084F87B
:10C26000343099F8013084F8353099F8023084F888
:10C27000363099F8033084F8373084F83850A561A7
:10C28000E5612562C4F824A0F5F796FD84F83960CD
:10C29000A062404605B0BDE8708700BFB9C300008A
:10C2A0001023002038B5094C94F839300BB900251B
:10C2B0000AE0F5F7C5FA05460028F8D0F5F77CFD49
:10C2C0000123A06284F83830284638BD10230020AE
:10C2D00010B5074C94F839300BB9002010BDF5F7B4
:10C2E000BBFA0028F9D0002384F8383010BD00BF15
:10C2F0001023002080B483B000AF7860064B93F821
:10C3000038207B681A70044B93F8393018460C3784
:10C31000BD465DF8047B70471023002080B400AF59
:10C320000A4B93F83930002B06D0084B93F8303085
:10C33000002B01D0012300E0002303F00103DBB256
:10C340001846BD465DF8047B704700BF10230020EF
:10C3500070B5134C94F83950FDB142782270827850
:10C360006270C2784379A2700279E2702371F5F7A6
:10C370001DFDA060F5F71AFD0023A37494F8383072
:10C38000E0600126267466743BB1F5F76BFA05464A
:10C39000F5F774FA304600F013F8284670BD00BF78
:10C3A00010230020034B93F839200AB9F5F7FEBC9F
:10C3B0009868704710230020002000F001B800BFEB
:10C3C0002DE978410B4D0C4E4FF001082C782CB123
:10C3D00001280DD1084B1870BDE8788185F80080E0
:10C3E00000F00CF833782C7013B134700220EDE7B4
:10C3F000BDE878814C2300204D2300202DE97047B3
:10C4000089B0FCF75BFE0646F5F7D6FC274C0546DF
:10C41000A06A281AF5F7E8FC636AA562322218447C
:10C4200002FB00F34FF06408B3FBF8F36846636265
:10C4300007F0B2FA31468146684600F063F803F02F
:10C4400023FA00EA09009DF81C209DF81D3006998A
:10C450005FFA80F9204600F06DF88246F5F7A6FCF9
:10C46000F6F7BEFC09EA0009F5F7A0FC3146FDF736
:10C47000C1F8694632465346204600F099F8F5F770
:10C480009BFC401BF5F7B0FCE2692062632101FBD5
:10C490000202B2FBF8F2E261A269904288BFA06199
:10C4A000484600F005F809B0BDE870871023002069
:10C4B00080B584B000AF0346FB71F5F777FCB86038
:10C4C0000123FB73FB7983F00103DBB2002B02D065
:10C4D0000B4BBA68DA620A4BDB6ABA68D21A41F2CD
:10C4E00087339A4205D8064BDB6A002B01D0002324
:10C4F000FB73034BFA7B83F830201037BD4680BDB9
:10C500001023002038B504460D46F5F74FFC63694B
:10C51000C01AB0F5FA7F07D835B1032D04D0A5F1C4
:10C520000803DBB2012B03D80023A36123776377D1
:10C53000257038BD2DE97047044687B08A4691467C
:10C540009846F5F733FC257C06461DB1002323747D
:10C55000A37409E0E368C31AF92B06D92046611CCD
:10C5600000F0B0FDE660A5740125A37CE3B9B9F144
:10C57000000F23788DF80C3018BF4FF00108637856
:10C580008DF80D3008F0010803A801A904968DF874
:10C590001450CDF804A08DF8088000F0B3FF10F01F
:10C5A000FF0F1CBF0123A374284607B0BDE87087A6
:10C5B00010B504460BB100230375237D062B40D82C
:10C5C000DFE803F0040A10161C243700084600F0C8
:10C5D00039F8B0B3012333E0002000F035F880B320
:10C5E00002232DE0012000F02FF850B3032327E0B1
:10C5F000022000F029F820B3042321E0A37C03B338
:10C60000207800F039F8E0B1052319E0637C73B1BC
:10C61000237994F837209A4202D00BB17F2B06D1B0
:10C62000A078E17800F004F958B100236374062380
:10C6300006E094F83430172B01D800F099F907235D
:10C64000237510BD03F07CBC10B588B00446684665
:10C65000FDF71EF9012C06D003D3022C08D104A843
:10C6600002E0684600E002A8214603F043FE00E035
:10C67000002008B010BD00BF70B588B00646FCF7BA
:10C6800027FD0024054602A803948DF805408DF887
:10C6900006408DF8074002F099FA002800F0C580A6
:10C6A000701E0B2800F2C180DFE800F0060A0F14AC
:10C6B000191FBFBF25BF648B029803F02DFBB5E0A7
:10C6C0000298503003F056FBB0E00298A03003F01F
:10C6D0007FFBABE00298F03003F0A8FBA6E00298E5
:10C6E00000F5C87003F0D0FBA0E0029800F50B70D5
:10C6F00003F0F8FB9AE005A803A9F6F7D9FB002898
:10C7000000F0938006A803A9F6F786FB002800F046
:10C710008C8007A841F2883100F06EFB002800F001
:10C7200084800DF10500F7F79FF800287DD00DF10A
:10C730000600F7F7B9F8002877D00DF10700F7F7F2
:10C7400021F9002871D09DF805309DF8062003F0EE
:10C75000010362F341039DF8072062F382038DF821
:10C760001030029B04A8B3F80832ADF81A3003F079
:10C7700015FC5BE0FBF77CFA9DF811308DF810009A
:10C78000C5F3400262F30003C5F3401262F34103B4
:10C79000C5F3003262F38203C5F3C00565F3C3033A
:10C7A0000DF112008DF81130F9F72AFA00283CD06B
:10C7B00005A8F9F72DFA002837D004A803F044FCA7
:10C7C00034E0029B8DF8104093F814124FF00002F1
:10C7D00061F300028DF8102093F81C1261F34102FE
:10C7E0008DF8102093F88812D2B281F0010161F324
:10C7F00082028DF81020D3F824220592B3F89022FB
:10C80000ADF81820B3F97C22B3F97E32002AB8BF04
:10C810005242002BB8BF5B429A42A8BF134604A8FD
:10C82000ADF81A3003F038FC00E0002008B070BD0D
:10C8300037B50023054601A80C468DF802308DF867
:10C84000033002F0C3F9002800F08F80681E05282D
:10C8500000F28A80DFE800F003192F455B71019B2D
:10C86000204693F84E100DF102020DF1030300F083
:10C870008DF89DF80210019B9DF80320043120469D
:10C8800003EB410103F030FC6FE0019B204693F87D
:10C890009E100DF102020DF1030300F077F89DF8F0
:10C8A0000210019B9DF803202C31204603EB41012F
:10C8B00003F046FC59E0019B204693F8EE100DF181
:10C8C00002020DF1030300F061F89DF80210019BD4
:10C8D0009DF803205431204603EB410103F05CFC3A
:10C8E00043E0019B204693F83E110DF102020DF149
:10C8F000030300F04BF89DF80210019B9DF8032004
:10C900007C31204603EB410103F072FC2DE0019BDA
:10C91000204693F8DE110DF102020DF1030300F041
:10C9200035F89DF80210019B9DF80320CC3120467C
:10C9300003EB410103F086FC17E0019B204693F8CE
:10C9400082120DF102020DF1030300F01FF89DF8B1
:10C950000220019B03EB4201204601F50E719DF878
:10C96000032003F09BFC00E0002003B030BD00BFBB
:10C970001FB5F4F755FD30B96846F4F7EFFC10B178
:10C98000684603F039FB05B05DF804FB00EB80005E
:10C99000C0B28142107001D8002206E0091AC9B263
:10C9A000052901D81970704705221A70704700BF19
:10C9B00070B5F5F7FBF90B4C00231E461D191851F5
:10C9C0000833582B07496E604FF00002F6D1064B32
:10C9D0008A65012081F85C001A605A609A6081F8CB
:10C9E000600070BD50230020B42300207FB5794C37
:10C9F000F5F7E2F994F86030002506468DF8075007
:10CA00000BB90020E3E00DF10700FFF773FC0028ED
:10CA1000F7D0F5F7CBF929460246204600F0F8F8A2
:10CA2000E0B19DF807301BB902F02EFF044600E08C
:10CA300001249DF807302BB9F5F7B8F9F6F7D0F9CE
:10CA40002040C4B206F066FD9DF807302040C4B215
:10CA5000002B40F0A880FCF705FB18E0F5F7A6F9DD
:10CA600001210246204600F0D3F8A0B19DF807301E
:10CA70007BB1FCF7F7FA0446F5F758F92040C4B249
:10CA8000FFF758FB04409DF80700F9F795FF0440B5
:10CA900089E00124F0E7F5F789F9022102462046F2
:10CAA00000F0B6F870B106F0F7FD9DF807300446C7
:10CAB0001BB900F0EFF82040C4B200F0FDF82040B0
:10CAC000C4B270E0F5F772F903210246204600F087
:10CAD0009FF8002857D1F5F769F90421024620464E
:10CAE00000F096F800284ED1F5F760F905210246CE
:10CAF000204600F08DF8002845D1F5F757F90621BA
:10CB00000246204600F084F800283CD1F5F74EF9A3
:10CB100007210246204600F07BF8002833D1F5F7C4
:10CB200045F9082102462B4800F072F870B19DF8D3
:10CB3000073043B3F5F724F904AB63E90201184663
:10CB4000F8F708F9021F544254412CE0F5F72EF98A
:10CB5000092102461F4800F05BF8B0B19DF807308C
:10CB60008BB104AD0022002365E902232846FFF7BC
:10CB700033FB28B12846F8F723FA031F58425841DF
:10CB800000F001040FE001240DE0F5F70FF90A2190
:10CB90000246104800F03CF8012420B9204600F07D
:10CBA0004FF8204613E0F5F707F9801BF5F71CF95D
:10CBB000094B5A689860632101FB02026421B2FBB1
:10CBC000F1F25A601A689042E8D91860E6E704B0BA
:10CBD00070BD00BF50230020B423002080B400AFFC
:10CBE0000A4B93F86030002B06D0084B93F85C306A
:10CBF000002B01D0012300E0002303F00103DBB28E
:10CC00001846BD465DF8047B704700BF50230020E6
:10CC100030B50A4D50F8314055F82150141BAC4244
:10CC200000EBC10308D3641B5D68A54238BF5C609C
:10CC300040F83120012030BD002030BD20870100A8
:10CC400080B584B000AF0346FB71F5F7AFF8B8606C
:10CC50000123FB73FB7983F00103DBB2002B02D0CD
:10CC60000B4BBA689A650A4B9B6DBA68D21A41F2AF
:10CC700087339A4205D8064B9B6D002B01D00023C9
:10CC8000FB73034BFA7B83F85C201037BD4680BDF5
:10CC90005023002000B589B0FCF710FA0B2807D00C
:10CCA000684606F079FE20B1684603F049F900E0D5
:10CCB000012009B05DF804FB38B51A4B93F8600009
:10CCC00070B3194C184D23780A2B04BF002323702E
:10CCD0002378DA0705D402F0F9FA2B7801332B70A8
:10CCE00038BD5A1E082A18D8DFE802F005170817C1
:10CCF0000B170E17140002F05DFB07E002F0CEFBED
:10CD000004E002F037FC01E002F0A0FC23780133DC
:10CD1000237038BD02F00EFDF8E7013323700020C8
:10CD200038BD00BF50230020C02300202DE97041F2
:10CD300085B00268134D804604A8002640F8042DF3
:10CD4000EE70F5F7C7F9044678B1D8F800206E7098
:10CD500093785179B34208BFB1420CBF002301233D
:10CD60002B70AB700123EB7008E00123009001935E
:10CD70001020202122462346F4F79CFA204605B0D5
:10CD8000BDE87081C42300202DE97741642303713D
:10CD9000012343718371174B93F8038000260446E7
:10CDA0008DF807600660B8F1000F01D100251DE085
:10CDB0009D783DB9F4F7FAFF25716571A571206082
:10CDC000454613E01B788BB10DF10700F5F7AAF982
:10CDD00005460028EAD0F4F7E9FF9DF80730206007
:10CDE000002B0CBF0023642323716671284603B017
:10CDF000BDE87081C423002037B564230446037066
:10CE000068460D46FFF7C0FF08B900200FE09DF807
:10CE100006305BB1F4F7CAFF009BC01AA842F4D8F1
:10CE20009DF806000028F0D09DF80430237003B070
:10CE300030BD00BF044B00221A605A6002689A603D
:10CE400001201873704700BFC8230020044B1A7BD1
:10CE50001AB141681960016859601046704700BFF7
:10CE6000C8230020002242600260044A0346107B6F
:10CE700018B11168526859601A607047C8230020C1
:10CE80002DE97741534C0022411E034684F8CE2001
:10CE9000052930D8DFE801F0030507101A264E4BAC
:10CEA0000BE04E4B09E00123009201932D2040F24C
:10CEB0009F110022032311E0494B23602268B2F93D
:10CEC0001030B2F9180083421DDC3CE001230092CF
:10CED00001932D2040F2B11100220523F4F7EAF965
:10CEE000002074E00123009201932D204FF4DD71A6
:10CEF00000220623F2E70092012201922D2040F247
:10CF0000BF110022EAE7B2F9143083421BDDB2F907
:10CF10001E30834217DAB2F920509D4213DAB2F97B
:10CF20001A10A9420FDAB2F91C30AB420BDAB2F98F
:10CF30001250A94207DDAB4205DDB2F91650A942F5
:10CF400001DDAB4207DC00240123009401932D2076
:10CF500040F2CF1112E0B2F92250854207DCB2F95B
:10CF60002400854203DD884201DB984209DA00246F
:10CF70000123009401932D2040F2D911224623462B
:10CF8000ACE700218C4608460E46D5686D5A6545CB
:10CF9000C3B20FFA85F808D100240122019200944F
:10CFA0002D2040F2E311224698E7013063184644F1
:10CFB00096FBF0FC6528A3F804C001F1020102D041
:10CFC0001FFA85FCE1E7034B012083F8CE0003B094
:10CFD000BDE87081D8230020188801003489010041
:10CFE000508A0100024B1A68026093F8CE00704725
:10CFF000D823002070B5324B93F8CE20002A52D0AF
:10D000001B68DA68B2F90010B2F8C83081424ADC15
:10D010004CD01BB283424BD04DDB642100234FF038
:10D02000020C0DB205FA83F595FBFCF5ACB226B205
:10D0300032F91660B04204DC05D105EB85056800C5
:10D040002FE0234600E021460CB21DB2AC4203D1D2
:10D0500001EB8101480024E0661B012EE1DC32F97E
:10D06000151032F91420401A521A06EE900A07EEF3
:10D07000902AB8EEE67AF8EEE77A06EE906AC7EE06
:10D08000277A03EB8303B8EEE67A67EE877AB2EE8F
:10D09000047A67EE877AFDEEE77A17EE900A00EBE6
:10D0A000430080B209E04FF6FF7006E0002004E084
:10D0B0004FF47A7001E040F2E93000B270BD00BF79
:10D0C000D823002010B5214B1A790132D2B2012A9F
:10D0D0001A710DD91C780134E4B20022022C1A71A5
:10D0E0008CBF1A701C70012202701B78184A29E04C
:10D0F0005A790132D2B2022A5A710DD95C780134C0
:10D10000E4B20022012C5A718CBF5A705C7002226A
:10D1100002705B780F4A15E0DA789C780132D2B25F
:10D12000052A04F10104E4B288BF0022DA70012C60
:10D13000064A88BF00249470DA78074C9B78A25C7A
:10D140000270064AD35C0B7010BD00BF4C04002077
:10D15000380400203C040020440400204004002047
:10D160002DE97343C44C002684F8DD61837A427A4A
:10D1700013FB02F12029054605DD012101910096EE
:10D180000A20D2210DE090F80B80B8F1000F02D1F7
:10D190004046C64609E0009601960A20DB21324649
:10D1A0003346F4F787F8B04681E1B34B46000521DA
:10D1B000013911F0FF01A3F81AE04FF000023344E7
:10D1C000F6D1261801301028AB4B86F8BA2086F825
:10D1D000CA10EAD1012083F8DA2083F8DB2083F833
:10D1E000DC2083F8DD2083F8DE2083F8DF2083F85D
:10D1F000E00083F8E10083F8E20083F8E30083F8BD
:10D20000E82083F8E90083F8EA20C3F8EC1083F8FB
:10D21000F02083F8F1206868C3F8F4008C466618A3
:10D2200002311229944BA6F8F8C04FF00002F6D153
:10D2300083F80A2183F80B21EE7A83F80C6183F8D6
:10D240000E21297A83F80F11C3F81021C3F8142195
:10D2500003F58B7103F5AB7321F8022F9942A1F806
:10D260004020F9D100218C4604EB010E01313B290D
:10D27000814B8EF898C14FF00002F5D183F8D3218D
:10D28000697A83F8D41195F80AE083F8D5E183F838
:10D29000D62183F8D72183F8D82183F8D92183F8C0
:10D2A000DA2183F8DB2183F8DC2106B1043149005F
:10D2B00080F89E102B681B8A23822B68588A608214
:10D2C0002B68B3F814E0A4F814E02B68DB8AE3823F
:10D2D0002B681B7E23762B685B7E637600232A688F
:10D2E000D25CE2540133102BF9D1634BD3F8F460D4
:10D2F000002196F89E300A4614F801C0BCF1010FD7
:10D3000098BF013201F1010198BFD2B21029F3D1C7
:10D310009A4208D1864506D994F8D421DFF858E11D
:10D320000023012111E094F80C11009101210191D9
:10D330000A2040F24D1140E04000C0B214F800C095
:10D34000BCF1010F05D900210133D8B29042F3D3CB
:10D3500006E00130C0B21EF800000128F4D9F2E75F
:10D3600094F80C0180B14FEA420E5FFA8EFE002362
:10D370000EEB030C5FFA8CFC14F80CC0BCF1010F2F
:10D3800014D80133082BF3D181B10023012186F891
:10D39000923286F8943286F8933286F89532C6F83F
:10D3A0008C32A6F8903286F8961209E0012300909C
:10D3B00001930A204FF4B9710023F3F77BFF76E065
:10D3C0005FFA83FE964527D24FEA4E0E5FFA8EFE35
:10D3D000013314F80E1031440EF1010E91F892C28F
:10D3E0000CF1010C81F892C291F894C25FFA8EFEA2
:10D3F0000CF1010C81F894C214F80E10314491F82C
:10D4000092E20EF1010E81F892E291F894E20EF1AF
:10D41000010E81F894E2D3E798B9114694F80F0110
:10D4200094F8D521144E00F0CFF8804630BB01218E
:10D4300096F80F316A7A009001910A2040F29B1110
:10D44000BBE74FEA420E5FFA8EFE00230EEB0301AC
:10D45000C9B20133615C3144082B91F8920200F1AA
:10D46000010081F8920291F8940200F1010081F824
:10D470009402EBD1D1E700BFA824002096F80C312C
:10D4800093B196F80F0101F02BFA814660B90121A2
:10D4900096F80F316A7A009001910A2040F2A511A6
:10D4A000F3F708FFC84602E0012384F8DD31404667
:10D4B00002B0BDE8708300BF07B5114B93F8DD11D2
:10D4C000024629B901238DF804308DF805100BE0D0
:10D4D00093F80E1119B1002183F80E1101210848AB
:10D4E00000F01CF9ADF804009DF80430002063F34F
:10D4F00007009DF8053063F30F2003B05DF804FBCF
:10D50000A82400202DE977412D4C94F8DD31064602
:10D5100088462BB901228DF804208DF8053042E0B1
:10D5200094F80E312749264D012B16BF0122002207
:10D5300084F80E2101F030FAD8F80030C4F8103128
:10D5400098F8043094F8DC8084F8DA31B8F1000FF0
:10D5500006D12846716800F079F885F8E2800AE083
:10D5600095F8DE80B8F1000F05D12846716800F00B
:10D570009BF885F8E38094F8DC3013B1104B93F8F6
:10D58000DE3003F0010384F8DA3094F8DD3013B1B3
:10D590000B4B93F8DF3003F0010384F8DB30B4F871
:10D5A000DA30ADF804309DF80430002063F3070052
:10D5B0009DF8053063F30F2003B0BDE8708100BF14
:10D5C000A8240020822500202DE9704341F28833F1
:10D5D00086B000248DE81800064689460846904625
:10D5E000114623460122F4F7F5FD054650B9012303
:10D5F0000090019340F2DD214A4643460A20F3F7AA
:10D6000059FE1CE0104B02934FF4C873059303239B
:10D6100003930823304621460DEB03028DF81030AA
:10D62000F9F7B6FF05280AD00123019300940A20D8
:10D6300040F2EA2122463346F3F73CFE25462846CF
:10D6400006B0BDE8708300BFA086010070B590F8F9
:10D65000E050013DEDB20B2D04460B461DD80126CE
:10D6600006FA05F540F63C522A408AB915F0020642
:10D6700007D1EA0711D590F8E210324600F0A6F87B
:10D6800003E090F8E21000F049F9A4F8DC0070BD66
:10D6900080F8DC6080F8DD6070BD012384F8DC3048
:10D6A000002384F8DD3070BD10B590F8E120013A18
:10D6B00004460B46062A29D8DFE802F004080C10BD
:10D6C000161C200094F8E31001221AE094F8E310ED
:10D6D000022216E094F8E310012202E094F8E3102D
:10D6E000022200F01BF90EE094F8E3101A4600F055
:10D6F000F1F908E094F8E310032202E094F8E31053
:10D70000052200F063F8A4F8DE0010BD012380F8C4
:10D71000DE30002380F8DF3010BD00BF37B504468F
:10D72000154639B10023012280F8E43080F8E52065
:10D7300080F8E63094F8E630012B10D002D3022BAB
:10D7400018D02DE00020F9F7B5FF48B3012120469D
:10D750000A4600F03BFA012384F8E5001EE00020B1
:10D76000F9F7A8FFE0B1204600F0B2FA022384F8EE
:10D77000E50013E00020F9F79DFF88B1204600F096
:10D78000C9FA94F8DC3183F0010384F8E530002D08
:10D790004FF0010384F8E43008BF032384F8E63037
:10D7A00094F8E5302BB9012384F8E430FF2384F8A2
:10D7B000E630B4F8E4300020DAB262F30700C3F3D5
:10D7C000072363F30F2003B030BD00BF37B5044615
:10D7D0001D4669B10023012180F8E83080F8E91086
:10D7E00080F8EA20C0F8EC5080F8F03080F8F13092
:10D7F00094F8F130052B7CD8DFE803F0031E2A38BB
:10D8000050620020F9F756FF002872D094F8EA30F1
:10D81000013BDBB2042B4FF0010205D89A4012F015
:10D82000130F14BF002201222046002100F0CEF980
:10D83000012384F8E9005AE00020F9F73BFF0028B3
:10D8400057D0204600F0CAFA022384F8E9004EE0DF
:10D850000020F9F72FFF00284BD0C4F8EC502046E9
:10D8600000F036FA032384F8E90040E00020F9F7DD
:10D8700021FF00283DD0204600F04CFA94F8EA2021
:10D88000033A012A20464FF000018CBF00220122FA
:10D8900000F09CF9042384F8E90028E00020F9F75F
:10D8A00009FF30B3D4F8EC3094F8F020ED1A95422B
:10D8B0001FD3204600F0D2FA052384F8E90016E0D1
:10D8C0000020F9F7F7FEA0B1204600F0E9FA84F84D
:10D8D000E90070B194F8EA30032B08BF04224FF03E
:10D8E000010316BF84F8E83084F8EA20FF2384F8A7
:10D8F000F13094F8E9302BB9012384F8E830FF23A4
:10D9000084F8F130B4F8E8300020DAB262F30700AE
:10D91000C3F3072363F30F2003B030BD73B5044690
:10D9200000201D46ADF806008DF8030061B101230B
:10D9300084F8E80084F8E93084F8EA20C4F8EC5070
:10D9400084F8F00084F8F10094F8F130082B00F22C
:10D95000AC80DFE803F005142130465C5C5C5C00C1
:10D960000020F9F7A7FE002800F09F800021204644
:10D970000A4600F02BF9012384F8E90093E0002027
:10D98000F9F798FE002800F09080204600F02CFC6B
:10D99000022384F8E90086E00020F9F78BFE0028D6
:10D9A00000F08380C4F8EC50204600F091F9032386
:10D9B00084F8E90077E00020F9F77CFE002874D0B5
:10D9C000D4F8EC3094F8F020ED1A95426DD320464F
:10D9D00000F0A0F9204600F03BFC042384F8E900A5
:10D9E00061E00020F9F766FE00285ED0204600F0D6
:10D9F00051FC94F80C3184F8E900002B47D0002842
:10DA000045D094F8EA30002B41D105234BE094F83F
:10DA10000C31002B41D00120F9F74CFE002844D0F6
:10DA200094F80B3194F80F11062BDABF0133DBB2F7
:10DA3000002304F1F80684F80B3130460DF106029C
:10DA40000DF1030300F0E2FF054660B194F8D42124
:10DA50009DF80330BDF9061003EB42022046D2B216
:10DA600000F088FE0546304600F0B2FF002D94F825
:10DA7000F13008BF002000F00100072B84F8E90016
:10DA800009D9204600F0F4FC204600F09BFD01235C
:10DA900084F8E83006E0013305E0012284F8E8204C
:10DAA00084F8E930FF2384F8F13094F8E9302BB999
:10DAB000012384F8E830FF2384F8F130B4F8E8302B
:10DAC0000020DAB262F30700C3F3072363F30F20E9
:10DAD00002B070BD37B50446154669B10023012276
:10DAE00080F8E83080F8E92080F8EA30C0F8EC509F
:10DAF00080F8F03080F8F13094F8F130042B4FD8F2
:10DB0000DFE803F003111C293E000020F9F7D2FDE5
:10DB1000002845D0002120460A4600F057F801238E
:10DB200084F8E9003AE00020F9F7C4FDC0B32046CC
:10DB300000F05AFE022384F8E9002FE00020F9F7F4
:10DB4000B9FD68B3C4F8EC50204600F0C1F80323D7
:10DB500084F8E90022E00020F9F7ACFD00B3D4F826
:10DB6000EC3094F8F020ED1A954219D3204600F0DD
:10DB7000D1F8204600F060FE042384F8E9000DE0AF
:10DB80000020F9F797FD58B1204600F077FE84F8A1
:10DB9000E90028B1012384F8E830FF2384F8F1304C
:10DBA00094F8E9302BB9012384F8E830FF2384F896
:10DBB000F130B4F8E8300020DAB262F30700C3F3C2
:10DBC000072363F30F2003B030BD00BF2DE9774773
:10DBD00004460E4690464FF000094FF0010A94F8B3
:10DBE000D4315FFA89F5AB423CD994F80E0130B1DB
:10DBF00026B9D5F1010038BF002000E0002010F068
:10DC0000010118BF94F8DA11002081F00101F4F746
:10DC10008BFB08B9002058E094F80E11D4F81001DD
:10DC200094F8D53169B1B8F1000F09D103FB05F2C1
:10DC30000AFA03F320FA02F1013B194089B200E02D
:10DC400000212846F4F786FB0028E3D094F80E0163
:10DC5000003018BF0120F4F7B1FB09F101090028D9
:10DC6000BDD1D7E76846F4F7C9FC9DF806509DF88A
:10DC70000490002DCED1B9F1000FCBD02846F9F792
:10DC8000D3FC0528C6D184F8D3912846009904F521
:10DC9000CC724B46F9F7F4FC0528BBD194F80E3151
:10DCA0002BB1B8F1000F03D1D4F8105100E01D469C
:10DCB000C4F814510BB186F0010313F0010318BF2F
:10DCC00094F8DA3184F8DB31012003B0BDE87087C5
:10DCD00073B506466846F4F715FC9DF806509DF8A6
:10DCE00004400DB1002012E0002CFBD02846F9F7CB
:10DCF0009BFC0528F6D1234686F8D3412846009997
:10DD000006F5CC72F9F7BCFC431F5842584102B0EB
:10DD100070BD00BF2DE9704F044600F5CC7094F83B
:10DD2000D311F4F707FD0022012394F8D48115469E
:10DD300011461E4699465FFA82FCC44539D290F8D6
:10DD40000EA0BAF1000F44D1BCF1000F02D1857AC8
:10DD500085F0010594F8D5C1B0F804B009FA0CFAC1
:10DD60000AF1FF3A0AEA0B0A0CFB02FC0AFA0CFC65
:10DD700041EA0C0194F80EC1BCF1000F0BD0BCF1CC
:10DD8000010F11D190F808C0BCF1010F14BF00239E
:10DD900003F001030AE090F808C0BCF1000F14BFC3
:10DDA000002303F0010301E000231E46013210307E
:10DDB000C1E776B1D4F8142194F8DB01914204D183
:10DDC000854202D183F0010300E0012303F0010347
:10DDD00000E0012384F8DC31BDE8708F73B50023C7
:10DDE00080F8F03090F8EA300546052B33D8DFE8AC
:10DDF00003F003070A0F0F136846F4F7FBFA0EE06F
:10DE00006846012101E068460221F4F707FB06E0BD
:10DE10006846F4F71DFB02E06846F4F75FFB9DF8E7
:10DE200006609DF80440B6B9ACB13046F9F7FCFB8A
:10DE3000052810D185F8D3413046009905F5CC72FC
:10DE40002346F9F71DFC052805D19DF8053085F816
:10DE5000F030012000E0002002B070BD73B506462E
:10DE60006846F4F76BFB9DF806509DF804400DB131
:10DE7000002012E0002CFBD02846F9F7D5FB05283E
:10DE8000F6D1234686F8D3412846009906F5CC7290
:10DE9000F9F7F6FB431F5842584102B070BD00BF6E
:10DEA0002DE9F04F044685B000F5CC7094F8D311FD
:10DEB000F4F7BEFC012381464FF0000C1D4640F2F2
:10DEC000FF4A94F8D4215FFA8CF6964246D21A2182
:10DED00001FB0690027E002A40F0CF80904694F825
:10DEE000D5115FFA88F28A4235D294F8EAB001FB84
:10DEF0000621C9B230F81220BBF1050F27D8DFE8A0
:10DF00000BF003090E15171B0431D4F8F47027F831
:10DF100011201DE012B2524518BF002318E012B2C2
:10DF200040F6FF418A4218BF002311E08C3100E027
:10DF3000AC3124F811200BE0D4F8F47007EB410168
:10DF4000B1F808B0C2EB0B02A1F8382200E00025BE
:10DF500008F10108C3E70CF1010CB2E7002D00F055
:10DF60008D8094F8EA10052900F28780DFE801F03F
:10DF700003252D86415694F8D511D4F8F4304A4340
:10DF800083F84E20D4F8F43003F14C0293F84E108D
:10DF9000009203F14D0201921A1D02920022039297
:10DFA00003F1080003F148024A33F3F7D5FAD4F835
:10DFB000F420D4F8EC30136060E084F8D631D4F863
:10DFC000F4205BB194F8D73108E094F8D611D4F876
:10DFD000F42084F8D731002908BF002303F001039F
:10DFE00082F81432D4F8F420D4F8EC30C2F81032AD
:10DFF00044E094F8D511D4F8F4304A4383F8282249
:10E00000204600F03FF8D4F8F460C6F82402D4F8B3
:10E01000F420D4F8EC30C2F820322FE094F8D51177
:10E02000D4F8F4304A4383F88222D4F8F43003F56C
:10E03000207293F88212009203F28122019203F57A
:10E040000C720292012203F50E70039203F51E7208
:10E0500003F27A23F3F780FA204600F0ADF8204669
:10E0600000F08CF8D4F8F460C6F83402D4F8F42048
:10E07000D4F8EC30C2F82C3200E00025284605B078
:10E08000BDE8F08F2DE9F74F002290F8D4310093CE
:10E090000B2113460126009CA2426AD090F8D5813C
:10E0A00008FB02FC5FFA8CFC00EB4C05B5F858410C
:10E0B000B5F81851651B2DB2322DD0F8F45008DC9C
:10E0C0000CF1040935F91990B9F1000F01DB2404B2
:10E0D00002D506FA0CF42343B8F10C0F44D10C1D01
:10E0E00035F91440002C05DB01F1AC0430F9144083
:10E0F000002C02DA06FA01F423434FF00A080CF16F
:10E10000010C0024CDF804C0DDF804C0A4445FFA7B
:10E110008CFC0CF1AC0930F819A00CF104090FFAD1
:10E120008AFB35F91990C9EB0B0BBBF1000FB8BF97
:10E13000CBF1000B0FFA8BFBBBF1C80F06DC41F2F1
:10E14000FD47BA4502D8B9F1000F03DA06FA0CFC14
:10E1500043EA0C0301345FFA84FCC445D4D901328C
:10E160000C31D2B2C9B296E708F1FF385FFA88F8ED
:10E17000C5E7184603B0BDE8F08F00BF70B5D0F812
:10E18000F410002391F882621A464FF0010CDCB2C1
:10E19000B4420ED2D0F810510CFA03F42C4206D03F
:10E1A00001EB4305B5F938520235A8BF22430133CC
:10E1B000EDE7104670BD00BF10B5D0F8F430B3F8ED
:10E1C0007822B3F97C4211B28C42B8BFA3F87C220A
:10E1D000D0F8F430B3F87A22B3F97E0211B2884253
:10E1E000C8BFA3F87E2210BD73B50446002094F882
:10E1F000EA1084F8F000012907D002D3022904D0E4
:10E2000024E06846F4F738F902E06846F4F740F98C
:10E210009DF806609DF804500EB1002016E0002D18
:10E22000FBD03046F9F700FA0528F6D184F8D3512F
:10E230003046009904F5CC722B46F9F721FA0528EF
:10E24000EBD19DF8053084F8F030012002B070BDAC
:10E2500073B506466846F4F797F99DF806509DF8A1
:10E2600004400DB1002012E0002CFBD02846F9F745
:10E27000DBF90528F6D1234686F8D34128460099D4
:10E2800006F5CC72F9F7FCF9431F5842584102B029
:10E2900070BD00BF2DE9704F044688B000F5CC700A
:10E2A00094F8D311F4F75AFB012581464FF0000C86
:10E2B0002E465FFA8CF30693069994F8D4318B427C
:10E2C0007DD906990A234B4309EB030898F809A066
:10E2D000BAF1000F40F0C58094F8EA20012A58D026
:10E2E00010D3022A67D139F9032040F6FF439A423E
:10E2F00018BF0025B8F902209A4218BF0025B8F9C6
:10E30000042054E039F90330009340F6F93BCDF88E
:10E3100004B0504646F6781141F22C02534BCDF82A
:10E3200010C000F0A9FBB8F9023007908DE808088A
:10E3300050464E4B46F6781141F22C0200F09CFB01
:10E34000069AB8F806B007994FEA42085FFA88F8CB
:10E3500082464246204600F00DFA08F101020346CB
:10E360005146D2B22046059300F004FA059B069967
:10E370000BEB8B0B18404FEA4B0BD4F8F43001F148
:10E38000F4021FFA8BFB23F812B00640DDF810C030
:10E3900012E039F9033040F2FF42934218BF0025E2
:10E3A000B8F90230934218BF0025B8F904309A42F8
:10E3B00018BF002500E056460CF1010C79E7002E4D
:10E3C00050D094F8EA30012B39D00BD3022B48D12E
:10E3D00094F8D82184F8D951002AD4F8F43008BF31
:10E3E000002533E094F80C312BB9204600F040F8BA
:10E3F000204600F0E7F8D4F8F43094F8D42183F8FC
:10E400000E22D4F8F43003F5037293F80E12009242
:10E4100003F20D22019203F5F2720292012203929D
:10E4200003F5F47003F5027203F20A23F3F794F88C
:10E43000D4F8F420D4F8EC30C2F8E03112E084F8DB
:10E44000D851D4F8F4300DB194F8D95105F0010544
:10E4500083F81C52D4F8F420D4F8EC30C2F8183207
:10E4600000E00026304608B0BDE8708FA0860100AD
:10E470002DE9F043044689B0D0F8F4000DF1120301
:10E4800090F89E1000930DF113030193012607AB42
:10E490000025029358300DF11A03039606AA07953A
:10E4A000ADF81850ADF81A508DF812508DF8135081
:10E4B0008DF814508DF81550F3F74EF8E38ABDF837
:10E4C000180094F8D4E1C01A80B22B460FFA80FCF1
:10E4D000E9B27145D4F8F4202FD24900C9B201F154
:10E4E0002C0914F8018032F91990E14505DA06FA91
:10E4F00001F848EA03039BB207E008AFB84418F8F4
:10E500000C9C09F1010908F80C9C0131C9B201F118
:10E510002C0814F8019032F91880E04507DB08AAAE
:10E520004A4412F80C1C013102F80C1C03E006FAF4
:10E5300001F10B439BB20135CAE794F80C1109B302
:10E540004FEA4E0E5FFA8EFE002105B201260EEB59
:10E550000100C0B200F12C0814F800C032F9188094
:10E56000A84508DB08A8604410F80CCC0CF1010C9D
:10E5700000F80CCC03E006FA00F003439BB2013133
:10E580000829E4D19DF8141082F89412D4F8F420EC
:10E590009DF8151082F89512D4F8F420A2F8903264
:10E5A000D4F8F420D3F1010338BF002382F8963267
:10E5B000D4F8F440F3F7FAFBC4F88C02012009B058
:10E5C000BDE8F0832DE9F04F037E87B00446002BB1
:10E5D00000F09A80644B588AB3F814901B8AC0EB01
:10E5E000090106EE901A06EE103A4FF0000E0126D1
:10E5F00094F8D4315FFA8EF843456CD94FEA480855
:10E600005FFA88F80025E9B201EB0802D2B281F086
:10E610000101A35C0493D4F8F430B3F890A2414410
:10E620004AFA02FBC9B20BF0010B8BF0010714F898
:10E6300001C00597BBF1000F04D04AFA01FA1AF0A5
:10E64000010F06D003EB4203B3F85820A3F878205B
:10E650003BE0049F674502D0BCF1000F06D12C318E
:10E660003C3233F8111023F812102EE0BCF1010FE8
:10E6700024D12C3133F811C00FFA8CF188420BDC15
:10E6800089450CDB091A07EE901AB8EEE67AF8EE27
:10E69000E77AC7EE877A04E0DFED347A01E0F7EE3F
:10E6A000007AB8EE467A3C3267EE877AFDEEE77A7A
:10E6B00017EE901A8C4423F812C006E003EB4203D5
:10E6C000059EB3F85820A3F878200135022D9AD181
:10E6D0000EF1010E8CE794F80C3133B3244D002475
:10E6E000A846F3F763FB2B68C31AFA2B0646F8D942
:10E6F0000022009401940A2040F6BA011346F2F772
:10E70000D9FDC8F80060ECE7D4F8F42092F89E1028
:10E71000581CDBB2994207D902EB4303B3F85820E7
:10E72000A3F878200346EFE70126D4F8F43003F18C
:10E730009C0293F89E10009203F19D02019203F156
:10E74000540202920122039203F1780003F198022D
:10E750009A33F2F701FFD4F8F420D4F8EC301365C3
:10E76000304607B0BDE8F08FA8240020000000006C
:10E77000882600200F2A70B5144633D8821825B297
:10E7800092F8CA3083B905EB850E00EB4E0E0EEB06
:10E79000030602330A2B7183F9D1002382F8BA30C1
:10E7A000012382F8CA300EE092F8BA300133DBB2AE
:10E7B000052B28BF002382F8BA30052212FB043350
:10E7C00000EB4303598305EB8505D0F8F46000EBBB
:10E7D000450005211A30F2F723FF2C3426F81400E7
:10E7E000012070BD002070BD73B5002380F8F030AB
:10E7F00004466846F3F766FE9DF806609DF80450EF
:10E800000EB1002016E0002DFBD03046F8F70CFFCB
:10E810000528F6D184F8D3513046009904F5CC721E
:10E820002B46F8F72DFF0528EBD19DF8053084F82D
:10E83000F030012002B070BD73B506466846F3F7AC
:10E84000C1FE9DF806509DF804400DB1002012E075
:10E85000002CFBD02846F8F7E7FE0528F6D1234622
:10E8600086F8D3412846009906F5CC72F8F708FFE0
:10E87000431F5842584102B070BD00BF70B50446F6
:10E8800000F5CC7094F8D311F4F7FEF894F8D43175
:10E8900003EB43035E0001220023B34212D0C518EC
:10E8A000297969B9ED7845B9C15AA1F6340189B21F
:10E8B000B1F5487F88BF002200E00A460633ECE746
:10E8C000002070BDD4F8F43082F0010283F8882271
:10E8D000D4F8F420D4F8EC30C2F88432012070BDB2
:10E8E00070B588B00DF1090103AA0DF10A030024E7
:10E8F000064600F037F8BDF80A300094204640F68E
:10E90000FF710822F3F7A0FA054650B901230090E1
:10E9100001934FF436612A4633460A20F2F7CAFCC7
:10E920001AE00F4B04936423079310233046012110
:10E930000DEB030205948DF81830F8F729FE052831
:10E940000AD00123019300940A2040F66C3122463C
:10E950003346F2F7AFFC2546284608B070BD00BF2D
:10E96000A0860100072810B50ED8012404FA00F093
:10E9700010F09F0F08D040F6C4101880054B1360AC
:10E9800000230B70204610BD002018801060087016
:10E9900010BD00BFA086010010B58B7904789C42A1
:10E9A00006D14478CB799C4202D1037A03B96AB18B
:10E9B000012300220A704B708A70CB700A714B7170
:10E9C00002788A714278CA710B724B7210BD00BF17
:10E9D00037B5044600216846E27CF3F759FA9DF802
:10E9E00004500DB900200EE00120F8F71DFE0528A7
:10E9F000F8D12B46A574012000992246F8F740FE75
:10EA0000431F5842584103B030BD00BF2DE970414B
:10EA1000054687B00024084690460DF10D0104AA72
:10EA20001E460DF10E038DF80D400494ADF80E4016
:10EA3000FFF798FF29882046F3F752FAC5B2072D51
:10EA4000059012D8BDF916300093BDF90E30019330
:10EA50009DF80D000499074B41F22C0200F00CF8D0
:10EA6000A8F800003570012000E0204607B0BDE89E
:10EA7000708100BFA08601002DE9384F2DED028B7B
:10EA800007EE901ABDF92810BDF92C4021B1A14222
:10EA900003DB611E09B200E0012188B101281FD10A
:10EAA000641A07EE104AB8EE676AF8EEC76A07EE16
:10EAB000101A66EE267AF8EEC76AC7EEA67A11E05B
:10EAC00007EE101AF8EE677AF8EEC76A611A27EEB9
:10EAD000A66A07EE901AF8EEE76AC6EE267A01E01B
:10EAE000DFED277A06EE902AB8EE668A06EE903AB7
:10EAF000B8EE667A87EE877A17EE100A09F0F6F814
:10EB000007F046FCDFED1F7A68EE277A824617EEA3
:10EB1000900A8B4609F0EAF8044618EE100A0D46F2
:10EB200009F0E4F8804689465046594609F0F4FB5E
:10EB300009F0DCF810A3D3E9002309F02BF9024611
:10EB40000B464046494608F073FF02460B462046F6
:10EB5000294609F049FA00220B4B09F01BF909F08C
:10EB6000DBFB07EE100ABDEC028BBDEEC77A17EE99
:10EB7000100A00B2BDE8388F0000000000A072400B
:10EB8000000000000000954300002440AFF3008027
:10EB90000D4B4FF0FF320120C3F82422C3F834227A
:10EBA000002283F88802C3F88C22A3F8902283F80D
:10EBB000960283F8922283F8942283F8932283F8B2
:10EBC000952283F8980270478C260020034A92F819
:10EBD000983203B102601846704700BF8C260020AF
:10EBE00037B541F25513264D0024EC54027A437A8E
:10EBF000B2FBF3F103FB112111F0FF0108D0012159
:10EC0000019100940B207321F2F754FB204634E06D
:10EC10002B460A46FF24545501321C2A197783F8E3
:10EC2000381083F8541083F8701083F88C1003F1B7
:10EC30000103F0D100224FF0FF34511901F5835147
:10EC40000432702A0E4B8C60F7D141F25012017AD7
:10EC5000995441F25112417A995441F25212817AF7
:10EC6000995441F25312C17A995441F25412017BE2
:10EC7000995441F255120120985403B030BD00BFA1
:10EC800028290020034A41F25513D35C03B10260E6
:10EC900018467047282900202DE9774100238DF878
:10ECA0000730254C41F255130546E35C0BB90020B3
:10ECB0003FE008460DF1070100F0A4FD06460028DC
:10ECC000F5D09DF80780F3F771F808F18E0344F84A
:10ECD00023009DF807302A6894F8420403F1AA0142
:10ECE00044F8212004EB83016A68C1F8242304EB73
:10ECF0004302B5F84810A2F89413B5F84A10A2F8E8
:10ED0000CC13E21895F84C1082F8081495F84D10C1
:10ED100082F8241468B9D4F81C23012000FA03F304
:10ED200043EA0200C4F81C0300F07EFD84F84204AC
:10ED3000304603B0BDE87081282900202DE97741D5
:10ED400000238DF80730254C41F255130546E35C4E
:10ED50000BB900203FE008460DF1070100F052FD1D
:10ED600006460028F5D09DF80780F3F71FF804EB5E
:10ED70008803C3F844049DF807302A6894F8140601
:10ED800004EB8301C1F8B42404EB43016A68A1F8E1
:10ED90002E2504EB4302B5F84810A2F86615B5F825
:10EDA0004A10A2F89E15E21895F84C1082F8DA1570
:10EDB00095F84D1082F8F61568B9D4F82825012089
:10EDC00000FA03F343EA0200C4F8280500F02CFD22
:10EDD00084F81406304603B0BDE87081282900206D
:10EDE0002DE9774100238DF80730254C41F255136A
:10EDF0000546E35C0BB900203FE008460DF1070132
:10EE000000F000FD06460028F5D09DF80780F2F7D7
:10EE1000CDFF08F5C37344F823009DF807302A6836
:10EE200094F8E80703F5D17144F8212004EB43017D
:10EE30006A68A1F8022704EB4302B5F84810A2F86B
:10EE40003A17B5F84A10A2F87217E21895F84C1064
:10EE500082F8AE1795F84D1082F8CA1768B9D4F841
:10EE6000FC26012000FA03F343EA0200C4F8FC0682
:10EE700000F0DAFC84F8E807304603B0BDE87081A2
:10EE8000282900202DE9774100238DF80730254CF3
:10EE900041F255130546E35C0BB900203FE00846FC
:10EEA0000DF1070100F0AEFC06460028F5D09DF8F4
:10EEB0000780F2F77BFF04EB8803C3F8EC079DF8AB
:10EEC00007302A6894F8BC0904EB8301C1F85C2878
:10EED00004EB43016A68A1F8D62804EB4302B5F8B5
:10EEE0004810A2F80E19B5F84A10A2F84619E2180F
:10EEF00095F84C1082F8821995F84D1082F89E19F9
:10EF000068B9D4F8D028012000FA03F343EA0200DC
:10EF1000C4F8D00800F088FC84F8BC09304603B07F
:10EF2000BDE87081282900202DE9774100238DF864
:10EF30000730254C41F255130546E35C0BB9002020
:10EF40003FE008460DF1070100F05CFC0646002892
:10EF5000F5D09DF80780F2F729FF08F51C7344F8F7
:10EF600023009DF807302A6894F8900B03F523716D
:10EF700044F8212004EB43016A68A1F8AA2A04EBB3
:10EF80004302B5F84810A2F8E21AB5F84A10A2F800
:10EF90001A1BE21895F84C1082F8561B95F84D1084
:10EFA00082F8721B68B9D4F8A42A012000FA03F38E
:10EFB00043EA0200C4F8A40A00F036FC84F8900B7F
:10EFC000304603B0BDE87081282900202DE9774143
:10EFD00000238DF80730234C41F255130546E35CBE
:10EFE0000BB900203AE008460DF1070100F00AFCD9
:10EFF00006460028F5D09DF80780F2F7D7FE04EB0F
:10F000008803C3F8940B9DF807302A6894F82A0DFA
:10F0100004EB8301C1F8042C04EB4302B5F84C1057
:10F02000A2F87C1CB5F84E10A2F8B41CE21895F8B2
:10F03000541082F8F01C95F8551082F80C1D68B930
:10F04000D4F8782C012000FA03F343EA0200C4F854
:10F05000780C00F0E9FB84F82A0D304603B0BDE8D7
:10F06000708100BF282900202DE9774100238DF809
:10F070000730264C41F255130546E35C0BB90020DE
:10F0800040E008460DF1070100F0BCFB8046002877
:10F09000F5D09DF807602B78A355A3196A781A77E5
:10F0A000AA7883F83820EA7883F854202A7983F8FC
:10F0B00070206A7983F88C2006F14601AA6844F82A
:10F0C000212006F16201EA6844F821202A7C83F8B5
:10F0D000FC216A7C83F81822F2F768FE2A3644F88D
:10F0E000260094F8340268B99DF807300120984052
:10F0F000D4F8F8311843C4F8F80100F095FB84F80F
:10F100003402404603B0BDE8708100BF28290020CA
:10F110002DE9774100238DF80730224C41F2551339
:10F120000546E35C0BB9002038E008460DF1070105
:10F1300000F068FB06460028F5D09DF807802A7885
:10F1400004EB080383F82C2DF2F730FE04EB880360
:10F15000C3F8480D9DF807306A6894F8B80E04EBC0
:10F160008301C1F8BC2D04EB43022989A2F82C1EAF
:10F170006989A2F8641EE218297B82F89C1E68B98E
:10F18000D4F8B82D012000FA03F343EA0200C4F8D2
:10F19000B80D00F049FB84F8B80E304603B0BDE866
:10F1A000708100BF282900202DE9774100238DF8C8
:10F1B00007301F4C41F255130546E35C0BB90020A4
:10F1C00032E008460DF1070100F01CFB064600285E
:10F1D000F5D09DF807802A7804EB080383F8BC2E4D
:10F1E0006A7883F8D82EF2F7E1FD04EB88039DF8E6
:10F1F0000720C3F8F40E04EB42036988A3F8681FE4
:10F2000094F8D80FA988A3F8A01F68B9D4F8643F70
:10F21000012000FA02F242EA0300C4F8640F00F091
:10F2200003FB84F8D80F304603B0BDE8708100BFFF
:10F23000282900202DE9774100238DF80730224C42
:10F2400041F255130546E35C0BB9002039E008464E
:10F250000DF1070100F0D6FA06460028F5D09DF81A
:10F2600007802A7804EB080383F8DC2FF2F79EFD71
:10F270009DF8072004EB880302F58361C3F8F80FBB
:10F2800004EB81016B688B6002F66C0304EB4303B3
:10F2900029899980698941F24C1502F6880304EBAB
:10F2A0004303605D998060B941F2D8030120E158C1
:10F2B00000FA02F242EA0100E05000F0B5FA6055AF
:10F2C000304603B0BDE87081282900202DE9704F39
:10F2D00041F25513364C88B014F803904FF00008F3
:10F2E000CDF81C80ADF81A808DF817808DF8188045
:10F2F0008DF81980B9F1000F56D094F84294B9F105
:10F30000000F51D041F2501A0DF117030DF11906FB
:10F3100007AD14F80A10009304F5657004F2044276
:10F320000DF11A0301960295CDF80C80F2F714F94D
:10F330009DF8173041F2521BE21814F80B1092F8A6
:10F340000824009601FB032384F8403406AB14F82C
:10F350000A10019304F573700DF11A0204F20643CA
:10F360000295CDF80C80F2F7F7F89DF8183014F8F4
:10F370000B10E21804F5497092F8242401FB0323D2
:10F3800014F80A1084F84134F2F72EF941F25113BF
:10F39000E35C90FBF3F0C4F82003F2F707FD0123D0
:10F3A000C4F8180384F84334484608B0BDE8708FA9
:10F3B000282900202DE9704F41F25513364C88B0B2
:10F3C00014F803A04FF00008CDF81C80ADF81A80A7
:10F3D0008DF817808DF818808DF81980BAF1000F1C
:10F3E00055D094F814A6BAF1000F50D041F250193C
:10F3F0000DF117030DF1190607AD14F8091000936C
:10F4000004F2665004F2D6520DF11A0301960295E9
:10F41000CDF80C80F2F7A0F89DF8173041F2541B9C
:10F42000E21814F80B1092F8DA25009601FB03237A
:10F4300084F8123606AB14F80910019304F29E50BA
:10F440000DF11A0204F5BB630295CDF80C80F2F7BA
:10F4500083F89DF8183014F80B10E21804F22E50BF
:10F4600092F8F62501FB032314F8091084F81336EB
:10F47000F2F7C8F814F8093090FBF3F0A4F82C0563
:10F48000F2F794FC0123C4F8240584F8153650469D
:10F4900008B0BDE8708F00BF282900202DE9704F0B
:10F4A00041F25513324C88B014F803904FF0000825
:10F4B000CDF81C80ADF81A808DF817808DF8188073
:10F4C0008DF81980B9F1000F4DD094F8E897B9F193
:10F4D000000F48D041F2501B0DF117030DF1190632
:10F4E00007AD14F80B10009304F23A7004F2AA72FC
:10F4F0000DF11A0301960295CDF80C80F2F72CF865
:10F500009DF8173041F2521AE21814F80A1092F8D6
:10F51000AE27009601FB032384F8E63706AB14F808
:10F520000B10019304F272700DF11A0204F2AC7325
:10F530000295CDF80C80F2F70FF89DF8183014F80A
:10F540000A10E21892F8CA2701FB032384F8E73770
:10F55000B4F8AC37A4F80037F2F728FC0123C4F85C
:10F56000F80684F8E937484608B0BDE8708F00BF58
:10F57000282900202DE9704F41F25513324C88B0F4
:10F5800014F803904FF00008CDF81C80ADF81A80F5
:10F590008DF817808DF818808DF81980B9F1000F5B
:10F5A0004DD094F8BC99B9F1000F48D041F2501BEE
:10F5B0000DF117030DF1190607AD14F80B100093A8
:10F5C00004F60E1004F67E120DF11A030196029550
:10F5D000CDF80C80F1F7C0FF9DF8173041F2521AB8
:10F5E000E21814F80A1092F88229009601FB03230E
:10F5F00084F8BA3906AB14F80B10019304F64610E0
:10F600000DF11A0204F518630295CDF80C80F1F79C
:10F61000A3FF9DF8183014F80A10E21892F89E29FA
:10F6200001FB032384F8BB39B4F88039A4F8D4383B
:10F63000F2F7BCFB0123C4F8CC0884F8BD39484676
:10F6400008B0BDE8708F00BF282900202DE9704F59
:10F6500041F25513364C88B014F803A04FF000085F
:10F66000CDF81C80ADF81A808DF817808DF81880C1
:10F670008DF81980BAF1000F55D094F890ABBAF11B
:10F68000000F50D041F250190DF117030DF119067A
:10F6900007AD14F80910009304F6E22004F6523284
:10F6A0000DF11A0301960295CDF80C80F1F754FF85
:10F6B0009DF8173041F2521BE21814F80B1092F823
:10F6C000562B009601FB032384F88E3B06AB14F8FF
:10F6D0000910019304F61A300DF11A0204F654339E
:10F6E0000295CDF80C80F1F737FF9DF8183014F82B
:10F6F0000B10E21804F6AA2092F8722B01FB0323E8
:10F7000014F8091084F88F3BF1F77CFF14F80930E6
:10F7100090FBF3F0A4F8A80AF2F748FB0123C4F821
:10F72000A00A84F8913B504608B0BDE8708F00BF36
:10F73000282900202DE9704F41F25513304C88B034
:10F7400014F803904FF00008CDF81C80ADF81A8033
:10F750008DF817808DF818808DF81980B9F1000F99
:10F7600049D094F82A9DB9F1000F44D041F2501BC2
:10F770000DF117030DF1190607AD14F80B100093E6
:10F7800004F67C4004F6EC420DF11A030196029552
:10F79000CDF80C80F1F7E0FE9DF8173041F2521AD7
:10F7A000E21814F80A1092F8F02C009601FB0323DB
:10F7B00084F8283D06AB14F80B10019304F6B4400E
:10F7C0000DF11A0204F6EE430295CDF80C80F1F724
:10F7D000C3FE9DF8183014F80A10E21892F80C2DA8
:10F7E00001FB032384F8293DF2F7E0FA0123C4F872
:10F7F000740C84F82B3D484608B0BDE8708F00BFFC
:10F80000282900200138C0B241F25013054A08707F
:10F81000D35C834201D91B2802D9002008707047AD
:10F820000120704728290020094B41F2551102465A
:10F83000585C58B141F2501101205B5C00FA03F3AF
:10F84000013B03EA02001B1A58425841704700BFAF
:10F8500028290020074B4FF6FF721A8000225A8099
:10F860000278012A14BF4278FE2201201A715871D1
:10F87000704700BF803A0020024A537903B11071EB
:10F8800018467047803A002010B5F7F789F804460B
:10F8900000F040FE2040C0B210BD00BF13B5694665
:10F8A000044601F043FB60B19DF80030142B06D0F4
:10F8B000152B06D12046694600F046FE01E006F011
:10F8C0007FFB02B010BD00BF30B587B015238DF8A7
:10F8D0000030BF4B1B798DF80230002504460F2302
:10F8E000684602A98DF801508DF803508DF8063056
:10F8F00001F046FB002800F00B82204601F060FB7F
:10F90000282800F07A817FD8162800F03B813BD868
:10F910000F2800F022811FD8092800F007810AD89B
:10F92000012800F0FF80082840F0F28102A80021A1
:10F9300000F0C2FEE7E10B2800F00B81C0F0FF8071
:10F940000E2840F0E581204600F006FF0021044625
:10F9500002A800F0EFFEF9E0122800F007810AD8B3
:10F96000102800F0FF80112840F0D28102A8002169
:10F9700000F01EFFC7E1142800F0FC8000F2FE80BA
:10F9800002A800F053FFBEE1212800F00F811ED82D
:10F99000192800F0FF8009D8172800F0F7801828F0
:10F9A00040F0B68102A800F0EBFFACE11B2800F0AC
:10F9B000F980C0F0F380202840F0AA81204601F0B1
:10F9C0005FF80021044602A801F048F8BEE02428B0
:10F9D00000F000810ED8222800F0F180232840F0AA
:10F9E0009781204601F0ACF80021044602A801F0FE
:10F9F00095F8ABE0262800F0F68000F2F98002A826
:10FA0000002101F02BF87EE1802800F0398144D8F4
:10FA1000422800F013811AD82B2800F0F88009D86A
:10FA2000292800F0EF802A2840F07281204600F05B
:10FA300037FE68E1402800F0F38000F2FA802C28BD
:10FA400040F0668102A8002101F0A8F85BE14D2892
:10FA500000F002810FD8432800F0F9804C2840F0D4
:10FA60005781204601F046F9002104460A4602A8C3
:10FA700001F016F96AE0512800F0F480522800F0F5
:10FA8000F680502840F04481204601F053F90021CF
:10FA9000044602A801F03CF958E0B12800F01381B7
:10FAA0001FD8A32800F0FC800AD8812800F0F0803D
:10FAB000A22840F02D81204602A900F0AFFD22E1EE
:10FAC000AF2800F0F28000F2F580AE2840F02081EF
:10FAD000204601F04FF90021044602A801F038F950
:10FAE00034E0EE2800F002810FD8B32800F0F9804E
:10FAF000C0F0EE80BF2840F00B81204601F0A4F951
:10FB0000044602A801F088F920E0F02800F0F8800F
:10FB1000C0F0F180F12840F0FB80204602A901F0FE
:10FB2000D9F9F0E002A800F0ABFDECE0204600F0CF
:10FB3000D5FD2946044602A800F0BEFD06E0204699
:10FB400000F0EAFD044602A800F0D6FD2040C0B255
:10FB5000D9E002A800F0D0FDD5E002A8294600F0C7
:10FB6000E9FDD0E002A800F005FECCE002A800F01C
:10FB70003FFEC8E0204600F08BFEC4E002A800F083
:10FB800093FEC0E002A800F09FFEBCE002A800F0D7
:10FB9000E1FEB8E002A800F007FFB4E002A800F020
:10FBA00013FFB0E002A800F033FFACE0204600F005
:10FBB00087FF2946044602A800F070FFC6E72046EA
:10FBC00000F09EFF0021044602A800F087FFBDE779
:10FBD000803A0020204600F0D3FF2946044602A8C0
:10FBE00000F0BCFFB2E702A8002100F057FF8AE056
:10FBF00002A8002100F072FF85E002A8294600F06B
:10FC00008DFF80E002A8002100F0A8FF7BE02046E5
:10FC100000F0D8FF2946044602A800F0BFFF95E790
:10FC2000204600F0F3FF0021044602A800F0DAFFAE
:10FC30008CE702A8002100F0D5FF64E0204601F027
:10FC400011F82946044602A800F0F8FF7EE702A852
:10FC5000002100F0F3FF56E002A829462A4601F0F1
:10FC60001FF850E002A8002101F052F84BE02046B6
:10FC700000F0B0FD0021044602A800F099FD65E700
:10FC8000204600F087FD044602A800F073FD5DE702
:10FC9000204600F0BDFD044602A800F0A9FD55E78E
:10FCA000204602A900F0D4FC2DE002A8002101F0BA
:10FCB0004FF828E0204601F07DF80021044602A814
:10FCC00001F066F842E702A8294601F061F81AE05F
:10FCD000204601F091F80021044602A801F078F8CE
:10FCE00034E702A8002101F073F80CE0204602A9D5
:10FCF00001F0B0F807E0204602A901F0C5F802E0E3
:10FD000002A801F0D9F818B102A800F049FB00E000
:10FD1000002007B030BD00BF10B586B015238DF8A8
:10FD2000003000238DF80130114B1B798DF8023023
:10FD3000032304468DF803306846012302A98DF899
:10FD4000043001F01DF908B900200FE0204602A997
:10FD500002F0D2FD0028F7D002A800F021FB002815
:10FD6000F2D020469DF80210FEF796FF06B010BDB7
:10FD7000803A002010B586B015238DF8003000239E
:10FD80008DF80130114B1B798DF8023003230446A6
:10FD90008DF803306846022302A98DF8043001F083
:10FDA000EFF808B900200FE0204602A902F0ECFDB0
:10FDB0000028F7D002A800F0F3FA0028F2D020467D
:10FDC0009DF80210FEF7BAFF06B010BD803A002081
:10FDD00010B586B015238DF8003000238DF8013062
:10FDE000114B1B798DF8023004460323684602A9A3
:10FDF0008DF803308DF8043001F0C2F808B9002006
:10FE00000FE0204602A902F003FE0028F7D002A866
:10FE100000F0C6FA0028F2D020469DF80210FEF746
:10FE2000DFFF06B010BD00BF803A002010B586B0DD
:10FE300015238DF8003000238DF80130114B1B790C
:10FE40008DF80230032304468DF8033068460423FE
:10FE500002A98DF8043001F093F808B900200FE0F2
:10FE6000204602A902F014FE0028F7D002A800F0F4
:10FE700097FA0028F2D020469DF80210FFF702F80A
:10FE800006B010BD803A002010B586B015238DF85D
:10FE9000003000238DF80130114B1B798DF80230B2
:10FEA000032304468DF803306846052302A98DF824
:10FEB000043001F065F808B900200FE0204602A9DF
:10FEC00002F026FE0028F7D002A800F069FA002808
:10FED000F2D020469DF80210FFF726F806B010BDBC
:10FEE000803A002010B586B015238DF8003000232D
:10FEF0008DF80130114B1B798DF802300323044635
:10FF00008DF803306846062302A98DF8043001F00D
:10FF100037F808B900200FE0204602A902F038FEA9
:10FF20000028F7D002A800F03BFA0028F2D02046C3
:10FF30009DF80210FFF74AF806B010BD803A002085
:10FF400010B586B015238DF8003000238DF80130F0
:10FF5000114B1B798DF80230032304468DF80330D2
:10FF60006846072302A98DF8043001F009F808B9A2
:10FF700000200FE0204602A902F04AFE0028F7D038
:10FF800002A800F00DFA0028F2D020469DF80210D9
:10FF9000FFF76AF806B010BD803A002010B586B0B1
:10FFA00015238DF8003000238DF80130114B1B799B
:10FFB0008DF80230032304468DF803306846092388
:10FFC00002A98DF8043000F0DBFF08B900200FE033
:10FFD000204602A902F084FE0028F7D002A800F013
:10FFE000DFF90028F2D020469DF80210FFF790F8C4
:10FFF00006B010BD803A002010B586B015238DF8EC
:020000021000EC
:10000000003000238DF801300E4B1B798DF8023043
:10001000032304468DF8033068460A2302A98DF8AD
:10002000043000F0ADFF08B9002008E0204602A926
:1000300003F08EF90028F7D002A800F0B1F906B05D
:1000400010BD00BF803A002010B586B015238DF892
:10005000003000238DF801300E4B1B798DF80230F3
:10006000032304468DF8033068460B2302A98DF85C
:10007000043000F085FF08B9002008E0204602A9FE
:1000800002F0A0FE0028F7D002A800F089F906B01F
:1000900010BD00BF803A002010B586B015238DF842
:1000A000003000238DF801300E4B1B798DF80230A3
:1000B000032304468DF8033068460C2302A98DF80B
:1000C000043000F05DFF08B9002008E0204602A9D6
:1000D00002F0DEFE0028F7D002A800F061F906B0B9
:1000E00010BD00BF803A002070B586B015238DF892
:1000F000003000238DF80130104B1B798DF8023051
:10010000042304460D468DF803306846012302A9F6
:1001100016468DF8043000F033FF08B900200AE0DD
:1001200028463146224602AB02F0F8FE0028F5D000
:1001300002A800F035F906B070BD00BF803A00207B
:1001400070B586B015238DF8003000238DF801308E
:10015000104B1B798DF80230042304460D468DF8B0
:1001600003306846022302A916468DF8043000F0D9
:1001700007FF08B900200AE028463146224602ABB4
:1001800002F030FF0028F5D002A800F009F906B00F
:1001900070BD00BF803A002070B586B015238DF881
:1001A000003000238DF80130104B1B798DF80230A0
:1001B000042304460D468DF803306846032302A944
:1001C00016468DF8043000F0DBFE08B900200AE086
:1001D00028463146224602AB02F05AFF0028F5D0ED
:1001E00002A800F0DDF806B070BD00BF803A002024
:1001F00070B586B015238DF8003000238DF80130DE
:100200000F4B1B798DF80230044604230D466846D7
:1002100002A916468DF803308DF8043000F0B0FEC8
:1002200008B900200AE028463146224602AB02F017
:1002300087FF0028F5D002A800F0B2F806B070BD24
:10024000803A002070B586B015238DF80030002369
:100250008DF80130104B1B798DF8023004230446D1
:100260000D468DF803306846052302A916468DF821
:10027000043000F085FE08B900200AE02846314627
:10028000224602AB02F0B4FF0028F5D002A800F02D
:1002900087F806B070BD00BF803A002070B586B008
:1002A00015238DF8003000238DF80130104B1B7999
:1002B0008DF80230042304460D468DF8033068465D
:1002C000062302A916468DF8043000F059FE08B93D
:1002D00000200AE028463146224602AB02F0E0FF49
:1002E0000028F5D002A800F05BF806B070BD00BF92
:1002F000803A002010B586B015238DF80030002319
:100300008DF801300D4B8DF805101B798DF80230FA
:1003100004460223684602A98DF8033000F030FE3F
:1003200008B9002008E0204602A900F04FFE00288E
:10033000F7D002A800F034F806B010BD803A0020D3
:1003400000B589B06846F4F7D9F9042801D0002037
:1003500021E015238DF8083000238DF809300F4B6C
:100360001B798DF80A3003238DF80B3008230DEB31
:10037000030004A98DF80C3000F002FE0028E6D03E
:10038000102168460DEB010200F0D8FF0028DED0F6
:1003900004A800F005F809B05DF804FB803A0020DD
:1003A00008B5074A53794BB113791C2B05D8F6F7DA
:1003B000D1FA021F5342534100E00023184608BD02
:1003C000803A00200B79013B0B2B1BD8DFE803F0B0
:1003D00006080A0C0E10121A141A161800F014B897
:1003E00000F020B800F02CB800F038B800F044B8A5
:1003F00000F050B800F05CB800F068B800F072B8D7
:1004000000F07CB8704700BF10B594B00C46694648
:1004100001F09EFF18B16846A178FEF73DFC14B0CC
:1004200010BD00BF10B594B00C46694601F0CAFF7C
:1004300018B16846A178FEF781FC14B010BD00BF6A
:1004400010B594B00C46694602F016F818B168462B
:10045000A178FEF7C5FC14B010BD00BF10B594B074
:100460000C46694602F052F818B16846A178FEF7CA
:1004700009FD14B010BD00BF10B594B00C4669461C
:1004800002F08EF818B16846A178FEF74DFD14B061
:1004900010BD00BF10B596B00C46694602F0CAF810
:1004A00018B16846A178FEF791FD002016B010BD86
:1004B00010B586B00C4601A902F006F918B101A8E2
:1004C000A178FEF7D1FD06B010BD00BF1FB50C46E8
:1004D000694602F045F918B16846A178FEF718FEA2
:1004E00004B010BD13B50C46694602F09DF918B171
:1004F0006846A178FEF758FE02B010BD1FB50C4645
:1005000001A902F0C9F918B101A8A178FEF792FE7D
:1005100004B010BD7FB50B4B5D7985B1F6F72EFAAF
:10052000002406466846F6F71FFA042807D16846F5
:10053000FFF7B4F90134338FA4B2A342F2D22846B4
:1005400004B070BD803A00204B7813B1012B02D06B
:100550007047FFF737BF00F001B800BF8B782BB1B1
:100560007F2B03D0064A12799A4208D1CB7813B177
:10057000012B02D0704700F005B800F009B87047B1
:10058000803A00208B790BB902F0F4BF002070474D
:10059000CB79012B05D002D3022B04D0704700F099
:1005A00005B800F01BB800F025B800BF1FB501A9C1
:1005B00001F03CFE08B900200CE09DF80400022187
:1005C000F8F764FD0398F1F7CFFB0028F3D001A8FA
:1005D000FBF7BEFE05B05DF804FB00BF1FB5694622
:1005E00001F05CFE10B1684603F0FEF905B05DF85D
:1005F00004FB00BF07B501A901F090FE08B9002077
:1006000008E001A8F8F7CCFB0028F8D00E20012163
:10061000F8F73CFD03B05DF804FB00BF13B50C46D2
:10062000694601F06BFD80B101210220F8F72EFD33
:100630009DF80510009803F029FB9DF8040003F0D5
:1006400061FD6846214601F077FD02B010BD00BF94
:100650001FB50C4601A901F08FFD70B1F8F72EFD12
:100660000128014602D10B20F8F710FD01A8F7F789
:10067000BBFF01A8214601F0A5FD04B010BD00BFDD
:1006800013B504466846F4F749FB042804D16846CC
:10069000214600F0CBFC00E0002002B010BD00BFFE
:1006A00007B5694600F0A4FC10B16846F1F76EFB8F
:1006B00003B05DF804FB00BF37B5054668460C463D
:1006C000F4F740FD042805D168462946224600F08B
:1006D000EDFC00E0002003B030BD00BF07B5694667
:1006E00000F0BAFC28B16846F4F74AFD031F5842EF
:1006F000584103B05DF804FB13B5044601A8F4F7B4
:1007000099FC042804D101A8214600F037FD00E03F
:10071000002002B010BD00BF07B501A900F00CFD1C
:1007200028B101A8F4F79EFC031F5842584103B0BA
:100730005DF804FB37B5054668460C46F4F7B2FC95
:10074000042805D168462946224600F077FD00E0DE
:10075000002003B030BD00BF07B5694600F032FD90
:1007600028B16846F4F7C2FC031F5842584103B051
:100770005DF804FB13B504466846F3F7BFFF042891
:1007800005D168461021224600F0D8FD00E0002087
:1007900002B010BD07B5694600F0B2FD28B1684649
:1007A000F3F7C6FF031F5842584103B05DF804FB3E
:1007B00037B5054668460C46F4F7DCF9042805D140
:1007C00068462946224600F059FE00E0002003B0AA
:1007D00030BD00BF07B5694600F02AFE28B1684663
:1007E000F4F7E8F9031F5842584103B05DF804FBE1
:1007F00013B504466846F3F747FF042805D1684659
:100800001221224600F0E8FD00E0002002B010BDF9
:1008100007B5694600F0C0FD28B16846F3F74EFF02
:10082000031F5842584103B05DF804FB70B5174BE5
:1008300090B003AA064603F1280E154618685968B9
:10084000144603C4083373452246F7D11B7823703E
:100850000DF135000021092207F0B4FD95E80300F1
:1008600000230293ADF80810090C01908DF80A10CE
:100870001022194601A807F07FFE10AB314643F85D
:10088000400D684600F03CFE10B070BDA08A01002B
:1008900007B5694600F05EFE10B16846FBF78EFCB6
:1008A00003B05DF804FB00BF13B504466846F4F7D7
:1008B0006BFB042804D16846214600F069FE00E085
:1008C000002002B010BD00BF2DE97041204B8FB059
:1008D00004AA804603F1280596461868596814460C
:1008E00003C40833AB422246F7D19EE8030000263A
:1008F0000396ADF80C10090C02908DF80E10002430
:100900003146002502A81022CDE9004507F034FE4B
:100910000EAB0509040753F8210D02909A88ADF833
:100920000C209B798DF80E30314602A81022CDE9BB
:10093000004507F021FE0EA9044361E90E45424639
:100940006946162000F0ECFD0FB0BDE8708100BFD5
:10095000A08A010007B5084B0246998818680090E4
:100960009B79ADF80410172069468DF8063000F029
:10097000D7FD03B05DF804FBD28A0100000000003F
:1009800037B507A5D5E9004502A9024661E9024548
:100990001820694600F0C4FD03B030BDAFF30080FD
:1009A0001C000E1807E7070037B5064D02A94FF0E7
:1009B0008074024661E902451920694600F0B0FDE5
:1009C00003B030BD0104020070B5104B86B002AC1C
:1009D000024603F1080E264618685968254603C5E5
:1009E000083373452C46F7D118689B882860AB8084
:1009F00096E80300ADF80410090C00908DF806107D
:100A00001A20694600F08CFD06B070BDDA8A01003C
:100A100070B5114B86B0024602AC03F108061868A7
:100A20005968254603C50833B3422C46F7D11868E8
:100A30009B88AB8006AB286053F8090D009099881D
:100A4000ADF804109B798DF8063069461B2000F044
:100A500067FD06B070BD00BFDA8A010037B50546F4
:100A600068460C46F3F736FF042805D16846294648
:100A7000224600F0E3FD00E0002003B030BD00BFDF
:100A800007B5694600F09AFD28B16846F3F73CFFC8
:100A9000031F5842584103B05DF804FB37B50546C3
:100AA00068460C46F3F752FF042805D168462946EC
:100AB000224600F05DFE00E0002003B030BD00BF24
:100AC00007B5694600F004FE28B16846F3F758FF01
:100AD000031F5842584103B05DF804FB37B5054683
:100AE00068460C46F3F76EFF042805D16846294690
:100AF000224600F0D1FE00E0002003B030BD00BF70
:100B000007B5694600F078FE28B16846F3F774FF30
:100B1000031F5842584103B05DF804FB37B5054642
:100B200068460C46F3F78AFF042805D16846294633
:100B3000224600F021FF00E0002003B030BD00BFDE
:100B400007B5694600F0ECFE28B16846F3F790FF60
:100B5000031F5842584103B05DF804FB37B5054602
:100B600068460C46F3F7A6FF042805D168462946D7
:100B7000224600F07FFF00E0002003B030BD00BF40
:100B800007B5694600F04EFF28B16846F3F7AAFFA3
:100B9000031F5842584103B05DF804FB37B50546C2
:100BA0000DF107000C46F3F7BBFF042806D10DF149
:100BB00007002946224600F0B5FF00E0002003B000
:100BC00030BD00BF07B50DF1070100F095FF30B152
:100BD0000DF10700F3F7B6FF031F5842584103B069
:100BE0005DF804FB37B505460DF107000C46F3F739
:100BF000C1FD042806D10DF107002946224600F068
:100C0000BBFF00E0002003B030BD00BF07B50DF111
:100C1000070100F09BFF08B900200CE09DF80700D9
:100C2000FEF72AFE0028F7D00DF10700F3F7B4FD18
:100C3000031F5842584103B05DF804FB37B5054621
:100C40000DF107000C46F3F7BFFD042806D10DF1A6
:100C500007002946224600F0B9FF00E0002003B05B
:100C600030BD00BF07B50DF1070100F099FF08B9CD
:100C7000002011E09DF80730012B07D00DF107008F
:100C8000F3F7B8FD031F5842584105E0FE20FEF778
:100C9000F3FD0028F2D1EBE703B05DF804FB00BFE1
:100CA0007FB5054601A80E461446F3F7E3FD042878
:100CB00001D000201BE0AEB102A8F3F75BFF0428CF
:100CC000F7D19DF80D30BDF80420002B08BF01239B
:100CD00092FBF3F2ADF80420BDF8062092FBF3F38B
:100CE000ADF8063001A82946224600F09DFF04B069
:100CF00070BD00BF07B501A900F07CFF28B101A8B5
:100D0000F3F7CCFD031F5842584103B05DF804FBD4
:100D100037B5054601A80C46F3F784FD042805D134
:100D200001A82946224600F0B7FF00E0002003B0EA
:100D300030BD00BF07B501A900F098FF28B101A898
:100D4000F3F780FD031F5842584103B05DF804FBE0
:100D500037B5054668460C46F3F76CFF042805D105
:100D600068462946224601F005F800E0002003B05D
:100D700030BD00BF07B5694600F0A4FF28B1684642
:100D8000F3F77AFF031F5842584103B05DF804FBA4
:100D900037B5054668460C46F3F74CFF042805D1E5
:100DA00068462946224601F071F800E0002003B0B1
:100DB00030BD00BF07B5694601F020F828B168468C
:100DC000F3F75AFF031F5842584103B05DF804FB84
:100DD00037B505460DF106000C46F3F775FF0428FC
:100DE00006D10DF106002946224601F0ABF800E0DD
:100DF000002003B030BD00BF07B50DF1060101F0C2
:100E00008BF830B10DF10600F3F770FF031F584265
:100E1000584103B05DF804FB38B50A4C0546B4F9F7
:100E2000000003F005FE50B1B4F9020004F04EF9E1
:100E300028B120462946BDE8384001F0B1B800206D
:100E400038BD00BF803A0020014901F08FB800BFD3
:100E5000803A002013B50C460DF1020201A901F001
:100E6000BDF808B900200CE00198BDF80210F3F7B6
:100E7000B3FB0428F6D120460199BDF8022001F009
:100E8000E1F802B010BD00BF13B50C460DF1020130
:100E900001F0C2F808B900200CE001A8BDF802106A
:100EA000F3F75CFB0428F6D10199BDF80220204637
:100EB00001F0C8F802B010BD10B50446F3F7E2FB2C
:100EC000042804D12046BDE8104001F0CFB800202E
:100ED00010BD00BF13B50C460DF107020DF1060160
:100EE00001F0D0F868B19DF807109DF80600FAF7F8
:100EF000FFFE9DF806109DF807200346204601F0EE
:100F0000DFF802B010BD00BF064B00229A609A8144
:100F10001A609A80044A1A61012002229A82987506
:100F2000704700BF883A0020008B01002DE9F04196
:100F3000124DAE7DFF2380460C460B704B708B70BC
:100F4000CB700B714B718B71CB719EB1AA68AB8961
:100F500002F042FA70B9404621462A68AB8802F096
:100F60003BFA38B9404621462A69AB8ABDE8F041D0
:100F700002F032BA3046BDE8F08100BF883A002066
:100F80002DE9F0410D4CA57D80460E469DB12269AC
:100F9000A38A02F06BFA70B9404631462268A388F2
:100FA00002F064FA38B940463146A268A389BDE828
:100FB000F04102F05BBA2846BDE8F081883A002093
:100FC000437B082B0CBF007BFF20704738B5D0E96E
:100FD000004508234B730A464FF0FF304FF6FF7170
:100FE000204029400532F0F739FA012038BD00BF12
:100FF00013B5437B082B0C4614D10022002302A911
:1010000061E9022305306946F0F74AFADDE9002379
:101010004FF0FF306FF07F4102400B40C4E90023E6
:10102000012000E0002002B010BD00BF38B5D0E9BB
:1010300000450A464FF0FF306FF07F4104400D40FD
:10104000082300204FF08071537320432943053259
:10105000F0F704FA012038BD13B5437B082B0C468A
:1010600021D10022002302A961E90223053069464B
:10107000F0F716FADDE90023100A40EA0360607019
:10108000100C40EA0340A070100E40EA032000F06C
:101090000F00E070100F40EA031000F00100207113
:1010A0002270012000E0002002B010BD2DE9384F71
:1010B000447890F802A0002AC2784FEA04284FEA48
:1010C0000A4490F800A048EA040802F00F0248EA37
:1010D0000A084FEA026444EA080490F804804FF0DA
:1010E00000054FF0000949EA05094FF0000B08F030
:1010F000010849EA0B095FFA88F84FF000050B4632
:101100004FEA087045EA09054FF0000144EA00047F
:1011100045EA01054FF0080214BF4FF010614FF08F
:10112000006100205A73204329435A1DF0F796F9B5
:101130000120BDE8388F00BF13B5437B082B0C4658
:1011400019D10022002302A961E902230530694672
:10115000F0F7A6F9DDE90023100940EA037000F07A
:101160000F006070100A40EA036002F00101A070F5
:101170002170012000E0002002B010BD2DE93843AD
:1011800090F8028003784078C3F300034FEA082404
:101190001C434FF000080A4648EA040800250401F1
:1011A0004FF03069082349EA0509E0B20021537382
:1011B00040EA080041EA09010532F0F74FF9012041
:1011C000BDE8388313B5437B082B0C4633D100228E
:1011D000002302A961E9022305306946F0F760F9AE
:1011E000DDE90023900940EA836000F003006070AD
:1011F000100A40EA036000F00F00A070100B40EAF4
:10120000035000F00F00E070100C40EA034000F0C3
:101210000F002071100D40EA033000F00F006071E4
:10122000100E40EA032000F00F0002F03F01A07111
:101230002170012000E0002002B010BD2DE9384FE0
:10124000002A90F80180827890F803A04FEA881471
:101250004FEA02225FFA84F802F4706444EA080458
:1012600090F80080027908F03F085FFA88F844EAB5
:1012700008044FEA0A384FEA02421FFA88F848EA9F
:10128000040802F4702442794FF000094FF0000581
:1012900045EA09054FEA02524FF0000945EA0905FF
:1012A00048EA04084FF0000902F47004827949EA20
:1012B00005094FF0000549EA050902F00F024FF059
:1012C00000050B464FEA026044EA080445EA0905B6
:1012D0004FF0000144EA000445EA01054FF008021E
:1012E00014BF4FF060614FF0706100205A732043CB
:1012F00029435A1DF0F7B2F80120BDE8388F00BF2E
:1013000073B5437B082B0E4614D10022002302A99B
:1013100061E9022305306946F0F7C2F8DDE9000112
:10132000020A42EA01620B0A7071728031713380E5
:10133000012000E0002002B070BD00BF2DE9F74F92
:1013400044880579068890F805A04FEA04284FF0F4
:101350000009002449EA050948EA04084FF0000B97
:101360004AEA080A4BEA090B4FEA06294BEA090B3D
:1013700008234AEA040A4FEA016953734AEA04005F
:1013800000274BEA09010532CDE90067F0F766F85E
:10139000012003B0BDE8F08F13B5437B082B0C464A
:1013A00016D10022002302A961E902230530694613
:1013B000F0F776F8DDE90023100A40EA0360607177
:1013C000100C40EA0340608022712380012000E07D
:1013D000002002B010BD00BF2DE9384F4479B0F8AD
:1013E00002A04FF0000900254FEA042845EA09054C
:1013F0004FEA0A444FF0000B90F804A044EA0804B6
:101400004BEA050B05884AEA040A002408234AEA45
:10141000040A4BEA050B4FEA016953734AEA0400D8
:101420004BEA09010532F0F719F80120BDE8388FC1
:1014300073B5437B082B0E461CD10022002302A962
:1014400061E9022305306946F0F72AF8DDE9002357
:10145000140C44EA0344100AB470140E40EA03600A
:10146000190A44EA0324F070327074703371717198
:10147000012000E0002002B070BD00BF2DE9384F10
:10148000C47890F802A04FEA04284FEA0A4490F882
:1014900000A0002548EA04084FF0000949EA0509C0
:1014A0004FF0000B48EA0A0890F801A049EA0B093E
:1014B00000254FEA0A6449EA050990F805A0057974
:1014C00048EA040800240B46002A4FEA0A2148EAA9
:1014D000040849EA050949EA010948EA040814BF71
:1014E0004FF0A4414FF0885108225A7344EA080093
:1014F00041EA09015A1DEFF7B1FF0120BDE8388F1D
:1015000008B503680A4623F0704308210020517390
:1015100018434FF098510532EFF7A0FF012008BDA6
:101520002DE93843D1E900894FF0FF346FF07F4552
:1015300008EA040809EA050908230506002453738C
:1015400048EA040049EA05010532EFF787FF012068
:10155000BDE8388313B5437B082B0C4614D1002219
:10156000002302A961E9022305306946EFF798FFDD
:10157000DDE900234FF0FF306FF07F4102400B4068
:10158000C4E90023012000E0002002B010BD00BF2C
:1015900038B5D0E900450A464FF0FF306FF07F4183
:1015A00004400D40082300204FF0A85153732043FE
:1015B00029430532EFF752FF012038BD13B5437BB5
:1015C000082B0C4637D10022002302A961E902232F
:1015D00005306946EFF764FFBDF800302046C3F3DD
:1015E0000B0320F8063F0C21EFF7A6FF00980199A6
:1015F000020B42EA01522046C2F30B0220F8042FEC
:101600000C21EFF799FF01999DF80320204642EA4B
:101610000122C2F30B0220F8022F0C21EFF78CFFFE
:1016200001990A09C2F30B02204622800C21EFF730
:1016300083FF012000E0002002B010BD2DE9384FEB
:10164000002AB0F802A08288CAF30B0A4FEA0232DD
:101650001FFA8AFA22F07F4402884FEA1A294FEAD9
:101660000A68B0F806A04FF000054FEA021224F411
:101670007F6424F00F0449EA0509CAF30B0A22F03B
:101680000F0548EA04081FFA8AFA4FF0000B4FEAE8
:1016900005454FF0000448EA0A0849EA0B094FEAF9
:1016A00015454FF008020B464A7348EA040814BF78
:1016B0004FF000514FF0145149EA050944EA08007F
:1016C00041EA09015A1DEFF7C9FE0120BDE8388F34
:1016D00013B5437B082B0C4647D10022002302A9F7
:1016E00061E9022305306946EFF7DAFEBDF8003004
:1016F0002046C3F30B0320F8063F0C21EFF71CFF35
:1017000000980199E388020B42EA0152204603F651
:10171000AA23C2F30B02E3800C2120F8042FEFF779
:101720000BFF01999DF80320A388204642EA01227D
:1017300003F6AA23C2F30B02A3800C2120F8022F88
:10174000EFF7FAFE019963880A0903F6AA23C2F3A8
:101750000B026380204622800C21EFF7EDFE2388E8
:1017600003F6AA232380012000E0002002B010BD70
:101770002DE93843002AB0F90420A2F6AA22C2F3C8
:101780000B024FEA0238B0F90220A2F6AA22C2F3F5
:101790000B024FEA12254FEA0264B0F90620A2F6C6
:1017A000AA2248EA0408C2F30B0248EA0208B0F988
:1017B0000020A2F6AA22C2F30B024FF000094FF05C
:1017C000000449EA05094FEA02154FF008020B46EA
:1017D0004A7348EA040814BF4FF004514FF01851FF
:1017E00049EA050944EA080041EA09015A1DEFF7F0
:1017F00035FE0120BDE8388313B5437B082B0C462A
:1018000047D10022002302A961E90223053069467D
:10181000EFF746FEBDF800302046C3F30B0320F877
:10182000063F0C21EFF788FE00980199E388020B30
:1018300042EA0152204603F6AA23C2F30B02E380D8
:101840000C2120F8042FEFF777FE01999DF8032073
:10185000A388204642EA012203F6AA23C2F30B0220
:10186000A3800C2120F8022FEFF766FE0199638810
:101870000A0903F6AA23C2F30B02638020462280E2
:101880000C21EFF759FE238803F6AA2323800120B9
:1018900000E0002002B010BD2DE93843002AB0F965
:1018A0000420A2F6AA22C2F30B024FEA0238B0F9D2
:1018B0000220A2F6AA22C2F30B024FEA12254FEA37
:1018C0000264B0F90620A2F6AA2248EA0408C2F38C
:1018D0000B0248EA0208B0F90020A2F6AA22C2F3DD
:1018E0000B024FF000094FF0000449EA05094FEAE6
:1018F00002154FF008020B464A7348EA040814BF69
:101900004FF008514FF01C5149EA050944EA08001C
:1019100041EA09015A1DEFF7A1FD0120BDE8388316
:1019200013B5437B082B0C4623D10022002302A9C8
:1019300061E9022305306946EFF7B2FDDDE90023D6
:10194000100B40EA0350C0F30B004000A080100EC3
:1019500040EA0320C0F30B00400060801809C2F386
:101960000B01C0F30B00400049002080E180012002
:1019700000E0002002B010BD2DE9384FB0F902A000
:101980000B46002AB0F904104FF002029AFBF2FA5B
:1019900091FBF2F1CAF30B0A1FFA8AFA4FEA0131FE
:1019A00021F07F444FEA1A29B0F900104FEA0A6883
:1019B000B0F906A09AFBF2FA91FBF2F24FF00005A3
:1019C0004FEA021224F47F6424F00F0449EA050967
:1019D000CAF30B0A22F00F0548EA04081FFA8AFA34
:1019E0004FF0000B4FEA05454FF0000448EA0A08A3
:1019F00049EA0B094FEA154514BF4FF00C514FF05F
:101A0000205148EA040849EA050908225A7344EAC1
:101A1000080041EA09015A1DEFF720FD0120BDE849
:101A2000388F00BF13B5437B082B0C461ED1002214
:101A3000002302A961E9022305306946EFF730FD72
:101A4000DDE90023100B40EA0350C0F30B00400017
:101A50006080100E40EA0320C2F30B01C0F30B00BC
:101A6000400049002080A180012000E0002002B059
:101A700010BD00BF2DE9384F0B46B0F90210B0F988
:101A800000A0B0F90400002A4FF0020291FBF2F12D
:101A90004FEA01319AFBF2FA21F07F44CAF30B0AB4
:101AA0001FFA8AFA90FBF2F024F47F644FEA1A29B5
:101AB0004FEA0A684FF0000524F00F04C0F30B0052
:101AC00044EA080445EA090580B24FF0000144EAFF
:101AD000000445EA01054FF0080214BF4FF0105111
:101AE0004FF0245100205A73204329435A1DEFF729
:101AF000B5FC0120BDE8388F13B5437B082B0C469D
:101B00000CD1002302A9002261E9022305306946B5
:101B1000EFF7C6FC009B2370012000E0002002B01C
:101B200010BD00BF38B5002A0B46007814BF4FF037
:101B30002C554FF030550024082200215A732043C1
:101B400029435A1DEFF78AFC012038BD13B5437BAA
:101B5000082B0C460CD1002302A9002261E90223C4
:101B600005306946EFF79CFC009B2370012000E0E4
:101B7000002002B010BD00BF38B5002A0B46007827
:101B800014BF4FF080454FF0824500240822002109
:101B90005A73204329435A1DEFF760FC012038BDDA
:101BA00013B5437B082B0C460CD1002302A900225D
:101BB00061E9022305306946EFF772FC009B237050
:101BC000012000E0002002B010BD00BF38B5002A9F
:101BD0000B46007814BF4FF084454FF08645002433
:101BE000082200215A73204329435A1DEFF736FC7F
:101BF000012038BD13B5437B082B0C4611D10022C0
:101C000002A9002361E9022305306946EFF748FC89
:101C1000DDE90001020C42EA0142208062800120DD
:101C200000E0002002B010BD2DE93843B0F802807A
:101C300000880B46002A4FEA08444FF000014FF09D
:101C4000000544EA000445EA01054FF0080214BF0C
:101C50004FF098414FF09A4100205A732043294396
:101C60005A1DEFF7FBFB0120BDE8388313B5437B1A
:101C7000082B0C460CD1002302A9002261E90223A3
:101C800005306946EFF70CFC009B2360012000E063
:101C9000002002B010BD00BFF8B50068002A4FF068
:101CA00000040B4614BF4FF0A0454FF0A245082298
:101CB00044EA00064A73304629465A1DEFF7CEFB28
:101CC0000120F8BD37B5447B082C0D464FD10022CA
:101CD000002302A961E9022305306946EFF7E0FB22
:101CE0009DF800302B8028462146EFF725FC2B88F5
:101CF00000980199020A03EB8303284642EA016235
:101D00005B0003F6AA23D2B22B80214620F8022FD3
:101D1000EFF712FC6B880199BDF8022003EB8303F7
:101D2000284642EA01425B0003F6AA23D2B26B8046
:101D3000214620F8062FEFF7FFFBEB8801999DF86D
:101D40000320284642EA012203EB83035B00D2B260
:101D5000EB80214620F8042FEFF7EEFBAB8803EB76
:101D600083035B0003F6AA23AB80012000E0002080
:101D700003B030BD2DE970430B46B0F90660B0F9F1
:101D80000010002A4FF00A0296FBF2F6A1F6AA21F3
:101D900091FBF2F1F6B24FEA0644C9B244EA0108F7
:101DA000B0F90210A1F6AA2191FBF2F14FEA012449
:101DB000B0F90410A1F6AA2191FBF2F24FF0000550
:101DC000A4B2A94648EA04084FF000054FEA0264AD
:101DD00014BF4FF02E414FF02F4149EA050948EA60
:101DE0000408082200205A7340EA080041EA090169
:101DF0005A1DEFF733FB0120BDE8708313B5437B19
:101E0000082B0C463ED10022002302A961E90223DF
:101E100005306946EFF744FBBDF80030C3F30B0310
:101E2000238020460C21EFF787FB00980199238837
:101E3000020B42EA0152204603F6AA23C2F30B0228
:101E400023800C2120F8062FEFF776FB01999DF8EF
:101E50000320204642EA0122C2F30B0220F8042F9D
:101E60000C21EFF769FBA388019903F6AA230A095D
:101E7000A38052B2238802EB820203EB420262800B
:101E8000012000E0002002B010BD00BF2DE970432A
:101E9000C688002A4FEA0636B0F9002026F07F44B3
:101EA0000B4624F47F64A2F6AA21C1F30B0124F0AF
:101EB0000F0444EA0104B0F90410B0F90200A1F6DD
:101EC000AA21C1F30B014FEA11294FEA0168C2EBC5
:101ED00000004FF00A0190FBF1F0C0B24FF0000596
:101EE00044EA080445EA09054FF000084FEA0019E2
:101EF00014BF4FF030414FF0314144EA080445EA45
:101F0000090508225A7348EA040029435A1DEFF7CD
:101F1000A5FA0120BDE8708313B5437B082B0C465E
:101F20000CD1002302A9002261E902230530694691
:101F3000EFF7B6FA009B2380012000E0002002B0FA
:101F400010BD00BF38B5002A0B46008814BF4FF003
:101F500032454FF033450024082200215A732043B4
:101F600029435A1DEFF77AFA012038BD13B5437B98
:101F7000082B0C4611D1002202A9002361E902239B
:101F800005306946EFF78CFADDE90001020C42EA00
:101F9000014220806280012000E0002002B010BDDC
:101FA0002DE93843B0F80080002448EA0408B0F96D
:101FB00002400A464FF03F4520044FF00009082335
:101FC00049EA050948EA00045373204649460532A8
:101FD000EFF744FA0120BDE8388300BF2DE97741CF
:101FE000437B082B0E46904612D102A900240025FF
:101FF00061E9024505306946EFF752FADDE9000173
:10200000020C42EA0142A8F800003260012000E020
:10201000002003B0BDE8708113B5437B082B0C464C
:102020000CD1002302A9002261E902230530694690
:10203000EFF736FA009B2380012000E0002002B079
:1020400010BD00BF70B500230D0C1D4392B20823D4
:102050000C040646144343734FF06E4100202043A6
:102060002943721DEFF7FAF9012070BD08B5024649
:10207000082343734FF0704100200532EFF7EEF96B
:10208000012008BD2DE97741437B082B8846164681
:1020900012D102A90024002561E9024505306946F4
:1020A000EFF7FEF9DDE90045200A40EA056088F80F
:1020B00000403070012000E0002003B0BDE87081D6
:1020C0002DE970431D0C1C044FF000084FF07149BE
:1020D00006460823C8B244EA080445EA0905002177
:1020E00004430D4302FA03F0002120437373294394
:1020F000721DEFF7B3F90120BDE8708373B5437B20
:10210000082B0E4614D1002202A9002361E9022304
:1021100005306946EFF7C4F9DDE90045680800F0CD
:10212000010005F00102707134603271012000E09D
:10213000002002B070BD00BF2DE9384F036805795B
:1021400090F805A04FF000080A46002448EA03086A
:102150004FF02249082348EA040849EA05094FEAF2
:102160004A01537344EA080041EA09010532EFF7D6
:1021700075F90120BDE8388F73B5437B082B0E46F7
:102180001CD1002202A9002361E90223053069461F
:10219000EFF786F9DDE900010C0904F0010434725F
:1021A0004C0904F0010474728C0901F00F0204F070
:1021B000010470603270B472012000E0002002B0AF
:1021C00070BD00BF2DE9F74F436890F80880467A4C
:1021D0004FF0000A00244FEA08154FEA46194AEA70
:1021E000030A867A03784FF0234B4AEA040A4BEA43
:1021F000050B0A464BEA090B4AEA040A4FEA86191C
:1022000044EA0A0849EA0B0903F00F010823537353
:1022100044EA0800002741EA09010532CDE90067D8
:10222000EFF71CF9012003B0BDE8F08F13B5437B35
:10223000082B0C462ED10022002302A961E90223BB
:1022400005306946EFF72CF9DDE90023100A40EA72
:10225000036000F01F006070500B40EAC34000F0C4
:102260001F00A070900C40EA833000F01F00E07067
:10227000D00D40EA432000F00F002071D00E40EA5C
:10228000431000F01F0002F01F0160712170A36075
:10229000012000E0002002B010BD00BF73B5437BF9
:1022A000082B0E4636D10022002302A961E9022341
:1022B00005306946EFF7F4F8009B304623F07F4382
:1022C00040F8043F1821EFF729F901999DF8032000
:1022D000304642EA0122C2F3090220F8082F0C21FD
:1022E000EFF72AF9DDE90001CC0804F00104F472EB
:1022F0000C0904F0010434734C0904F001048A0849
:1023000074738C0902F0010204F00304B272347099
:10231000012000E0002002B070BD00BF13B5437B78
:10232000082B0C4611D1002202A9002361E90223E7
:1023300005306946EFF7B4F8DDE90001020A42EA28
:10234000016260702270012000E0002002B010BD28
:102350002DE91343437B082B0C462FD10022002389
:1023600002A961E9022305306946EFF799F8DDE932
:102370000023100C40EA0340C0F30B004000A4F817
:102380004A00100F40EA03104FEA5338C0F30B0025
:10239000400008F01F0891B2A4F8480084F84C806F
:1023A000180A4FEA934800F01F02490008EB88031F
:1023B000616084F84D202360012000E0002002B01D
:1023C000BDE810832DE91343437B082B0C464FD106
:1023D0000022002302A961E9022305306946EFF7D4
:1023E0005FF82046BDF8003040F8043F1021EFF7B9
:1023F00095F80199BDF802206368204642EA01423F
:1024000003F6AA23C2F30B0263600C2120F84A2FC3
:10241000EFF792F800980199B4F84A30020F42EAB7
:102420000112204603F6AA23C2F30B02A4F84A3095
:102430000C2120F8482FEFF77FF8DDE900894FEAFB
:102440005930B4F8483000F01F004FEA192284F8E0
:102450004C004FEA994000EB800003F6AA2302F0FB
:102460001F022060A4F8483084F84D20012000E0CD
:10247000002002B0BDE810832DE91343437B082BF5
:102480000C463FD10022002302A961E90223053056
:102490006946EFF705F82046BDF8003040F8043FE4
:1024A0001021EFF73BF80199BDF80220204642EADF
:1024B0000142C2F30B0220F84A2F0C21EFF73CF83F
:1024C00000980199020F42EA01122046C2F30B0262
:1024D00020F8482F0C21EFF72FF8DDE900894FEAAB
:1024E000593000F01F004FEA192284F84C004FEADF
:1024F000994000EB800002F01F02206084F84D201C
:10250000012000E0002002B0BDE810832DE9134354
:10251000437B082B0C463FD10022002302A961E92E
:10252000022305306946EEF7BBFF2046BDF80030B8
:1025300040F8043F1021EEF7F1FF0199BDF80220A9
:10254000204642EA0142C2F30B0220F84A2F0C2136
:10255000EEF7F2FF00980199020F42EA01122046BD
:10256000C2F30B0220F8482F0C21EEF7E5FFDDE95E
:1025700000894FEA593000F01F004FEA192284F811
:102580004C004FEA994000EB800002F01F022060EF
:1025900084F84D20012000E0002002B0BDE8108347
:1025A0002DE91343437B082B0C463FD10022002327
:1025B00002A961E9022305306946EEF771FF204662
:1025C000BDF8003040F8043F1021EEF7A7FF019955
:1025D000BDF80220204642EA0142C2F30B0220F875
:1025E0004A2F0C21EEF7A8FF00980199020F42EA4A
:1025F00001122046C2F30B0220F8482F0C21EEF7FF
:102600009BFFDDE900894FEA593000F01F004FEAD7
:10261000192284F84C004FEA994000EB800002F048
:102620001F02206084F84D20012000E0002002B04D
:10263000BDE810832DE91343437B082B0C463FD1A3
:102640000022002302A961E9022305306946EEF762
:1026500027FF2046BDF8003040F8043F1021EEF778
:102660005DFF0199BDF80220204642EA0142C2F313
:102670000B0220F8522F0C21EEF75EFF0098019913
:10268000020F42EA01122046C2F30B0220F8502F3B
:102690000C21EEF751FFDDE900894FEA593000F0D7
:1026A0001F004FEA192284F854004FEA994000EBCA
:1026B000800002F01F02206084F85520012000E015
:1026C000002002B0BDE8108313B5437B082B0C46F5
:1026D00042D10022002302A961E9022305306946A4
:1026E000EEF7DEFEDDE90023500940EAC36000F0AA
:1026F00007006070100A40EA036000F00700A07055
:10270000D00A40EA435000F00F00E070D00B40EADE
:10271000434000F007002071900C40EA833000F045
:1027200007006071500D40EAC32000F001002074E2
:10273000900D40EA832000F0010002F01F01607458
:10274000100E40EA03202170190E0A2303FB01F248
:10275000A060E260012000E0002002B010BD00BFD8
:102760002DE93743457B082D0C4658D10022002324
:1027700002A961E9022305306946EEF791FEDDE921
:102780000001020C83B242EA01422046D2B26360E9
:10279000294620F8082FEEF7CFFE238901999DF8EE
:1027A000032003EB8303204642EA01225B0003F689
:1027B000AA23D2B22381294620F80A2FEEF7BCFEC5
:1027C000DDE900012278638921734FEA112868F35B
:1027D00000024FEA512868F341024FEA912868F35A
:1027E00082024FEAD12868F3C3024FEA113868F336
:1027F000041203EB83034FEA513868F345125B0080
:102800004FEA913803F6AA2368F3861263814FEAF0
:10281000D138134668F3C7132370012000E000206D
:1028200003B0BDE8308300BF73B5437B082B0E4671
:102830002ED10022002302A961E902230530694656
:10284000EEF72EFEDDE90023100C728072785C0832
:1028500063F3000264F341029C0864F38202DC0823
:1028600064F3C3021C0964F304125C0964F34512A7
:102870009C0964F38612DC0964F3C7121C0A40EA5F
:10288000034004F00F04B08072703470012000E047
:10289000002002B070BD00BF73B5437B082B0E460D
:1028A00027D10022002302A961E9022305306946ED
:1028B000EEF7F6FDDDE900233046C3F30B0372604B
:1028C0000C2120F80A3FEEF737FEDDE900233278CD
:1028D000180B60F30002580B60F34102980B60F391
:1028E0008202D80B60F3C302180C308132700120D1
:1028F00000E0002002B070BD2DE9384F90F84C3058
:102900005B0303F4783590F84D301B0203F4F8595B
:1029100003680A460521B3FBF1F34168002445EA48
:10292000090B4FEA8349022344EA040A91FBF3F1BD
:1029300044EA0A0889B248EA010AB0F94A1091FB50
:10294000F3F1C1F30B014FEA014848EA0A08B0F974
:1029500048A09AFBF3FA49EA0B09CAF30B0A1FFADB
:102960008AFACB46082344EA0B094FEA1A114FEAC8
:102970000A70537340EA080041EA09010532EEF794
:102980006DFD0120BDE8388F2DE9384F90F84C30AF
:102990005B0303F4783590F84D301B0203F4F859CB
:1029A00003680A460521B3FBF1F345EA090B4FEA38
:1029B00083494368002444EA040AA3F6AA2344EAAC
:1029C0000A089BB248EA030AB0F94A30A3F6AA23E0
:1029D000C3F30B034FEA0348B0F9483049EA0B0947
:1029E000A3F6AA23C3F30B03CB4648EA0A0844EA3A
:1029F0000B09190918070823537340EA080041EA34
:102A000009010532EEF72AFD0120BDE8388F00BF2D
:102A10002DE9384F90F84D301B0203F4F8558388A8
:102A2000002444EA030A90F84C305B0303F478393D
:102A300003680A460521B3FBF1F345EA090B4FEAA7
:102A40008349B0F84A304AEA040AC3F30B034AEA5E
:102A5000040A4FEA034848EA0A08B0F848A0CAF353
:102A60000B0A1FFA8AFA4BEA090B082344EA0B09FE
:102A70004FEA1A114FEA0A70537340EA080041EA1C
:102A800009010532EEF7EAFC0120BDE8388F00BFEE
:102A90002DE9384F90F84D301B0203F4F855838828
:102AA000002444EA030A90F84C305B0303F47839BD
:102AB00003680A460521B3FBF1F345EA090B4FEA27
:102AC0008349B0F84A304AEA040AC3F30B034AEADE
:102AD000040A4FEA034848EA0A08B0F848A0CAF3D3
:102AE0000B0A1FFA8AFA4BEA090B082344EA0B097E
:102AF0004FEA1A114FEA0A70537340EA080041EA9C
:102B000009010532EEF7AAFC0120BDE8388F00BFAD
:102B10002DE9384F90F84D301B0203F4F8558388A7
:102B2000002444EA030A90F84C305B0303F478393C
:102B300003680A460521B3FBF1F345EA090B4FEAA6
:102B40008349B0F84A304AEA040AC3F30B034AEA5D
:102B5000040A4FEA034848EA0A08B0F848A0CAF352
:102B60000B0A1FFA8AFA4BEA090B082344EA0B09FD
:102B70004FEA1A114FEA0A70537340EA080041EA1B
:102B800009010532EEF76AFC0120BDE8388F00BF6D
:102B90002DE9384F90F855301B0203F4F85583881F
:102BA000002444EA030A90F854305B0303F47839B4
:102BB00003680A460521B3FBF1F345EA090B4FEA26
:102BC0008349B0F84E304AEA040AC3F30B034AEAD9
:102BD000040A4FEA034848EA0A08B0F84CA0CAF3CE
:102BE0000B0A1FFA8AFA4BEA090B082344EA0B097D
:102BF0004FEA1A114FEA0A70537340EA080041EA9B
:102C000009010532EEF72AFC0120BDE8388F00BF2C
:102C10002DE9384F90F800A0047C83680AF01F0A61
:102C20004FEA44585FFA8AFA48EA0A0890F811A075
:102C30004FF0000B4FF0000949EA0B0900254FEA5D
:102C40008A5448EA040A49EA050B1C061D0A8378DF
:102C500090F801801B0244EA0A044FEA481A03F480
:102C6000E068C3785FFA8AFA44EA0A04DB0244EABD
:102C7000080403F4F0480379DB0344EA080445EA56
:102C80000B0503F460384FF0000B437945EA0B0560
:102C90004FF000090A4645EA0905C1684FF00009EE
:102CA0009B0445EA090548EA04084FF0000903F4CB
:102CB000E0140A2349EA0509B1FBF3F3002544EACD
:102CC000080445EA09051906002008235373204328
:102CD00029430532EEF7C2FB0120BDE8388F00BF63
:102CE0002DE9704F0E46017890F80CB0C1F3000248
:102CF000D2B21502C1F34002D2B24FEA4229C1F367
:102D000080024BEA050BD2B200244BEA090B4FEAD2
:102D10008229C1F3C00244EA040AD2B24AEA040A90
:102D20004BEA090B4FEAC229C1F300124AEA040A2E
:102D3000D2B24AEA040A4BEA090B4FEA0239C1F35C
:102D400040124AEA040AD2B24AEA040A4BEA090BE0
:102D50004FEA4239C1F38012C1F3C01144EA0A08B4
:102D60005FFA81FAB0F908100A25A1F6AA21D2B2B9
:102D700091FBF5F14BEA090BC9B24FEA82394FEAF0
:102D8000CA330A0449EA0B09B0F90A1049EA0309EF
:102D9000838848EA0408A1F6AA2191FBF5F148EAE4
:102DA000030848EA020808230A0649EA040948EA2F
:102DB000020073734946721DEEF750FB0120BDE817
:102DC000708F00BF2DE9704F828800240E464FEAB5
:102DD000024A417842884AEA040A4AEA020AC1F3EE
:102DE000400201F00105D2B24FF0000B4FEA420958
:102DF0004BEA050B0023C1F380024BEA030BD2B26E
:102E00004BEA090B4FEA8209C1F3C002D2B24AEA87
:102E1000040A4BEA090B4FEAC209C1F300124AEA5D
:102E2000040AD2B24AEA040A4BEA090B4FEA021931
:102E3000C1F340124AEA040AD2B24AEA040A4BEA4F
:102E4000090B4FEA4219C1F38012C1F3C01144EAE1
:102E50000A08D2B25FFA81FA01784BEA090B4FEA0D
:102E600082194FEACA1349EA0B09090249EA030920
:102E700048EA040801F470630821717348EA040009
:102E800049EA0301721DEEF7E9FA0120BDE8708FEF
:102E90002DE9F74F0378C3F3000800240A465FFAD0
:102EA00088F84168C3F3400A4FEA08355FFA8AFAA6
:102EB00044EA04084FEA4A3948EA010AC3F38001A8
:102EC00049EA0509CEB2C3F3C003CB464FEA8639BF
:102ED000DEB24BEA090B4FEAC639068943894AEA52
:102EE000040A4BEA090B4AEA040A4FEA064944EA93
:102EF0000A0849EA0B09C3F30B010823537344EA98
:102F00000800002741EA09010532CDE90067EEF724
:102F1000A5FA012003B0BDE8F08F00BF2DE97F4383
:102F20000024E5B28D4238BF30F814504FEA440611
:102F30000DF1040E04F1010428BF0025052C2EF824
:102F40000650EED1BDF90880BDF90AE0BDF9064092
:102F5000022698FBF6F8C8F30B081FFA88F89EFBC8
:102F6000F6FE4FEA18254FEA0E1E94FBF6F40021F8
:102F7000240329432EF00F0524F07F404FF0000971
:102F80004FEA08642D04BDF9048041EA09012D0CC3
:102F900098FBF6F8294320F47F60BDF90C5020F02F
:102FA0000F00C8F30B0820431FFA88F895FBF6F6CC
:102FB000002440EA0800C6F30B064FEA0649204306
:102FC000204341EA090108254FEA027920435D7355
:102FD00041EA09015A1DEEF741FA012004B0BDE8AB
:102FE000708300BF2DE97F430024E5B28D4238BFD6
:102FF00030F814504FEA44060DF1040E04F10104B8
:1030000028BF40F6AA25052C2EF80650EDD115074D
:10301000BDF90420A2F6AA220024C2F30B0244EA5E
:103020000208BDF90620A2F6AA22C2F30B02100381
:10303000BDF90820A2F6AA22C2F30B0248EA000852
:10304000110A1006BDF90A20A2F6AA2245EA0409CF
:10305000C2F30B0241EA09014FEA0219BDF90C2043
:10306000A2F6AA2240EA0800C2F30B02204341EA7A
:1030700009014FEA024908225A73204341EA090133
:103080005A1DEEF7EBF9012004B0BDE8708300BFD4
:103090002DE97F430024E5B28D4238BF30F814504B
:1030A0004FEA44060DF1040E04F1010428BF002587
:1030B000052C2EF80650EED1BDF80880BDF80A6048
:1030C000BDF80640C8F30B081FFA88F84FEA182528
:1030D000360100212403294326F00F0524F07F4008
:1030E0004FF000094FEA08642D04BDF8048041EA5E
:1030F00009012D0C20F47F60294320F00F00BDF85A
:103100000C50C8F30B0820431FFA88F8002440EA4B
:103110000800C5F30B054FEA05492043204341EA67
:10312000090108254FEA027920435D7341EA09014C
:103130005A1DEEF793F9012004B0BDE8708300BF7B
:103140002DE97F430024E5B28D4238BF30F814509A
:103150004FEA44060DF1040E04F1010428BF0025D6
:10316000052C2EF80650EED1BDF80880BDF80A6097
:10317000BDF80640C8F30B081FFA88F84FEA182577
:10318000360100212403294326F00F0524F07F4057
:103190004FF000094FEA08642D04BDF8048041EAAD
:1031A00009012D0C20F47F60294320F00F00BDF8A9
:1031B0000C50C8F30B0820431FFA88F8002440EA9B
:1031C0000800C5F30B054FEA05492043204341EAB7
:1031D000090108254FEA027920435D7341EA09019C
:1031E0005A1DEEF73BF9012004B0BDE8708300BF23
:1031F0002DE97F430024E5B28D4238BF30F81450EA
:103200004FEA44060DF1040E04F1010428BF002525
:10321000052C2EF80650EED1BDF80880BDF80A60E6
:10322000BDF80640C8F30B081FFA88F84FEA1825C6
:10323000360100212403294326F00F0524F07F40A6
:103240004FF000094FEA08642D04BDF8048041EAFC
:1032500009012D0C20F47F60294320F00F00BDF8F8
:103260000C50C8F30B0820431FFA88F8002440EAEA
:103270000800C5F30B054FEA05492043204341EA06
:10328000090108254FEA027920435D7341EA0901EB
:103290005A1DEEF7E3F8012004B0BDE8708300BFCB
:1032A0002DE97F430024E5B28D4238BF30F8145039
:1032B0004FEA44060DF1040E04F1010428BF002575
:1032C000052C2EF80650EED1BDF80880BDF80A6036
:1032D000BDF80640C8F30B081FFA88F84FEA182516
:1032E000360100212403294326F00F0524F07F40F6
:1032F0004FF000094FEA08642D04BDF8048041EA4C
:1033000009012D0C20F47F60294320F00F00BDF847
:103310000C50C8F30B0820431FFA88F8002440EA39
:103320000800C5F30B054FEA05492043204341EA55
:10333000090108254FEA027920435D7341EA09013A
:103340005A1DEEF78BF8012004B0BDE8708300BF72
:103350002DE9384F90F80BA00389CAF30004CAF393
:10336000400AE4B25FFA8AFA4FEA042800254FEADD
:103370004A249B0290F800A04FF0000948EA040894
:1033800049EA05094FF0000B23F07F4448EA0A0898
:1033900049EA0B0990F80AA0002524F47F7445EA55
:1033A000090524F003044FF0000944EA080449EA3F
:1033B00005094FEA0A68456848EA040808230A46EE
:1033C00000244B7348EA040049EA05010532EEF790
:1033D00045F80120BDE8388F70B50024A5B29D42A4
:1033E0003FD206795578AE4238D1056856686E40AE
:1033F00095682E4232D113780B70D368002B32D0EF
:103400001C6824B105681B7C2C40DC404C70D368E0
:103410005C6824B105685B7C2C40DC408C70D36810
:103420009C6824B105689B7C2C40DC40CC70D26841
:10343000D368C3B10068D27C0340D340CA78042A61
:1034400011D8DFE802F00305070909008B710AE0D3
:10345000CB7108E04B7106E00B7104E001341032CF
:10346000BCE7002070BD012070BD00BF70B50678BC
:10347000FF2E4DD00025ACB29C4249D214460135F6
:1034800094F800C0B44502F11002F4D162680A60F9
:1034900063780B71E368002B38D01D6835B146782E
:1034A0001B7C06FA03F31D402A430A60E268536856
:1034B0003BB18578527C05FA02F213400A681A4340
:1034C0000A60E26893683BB1C578927C05FA02F223
:1034D00013400A681A430A60E468E268B2B1C3782C
:1034E000042B0CD8DFE803F00305070909008379F2
:1034F00006E0C37904E0437902E0037900E00023A9
:10350000E07C834008681A4010430860012070BDC9
:10351000002070BD70B5164E96F8F2C086B0BCF1B2
:10352000000F21D096F8F1E0182505FB0E650FCDB0
:103530006C460FC40EF1010E95E803005FFA8EFE93
:10354000BEF1090F84E803000CF1FF3C88BF0023A3
:10355000684604A986F8F2C094BF86F8F1E086F8C0
:10356000F130FCF7B1F900E0012006B070BD00BFFA
:10357000A03A00202DE97041144C94F8F2C0BCF13F
:10358000090F88461ED80FC894F8F060182505FB6F
:10359000064585E80F000136D8F80000D8F8041079
:1035A000F6B2103503C5092E0CF1010C88BF0023BB
:1035B00084F8F2C094BF84F8F06084F8F030012001
:1035C000BDE870810020BDE8708100BFA03A0020F6
:1035D00073B505792F496B1EDBB200241B2B81F8D4
:1035E0004040437907D85A1ED2B21B2A03D8AB42B7
:1035F0008CBF00240124012B11D90022D6B2AE4287
:103600000668B65C05D2013EF6B21C2E28BF002427
:1036100002E0002E18BF002401321C2AEED154B95A
:10362000012201920094142040F2BD312246EDF7B0
:1036300041FE20462CE047F6FF72002406680A810E
:1036400081F83D30012283790C704C608C72CC7211
:103650000C734C730A744C748C74CC740C754C756C
:103660008C61CC6181F8204081F821404C628C62F1
:1036700081F82C4081F82D400C634C638E6381F8F7
:103680003C5081F83E3081F83F4081F840201046A0
:1036900002B070BD943B00202DE9704FBD4EB4B018
:1036A00096F840A000230D930E938DF83330BAF1B5
:1036B000000F00F06B8196F83F50002D40F06581BF
:1036C00001230DA886F83F30FBF780FA81460EA84B
:1036D000FBF7D8FA00EA09005FFA80F921A801F0A7
:1036E0005DF909EA0009F5F7E9FC8046EEF75EFBB3
:1036F00004462CA8F6F7CCF8326BA31A312B40F213
:103700004581FA2B09D942B100950195142040F268
:1037100019412B46EDF7CEFDA9463278756B0B9219
:10372000327B0A92621B73683463B2F5FA7F0893A6
:10373000B6F808A0B37A96F80BB0767B07D90026C6
:103740000A96B346334647F6FF7A08960B96089AD0
:10375000059313A814921395F9F778FB02460DF11F
:103760003300069201F044F9069A059B8DF8483023
:10377000104009EA000911A8119500F0B7FC224693
:1037800009EA000941460D9800F044FC09EA0009E5
:103790001BA800F08FFC7F4B09EA000993F83CC09E
:1037A00093F83E200E9BCDF824904FF00109E1459F
:1037B00016D81046494606920593CDF81CC000F075
:1037C0002BF9069A059BDDF81CC020B103EB09011B
:1037D000097F032907D009F101095FFA89F9E6E7B2
:1037E0004FF0000901E04FF001091FFA8AFA15A80D
:1037F0008DF85AB01595ADF858A000F0F1FD099B71
:10380000CDF8009003EA000B22469DF88E300D980B
:10381000414600F075FD0BEA000B1EA800F0C4FD48
:103820005C4B0BEA000B93F83CC093F83E200E9BD8
:10383000CDF824B04FF0010BE34517D81046594698
:1038400006920593CDF81CC000F0E6F8069A059B99
:10385000DDF81CC028B103EB0B0191F838100429E6
:1038600007D00BF1010B5FFA8BFBE5E74FF0000B84
:1038700001E04FF0010B9DF8C1000A9A8DF842203B
:1038800080F00400C0F38000ADF840A00F9500F078
:10389000C7F9099B03EA000A0FA800F0EBF99DF8AD
:1038A0008E209DF8333041460AEA000A8DE8040A6A
:1038B0000D98224600F014F90AEA000A27A800F041
:1038C000BDF90AEA000A17A817958DF8606001F0A3
:1038D00083F8089A9DF8AB300D9903930AEA000A21
:1038E00023468DE8040A0E98424600F0A3FF0AEA38
:1038F000000A21A801F052F80B9B8DF864300AEA07
:10390000000A19A81A9501F0D5FB9DF8AB209DF887
:103910008E300292414622460AEA000A8DE8000AE9
:103920000D9801F04DFB0AEA000A24A801F0A6FB5D
:10393000184B9DF86C205A749DF878209A749DF865
:103940009C20DA749DF884201A759DF890205A7591
:10395000299A9A619A629DF876209DF88E1083F8D4
:103960002C209DF8822083F8201083F82D209DF8CC
:10397000331083F8108000220AEA000ADC6183F821
:1039800021105C6283F83F2000E09A46504634B034
:10399000BDE8708F943B002070B50446EEF706FA40
:1039A0000F4B93F84060C6B11A6B821AFA2A0DD9F0
:1039B000002247F6FF719A72DA721A735A731A70FC
:1039C000198183F82C2083F82D209A62054D0FCDA4
:1039D0000FC495E80F0084E80F00304670BD00BFAB
:1039E000943B0020A43B002038B50A4C94F840508A
:1039F00075B10FC884E80F00EEF7D8F9B4F90820C4
:103A0000606340F2FE339A42C4BF47F6FF732381DE
:103A1000284638BD943B00202DE97041184B0246E2
:103A200093F8400050B312B321B38A4226D093F8E2
:103A30003D50012D21D0FF24D3F8388026460023A5
:103A400018F803C09445D8B203D08C4508BF04468B
:103A500000E0064601331C2BF2D1B4FBF5F4E4B2CE
:103A6000B6FBF5F52B1B58425841BDE87081104656
:103A7000BDE870810846BDE870810020BDE8708116
:103A8000943B0020154B4FF6FF719980022119726B
:103A9000012183F8351083F83610017800220629B9
:103AA00083F837201A609A71DA601A611A755A75AC
:103AB0009A75DA751A76DA611A625A629A62DA626D
:103AC0001A6383F8342003D9082901D0FF2901D1D2
:103AD00083F83520012083F837007047D83B002059
:103AE0002DE9704F4D4C844694F8370086B08A46D5
:103AF0001546002800F08F80E269A91AFA2905D935
:103B000022B1082222724FF0000901E04FF00109B2
:103B10002168424AE561691AB1F57A7F04D900212A
:103B200091714FF6FF71918003B9E562CDF814C031
:103B3000F5F7E4FE9DF83C1000919DF840100191CE
:103B40000346A279DFF8D4805046294600F0ACF84D
:103B5000DDF814C0064618B988F83400C8F83000FB
:103B600094F834B0CDF814C060460CF1A0015A4668
:103B700000F0FCF9BAF1020F8046DDF814C008D15C
:103B8000BBF1000F01D0012304E0244B1B6B002B81
:103B9000F9D1002313F0010304D0BBF1000F01D1D0
:103BA000D4F83080D8F1010B38BF4FF0000B9DF8EE
:103BB0003820019202932A465B46009660465146A1
:103BC00000F08EF8227A131FDBB2012B00EA090005
:103BD00006D9B2F1090CDCF1000151EB0C0100E057
:103BE000012112F1FF3C18BF4FF0010CA675D61F42
:103BF000E17571427141052A084B84F814C084F8BC
:103C000015B02176E56001D0092A02D1C3F81080F1
:103C100001E000221A6106B0BDE8708FD83B002099
:103C2000054B93F8372022B193F83610084083F8FB
:103C300036001046704700BFD83B002070B50446E0
:103C4000EEF7B4F8094B93F83760014666B1DB69CB
:103C5000C21AFA2A03D913B1082000F035F9044D2D
:103C60000FCD0FC42B682360304670BDD83B0020B9
:103C7000E03B0020044B93F8372012B103C883E8DF
:103C800003001046704700BFD83B0020054B93F857
:103C900037202AB1002918BF0020186383F8341098
:103CA00010467047D83B0020011FC9B2012903D933
:103CB000811E4842484100E0012070B142B14BB141
:103CC0009DF8043043B99DF8003083F0010004E012
:103CD000104602E0184600E0002000F001007047A6
:103CE0002DE9734F744E9DF82890347A9DF82C80FE
:103CF0009DF830A0012C15469B460CD096F8363026
:103D000013B196F835302BB90120294600F0DCF8C4
:103D1000044600E00124337A092B00F2BF80DFE87B
:103D200003F0050B171C253A5978C68F0820294641
:103D300000F0CAF80024BAE096F83630002B00F004
:103D4000B6805D4B93F83530002B00F0B0807DE0FD
:103D5000B8F1000F00F0AB807DE0B8F1000F78D033
:103D6000B9F1000F00F0A38004207EE0B8F1000F4D
:103D70006FD0B9F1000F6ED0BAF1000F52D1326A94
:103D800040F6C313AA1A9A4240F291804A4BDA6A6B
:103D90004A4BAA1A50E0B8F1000F5AD0B9F1000FFF
:103DA00059D0BAF1000F3DD1BBF1000F00D17562BF
:103DB000736A44F62062EB1A934205D9072029461C
:103DC00000F082F82040C4B2326A3D4BAA1A9A42EF
:103DD0006DD949E0B8F1000F3BD0B9F1000F3AD0EE
:103DE000BBF1000F00D17562736A44F62062EB1AD2
:103DF000934205D90720294600F066F82040C4B256
:103E0000326A304BAA1A9A4251D9BAF1000F15D032
:103E100008E0B8F1000F1CD0B9F1000F1BD0BAF1C7
:103E2000000F01D0092020E0BBF1000F00D0B562E7
:103E3000B26A44F62063AA1A9A4238D9052014E0DF
:103E4000BAF1000F02D0B9F1000F06D1B8F1000F9E
:103E500001D1022009E0032007E0326A184BDFF8A5
:103E60005880AA1A9A4206D90620294600F02CF852
:103E70002040C4B21BE0D8F8243044F62062EB1A8C
:103E8000934214D90720294600F01EF80023204051
:103E9000C4B288F83430C8F8303008E00024009408
:103EA0000194022040F2AD212A46EDF703FA2046A4
:103EB00002B0BDE8708F00BFD83B002020BF0200D9
:103EC00040771B00E093040010B5274C227A904203
:103ED000234646D0082A44D0082802D12072216205
:103EE0003FE0092A3BD8DFE802F005050A11171F59
:103EF000292E3A35022834D102221A7204E000F049
:103F0000FD02012A2DD1187219622AE00428FAD084
:103F1000421ED2B2012A0EE0421ED2B2022AF2D9C9
:103F20000928F0D00528EDE7821FD2B2012AEAD98C
:103F3000421ED2B2022AE6D90928E3E700F0FD02C8
:103F4000052AF5D1DFE7421ED2B2022ADBD90528C5
:103F5000F2D1D8E7821ED2B2012A02D8D3E70020DC
:103F600010BD012010BD00BFD83B002070B53AB98C
:103F7000114B91F84E209D8801F108040F2106E0B5
:103F8000B0F84A5090F84E2000F1080402210023B6
:103F900018462DB209B24FF0010CDEB2964209D29A
:103FA00034F91360761B8E42A4BF0CFA03F630433B
:103FB0000133F2E770BD00BFD83B002013B51449B0
:103FC0000088002381F8203002B218B147F6FF7450
:103FD000A24209D1002401200094019040F2711105
:103FE0002346EDF767F90FE0012402220B600B7105
:103FF000CB600A720B744B748B744B618B6188833A
:104000008B77CC7781F82040204602B010BD00BFEE
:10401000103C00202DE97043204C064694F8200007
:1040200089461546002837D06369D21AFA2A05D97D
:1040300023B1052323724FF0000801E04FF001087F
:1040400023686561EB1AB3F57A7F02D9134B00221E
:104050001A71F5F77BFCB6F89810227903464846AA
:1040600000F05AF8064608B90C4B9877B9F1020FE0
:104070000CBFA27F002202F001022846314600F068
:1040800065F8E27F2274227A6674D31E5A425A413E
:1040900000EA0800A274E560BDE87083103C0020CF
:1040A000034A92F8203003B1D0771846704700BF1A
:1040B000103C002038B50446EDF778FE094B93F824
:1040C0002050014665B15B69C21AFA2A03D913B1BF
:1040D000052000F0A5F8044B93E8070084E80700EA
:1040E000284638BD103C0020183C0020044B93F8B3
:1040F000202012B103C883E803001046704700BFB8
:10410000103C0020034A92F8203003B19077184603
:10411000704700BF103C002010B5041FE4B2012C12
:1041200003D9841E6042604100E00120064CA48B4C
:1041300038B12BB123B29942D4BF1046002000E021
:10414000184600F0010010BD103C00202DE9774713
:10415000324B1C7A93F80490012C05460E46924689
:10416000984608D0DB7F2BB90120294600F058F88B
:10417000044600E0012498F80830062B40D8DFE818
:1041800003F0040A0F272D4839000520294600F0C6
:1041900047F800243DE098F81F30002B39D02DE07F
:1041A000D8F8182040F6C313AA1A9A4231D9B9F1A7
:1041B000000F07D086B10320294600F031F82040D7
:1041C000C4B226E0BAF1000F23D016B30620F3E7FD
:1041D000B9F1000F12D0E6B90420EDE7B9F1000FF4
:1041E0000CD0B6B1D8F8182041F28833AA1A9A42F6
:1041F0000FD9E0E7BAF1000F00D056B90220DBE793
:10420000002400940194012040F27A212A46EDF71F
:1042100051F8204603B0BDE8708700BF103C002075
:1042200010B51A4C227A904223462CD0052A2AD067
:10423000052802D12072A16125E0062A21D8DFE8F5
:1042400002F004090E161C200400421ED2B2012AFC
:1042500019D801E0022816D11872996113E00128DB
:10426000FAD0C21ED2B2012AF6D90628F3E7421EBE
:10427000D2B2012AF0D90428EDE7421ED2B2022AB6
:10428000E6E7002010BD012010BD00BF103C00205B
:1042900037B5837819495A1ED2B20024FD2A81F815
:1042A0002640028805D8551EADB24FF6FD708542F6
:1042B0000AD9002401210191009403204FF4C77111
:1042C000ECF7F8FF204617E001200A8481F824303B
:1042D0004FF6FF7202230C7548758C61CC614A84DD
:1042E00081F825000C608A808C710B72CC604C7454
:1042F0008C74CC7481F8260003B030BD343C0020AF
:104300002DE9734F224C834694F8260088461546C3
:104310009A46002839D0A369D21AFA2A04D91BB1C7
:1043200007232372002600E001262268184BA561AE
:10433000AA1AB2F57A7F04D900229A714FF6FF7259
:104340009A80F5F7EFFA9DF82810A27900910346BC
:104350002946404600F050F8814641462A464B46E1
:10436000CDF800A0584600F05FF894F8253023748B
:10437000237A84F81190191F4A424A4130409E1F07
:1043800073427341A274E374E56002B0BDE8708FBC
:10439000343C0020034A92F826300BB182F8250005
:1043A00018467047343C002038B50446EDF7FEFC53
:1043B000094B93F82650014665B19B69C21AFA2A47
:1043C00003D913B1072000F0E9F8044B93E8070084
:1043D00084E80700284638BD343C00203C3C0020DF
:1043E000044B93F8262012B103C883E8030010465B
:1043F000704700BF343C0020011FC9B2012903D916
:10440000811E4842484100E0012048B12AB133B141
:104410009DF8003083F0010002E0104600E01846ED
:1044200000F00100704700BF2DE9734F594E9DF811
:104430002890347A012C80468B4615469A4609D03E
:1044400096F825302BB90120114600F0A7F8044654
:1044500000E00124337A072B00F28A80DFE803F0C2
:10446000040A101F355871910720294600F096F86C
:10447000002486E096F82530002B00F0828072E060
:1044800096F8253033B90120294600F087F82040FE
:10449000C4B276E0B9F1000F73D00320F4E7B9F1AC
:1044A000000F63D0F369DFF8EC90EB1A40F6C3120B
:1044B000934266D9B8F8EA20B9F80430BAF1000F8F
:1044C0005FD012B29A4213DD39E0BAF1000F4AD040
:1044D000B8F9EA00B188B8F89820DFF8B890338CC2
:1044E000884210DCD9F81C30EB1AB3F57A7F0DD274
:1044F0000620294600F052F8D8F8A430A9F8223056
:104500002040C4B23DE012B29A423ADB0520BBE73C
:10451000BAF1000F27D0F369B8F8EAC0B8F89810DC
:10452000B088328CEB1A41F28838434529D90FFA0A
:104530008CF3834225DD313A0BB29A4221DD04200F
:10454000A2E7BAF1000F0ED0727D124B5A450AD184
:10455000B8F9EA105A8C8A1AFA2A04DCDA690E4B86
:10456000AA1A9A420DD9B9F1000F96D102208BE711
:10457000002400940194032040F2C5212A46ECF760
:1045800099FE337A3375204686F815B002B0BDE83F
:10459000708F00BF343C0020E032290010B51B4C66
:1045A000227A904223462FD0072A2DD0072802D105
:1045B0002072E16128E0062A24D8DFE802F0040630
:1045C0000D12161B1F00022809E0821ED2B2012A1A
:1045D0001AD81872D96117E000F0FD02012A13D130
:1045E000F7E70428F5D0421EF0E7421FD2B2012AB5
:1045F00004D8EEE7421ED2B2032AE9E7421ED2B245
:10460000022AE5E7002010BD012010BD343C002047
:1046100030B5541EA4B2B4F57A7F05D24C1EE51C09
:104620008CBF0024012400E000244A434FF47A7533
:104630000028B8BF4042B2FBF5F290428CBF002088
:1046400001201870204630BD37B54C4A002382F84F
:10465000D8304168037F044649B38168013903318A
:1046600025D8C1680139033121D84169F9B16FF00A
:10467000004081421BD0208A013880B24FF6FD7184
:10468000884214D8617E481EC0B2FD280FD8A07E93
:10469000451EEDB2FD2D0AD8E57E013DEDB2FD2DA2
:1046A00005D85D1EEDB2FD2D01D888420BD900253D
:1046B00001220192009504204FF4B171A268ECF739
:1046C000F9FD284658E00023536101211172616908
:1046D000D1619361137453749374D36013716168DF
:1046E0001162C2F8A430C2F8A830C2F8AC30C2F8E7
:1046F000B030C2F8B430C2F8B830C2F8BC30C2F83A
:10470000C030A168C2F8C410E168C2F8C810217FA7
:10471000208AA2F8D0304143C2F8CC10217E82F822
:10472000D210E17E82F8D310217F13609FED147ABE
:1047300082F8D410A17E82F8D51082F8D63082F8A3
:10474000D7302168106A31F81350191D20F8115024
:10475000106A30F9110007EE900AF8EEE77A02EBE2
:104760008305C7EE877A0133202BC5ED097AE8D19E
:10477000024B012083F8D80003B030BD5C3C002020
:1047800000007A442DE9704F2DED028B274B93F8F2
:10479000D89082B001469846B9F1000F3FD09FED06
:1047A000248A002601259A4698F8D3201F4BF4B29C
:1047B000A2422CD904F1040B31F91B000191F8F746
:1047C00019FCDAF82020019902EB44020346B2F901
:1047D0000800181A0028B8BF404264280ADD07EE16
:1047E000103AF8EEC77A0AEB8404C7EE887A138190
:1047F000C4ED097AD8F8202032F91B209B1A002B2F
:10480000B8BF5B42062BA8BF00250136CCE7019359
:1048100000F042FB019B01229D7483F8D72048469B
:1048200002B0BDEC028BBDE8708F00BF5C3C002085
:1048300000007A442DE97047564C85B094F8D86052
:104840001D4600238246884691468DF80E308DF82D
:104850000F30002E00F09A8094F8D760002E00F000
:104860009580D4F8A820A91AFA2904D91AB10522EA
:1048700022721E4600E001262368C4F8A850EB1AF5
:10488000B3F57A7F02D9434B00221A71404600F0FB
:10489000ADFA4346504629460C9A00F015F9A16935
:1048A000824608F5A072284600F056F99DF8383087
:1048B00000930AEA00009DF83C30227901930640FB
:1048C0009DF834304846294600F0E2F881462946F2
:1048D00040464A4600F07EF9237A042B06EA000699
:1048E00003D12C4B0022C3F8A420A27C294B8AB10F
:1048F0009A69D3F8CC100A2092FBF0F0D3F8A420E8
:104900001044C3F8A40032220DF10F03FFF780FE1C
:10491000064001E0C3F8A420237A0DF10E00042B19
:1049200014BF9DF80F804FF0010800F061F89DF86A
:104930000E3006400BB9C4F8B450237A154ADFEDA7
:10494000167A84F81090023BDBB2012B8CBF002357
:104950000123637484F81280E560002394F8D31077
:10496000581CDBB299420FD91D1D02EB830393ED56
:10497000097A116A27EE277ABDEEC77A17EE103A48
:1049800021F815300346E9E700F086FA304605B015
:10499000BDE870875C3C002000007A4438B50446CE
:1049A000EDF704FA0A4B93F8D85001466DB1D3F8ED
:1049B000A830C21AFA2A03D913B1052000F0E2F98F
:1049C000044B93E8070084E80700284638BD00BF81
:1049D0005C3C0020643C0020044B93F8D82012B1CA
:1049E00003C883E803001046704700BF5C3C00200A
:1049F00010B50446EDF7DAF90C4B93F8D82092B1D4
:104A00005A699969DB69821AFA2A8CBF002201224D
:104A10000029B8BF4942002BB8BF5B429942CCBFC6
:104A2000002101212170104610BD00BF5C3C002018
:104A3000054B93F8D82022B10121A3F8D00083F8C8
:104A4000D6101046704700BF5C3C002000B50F4BED
:104A500093F8D80091B0B0B193F8D70098B193F81B
:104A6000D320186A0023D9B2914206D200EB430149
:104A700009892DF813100133F5E76846F0F7C0F9FE
:104A8000031F5842584111B05DF804FB5C3C002004
:104A9000011FC9B2012903D9811E4842484100E0E3
:104AA000012070B142B14BB99DF8002042B99DF888
:104AB000043083F0010004E0104602E0002000E032
:104AC000184600F0010070472DE9734F934600250A
:104AD000204A8A4680460126A94692F8D2001D4CFB
:104AE00031468DE80C00FEF797FF9DE80C0068B199
:104AF00098F81C10032998F8381004BF09F101092F
:104B00005FFA89F9042904BF0135EDB20136F6B226
:104B10001D2E08F10108E0D15B68D4F8C410D4F868
:104B2000C800C4F814A04FF47A725A4392FBF1F112
:104B300094F8D53092FBF0F201FB09F999FBF3F9F7
:104B40005543CB4495FBF3F35B440120A36102B0D2
:104B5000BDE8708F5C3C002010B51C4B07EE901A2E
:104B600093F8D410D3F8B040C3F8B00006EE901A12
:104B7000B8EEE76AF8EE666A041BC6EE266A2433CE
:104B8000002107EE904AB8EE677A93F8AF4066EEE0
:104B9000877A9FED0F7AC7EE877AC8B2A04213D208
:104BA00002EB410004330089013168B100B207EE25
:104BB000100AB8EEC77A53ED016A87EE877A36EEAF
:104BC000C77A03ED017AE8E7012010BD5C3C0020C4
:104BD000002474492DE9704185B0002680460DF10E
:104BE0000E0015460C468DF80E608DF80F60FFF72D
:104BF000FFFE294A137A052B41D8DFE803F00305AD
:104C00000C1F3048052002E0002D40D00220214634
:104C100000F0B8F83BE00DB90120F8E7D2F8AC207D
:104C200040F6C313A21A9A4231D91B4BD3F8B420D1
:104C30001A4BA21A9A422AD90320E8E7002DEBD09A
:104C40009DF80E30002BE1D0404621460DF10F02B9
:104C500000F026F89DF80F30CBB10420D7E7002DE7
:104C6000DAD09DF80E30002BD0D0404621460DF111
:104C70000F0200F015F89DF80F3043B9DCE70096FD
:104C80000196042040F272312246ECF713FB01201A
:104C900005B0BDE8708100BF5C3C002020BF020071
:104CA0002DE9704F344CA37C2DED028B1370D4F89A
:104CB000B83082B09346CB1A42F210729342019000
:104CC00054D90026DFED2D8A9FED2D8AC4F8B81047
:104CD000B046B146A24694F8D310274BF5B2A9428C
:104CE00030D92B1D019A32F91300F8F783F907EE3A
:104CF000900AB8EEE77A05F1080387EE287A0AEB06
:104D00008303D3ED017A77EE886AB4EEE67AF1EEAA
:104D100010FA07DDC3ED016A012303FA05F549EA3C
:104D200005090DE077EEC87AB4EEE77AF1EE10FAF5
:104D300006D5C3ED017A012303FA05F548EA050813
:104D40000136C8E7D3F8C020D3F8BC3019EA030F06
:104D500005D118EA020F14BF0023012300E000234D
:104D60008BF80030C4F8BC90C4F8C08002B0BDEC31
:104D7000028BBDE8708F00BF5C3C002000007A44CD
:104D80006F12833A10B5184C227A9042234629D0EC
:104D9000052A27D0052803D12072C4F8AC1021E0E1
:104DA000042A1DD8DFE802F003090B1317000128BD
:104DB00018D11872C3F8AC1010BD022802E000F040
:104DC000FD02012A0ED11872C3F8AC100AE00128C6
:104DD000F9D00428F6E7421ED2B2022A02D8F2E73E
:104DE000002010BD012010BD5C3C00202DE9704F5B
:104DF000264C94F8D6302DED028B8146002B3FD007
:104E0000B4F9D0800026B04584F8D66038DB9FED39
:104E1000208AA674A24694F8D330F5B2AB4229D9C1
:104E2000B8F57A7F09DD2B1D39F91300F8F7E2F8A0
:104E300007EE100AF8EEC77A05E0BAF9D03007EEAF
:104E4000903AF8EEE77AC7EE887A04EB8503D4F857
:104E500020B004350136C3ED097A17EE900A02F04E
:104E600045FF00220B4B02F095FF03F02DFA2BF8C3
:104E70001500D0E7BDEC028BBDE8704FFFF7E6BD33
:104E8000BDEC028B0120BDE8708F00BF5C3C0020B0
:104E900000007A4400408F401FB50E4C236A94F8FE
:104EA000D31083F84E1003F14C02009203F14D022F
:104EB00001921A1D02920222039203F1080003F1EB
:104EC00048024A33ECF748FB246AECF76FFF206096
:104ED00004B010BD5C3C00202DE97041374C00252A
:104EE00084F8F0504168B0F90820037B93B006467F
:104EF00059B1016849B1AA4207DDB0F90A10A942C7
:104F000003DD591EC9B2FD2909D9002501210191EE
:104F1000009540F295110520ECF7CCF949E00DF130
:104F200008084046EFF7C0FF042842D10123E5609E
:104F300025766576A576237465612572316870687B
:104F4000E561256265623389A4F8E8307389A4F8C5
:104F5000EA30A4F8EC50337B84F8EE3021606060D6
:104F600084F8EF5023462A460235402D1A85A3F8CF
:104F70006820A3F8A82003F10203F5D100234FF421
:104F80007A7CC21838F80350158138F80350B6F906
:104F900008E0CA1815FB0CF50233B5FBFEF5402BF3
:104FA0001581EED1002000F061FA012084F8F000B4
:104FB00000E0284613B0BDE8708100BF383D0020F6
:104FC0002DE9704F2C4C86B0814694F8F0000026F5
:104FD0008B46154698468DF81760002849D0E3693E
:104FE000D21AFA2A03D913B10723237400E0012649
:104FF000E368E561EB1AB3F57A7F02D91E4B002214
:105000001A72284600F0F4F90DF11700FFF7F0FCD2
:105010009DF817A000EA060CBAF1000F00D16562F6
:105020009DF83C3000939DF84030227A0193294648
:105030009DF83830CDF80CC0584600F055F8294698
:105040000646009052464346484600F069F8237CE5
:10505000DDF80CC02676991EC9B203298CBF002149
:1050600001219A1F534253410CEA00006176A37656
:10507000656106B0BDE8708F383D002038B5044644
:10508000ECF794FE094B93F8F050014665B1DB69EB
:10509000C21AFA2A03D913B1072000F075F9044B9C
:1050A00093E8070084E80700284638BD383D002013
:1050B000483D0020044A92F8F0301BB103C8083282
:1050C00082E8030018467047383D0020054B93F8EE
:1050D000F02022B10121A3F8EC0083F8EF10104674
:1050E000704700BF383D0020042803D0811E48428D
:1050F000484100E00120013AD2B2022A01D868B149
:105100001BB1002303F0010070479DF80020002A26
:10511000F8D19DF8043083F00103F3E70346F1E78B
:10512000F7B50C4647499DF820501E460B7C072BCF
:1051300074D8DFE803F004060D2B45627184072064
:1051400066E0002D7BD00B7A012B78D102205FE046
:105150000DB901205CE00B7A3A4A012BF9D1156AAE
:10516000651BB5F57A7F6AD3002E68D092F8EE50B1
:105170000023DAB2AA4207D25A0086180A44B6F8C7
:10518000A86016850133F4E7032041E0002DE0D04C
:105190000B7A012BDDD12B4B93F8EE500023DAB2C2
:1051A000AA4245D25A0086180A44B6F8A860128D61
:1051B000B21A12B2B2F5967F03F10103EFDA3EE0C4
:1051C000002DC6D0002AC4D00A7A1E4B022A36D13E
:1051D00093F8EE100022D5B28D4200F1020003F1E7
:1051E000020308D2B0F8A650A3F86650C588A3F809
:1051F000A6500132EFE705200AE0002DA9D0002AD1
:10520000A7D00B7A032B1AD1204600F01FF80620F6
:10521000214600F0B9F812E08DB99AE70022009219
:10522000019240F2E92122460520ECF743F806E01E
:105230004A6A054BA21A9A4201D90420E8E70120E4
:1052400003B0F0BD383D002020BF02002DE97847B3
:10525000484D9FED497AB5F9E83007EE903AF8EEFF
:10526000E77A2DED028B67EE877A9FED448ADFEDBA
:10527000448AFDEEE77A824617EE908A00261FFAEE
:1052800088F8A94695F8EE30F4B2A34269D904F142
:10529000540339F91300F7F7ADFED9F8043003EBE6
:1052A000440304F13402198939F912200128B8BFE6
:1052B00001200FFA81FE07EE90EA00B2B0F5966F7A
:1052C000A8BF4FF49660B8EEE77A06EE902A07EE94
:1052D000900AF8EEE66AF8EEE77AC6EEA77A67EE8D
:1052E000277AF4EEC87AF1EE10FA0ADCF4EEE87AE6
:1052F000F1EE10FA08D4FDEEE77A17EE902A12B21A
:1053000003E047F6FF7200E01E4A0FFA88F00EEB4A
:10531000000C624501DB414405E0C0EB0E0E724516
:1053200003DCC8EB0101198100E01A81B3F9082000
:10533000002ADCBF01221A8119892A684FF47A7386
:1053400011FB03F3B5F9E81093FBF1F39BB219B22B
:10535000002904F10404D8BF012322F814300136D7
:1053600090E7504600F082F8BDEC028BBDE878472C
:1053700000F0B2B8383D00200AD7A33B00FEFF463C
:1053800000FEFFC60180FFFF10B5184A147CA04242
:10539000134629D0072C27D0072802D11074116298
:1053A00022E0013C052C1DD8DFE804F003050C10B9
:1053B0001317022802E000F0FD02012A14D118742C
:1053C000196211E00128FAD00428F7E700F0FB0287
:1053D000F3E70128F3D00628F0E7012804D1187478
:1053E000196210BD002010BD012010BD383D002005
:1053F00070B51D4B93F8EF209AB3002283F8EF208D
:10540000B3F8EC2011B200292BDDB1F5966F4FF403
:105410007A7109DDB3F8EA40B3F9E85014FB01F200
:1054200092FBF5F292B206E0B3F8E84012FB04F406
:1054300094FBF1F4A4B293E80050002193F8EE50ED
:105440004E1CC9B28D4206D904312EF811402CF8F9
:1054500011203146F2E700F009F8BDE8704000F095
:105460003BB8012070BD00BF383D00207FB5194C0E
:10547000636894F8EE1083F84E1003F14C0200922A
:1054800003F14D02019202261A1D0546029203F114
:10549000080003F1480203964A33ECF75DF86368AD
:1054A0001D60236894F8EE1083F84E1003F14C024F
:1054B000009203F14D0201921A1D029203F10800BD
:1054C00003F1480203964A33ECF746F823681D605F
:1054D00004B070BD383D002000B50E4B93F8F000CD
:1054E00091B098B193F8EE2058680023D9B2914258
:1054F00006D200EB430109892DF813100133F5E7BB
:105500006846EFF7EDFC031F5842584111B05DF8B3
:1055100004FB00BF383D0020836801228A4023EA53
:10552000020383607047036801228A4042EA030352
:1055300003607047036801228A4023EA0203036084
:105540007047F0B58C000F254769A540ED4302F088
:105550000F0605EA0707A64047EA06064661066AFF
:1055600003F0030313FA04F4354025430562C469CC
:10557000C90030238B4002F0300224EA030312FA00
:1055800001F143EA0101C161F0BD02314901F0B509
:1055900092000F260D589640F64303F00F079740F0
:1055A00006EA05053D430C180D5003F47061A0692F
:1055B000090A3040914040EA0101A161606803F0AE
:1055C000F00109093040914040EA01016160E06961
:1055D00003F47001090D9140304040EA010113F4D9
:1055E000702FE1610FD0616903F4E0231B0C93403D
:1055F00001EA06061E4366612369012111FA02F2DF
:1056000043EA020205E02369012111FA02F223EACA
:1056100002022261F0BD023149010918002003E0B5
:105620008B6842F8043B0130CB6813F4807F01D1D2
:105630000828F5D17047826A0B0C1B0442EA030369
:1056400001F00F01012212FA01F10B43836270474E
:105650004908002301E0013349080029FBD1036315
:105660007047836B23F003030B4383637047006829
:10567000C0F3004070470000134A144B116801EA60
:10568000030313498B4208D1124B984215D0124B99
:1056900098420CBF38200020704712680B4B02EA7A
:1056A00003030E4A93420AD10A4B984209D00A4B8F
:1056B00098420CBF372000207047372070470020E9
:1056C00070473620704700BF00E00F400000FF70B9
:1056D00000000510000004400010044000000A1003
:1056E00001230360036A13F4004300F12002F9D19F
:1056F000B0214162436383630123116811F4004FB9
:10570000FBD113600133212BF7D1153B43620B3BD7
:10571000116811F4004FFBD113600133212BF7D135
:1057200043687047036823F0010303607047036810
:1057300043F0010303607047B1FBF2F370B5B1FBB6
:10574000F3F4944222D920E01322B3FBF2F402FBDB
:1057500004F59D4216D1043A0F4D35F812600268E7
:1057600092B242F04105013C056004F03F05A409F6
:1057700046EA050504F00F04C56084610260B1FBD0
:10578000F3F070BD013A032ADFD10133B3F5984F2E
:10579000DAD9002070BD00BF208B010070B50D4626
:1057A000FFF76AFF2946044600F04CFB2046BDE89F
:1057B000704000F073BB03680B430360704711B186
:1057C00001290AD101E000697047D0F84031D0F8D2
:1057D00044019BB243EA0040704700207047B1F596
:1057E000004F01D143687047026A12F4004F00F184
:1057F0002003F9D1082201F03F01426219601A68C2
:1058000012F4004FFBD170470346032919D8DFE893
:1058100001F002070C116FF01F0240685A607047D8
:10582000D0F80021D0F8040108E0D0F82021D0F809
:10583000240103E0D0F86021D0F8640142EA00407E
:10584000704700207047806800F4FE431B0A0B601D
:1058500000F0FF031360C0F3C03070472DE9F74F2D
:10586000019100F120010091016A11F4004FF8D17B
:105870001768B7F5006F36BF91684FF0010CC1F3A0
:10588000800C042B00F29B80DFE803F0031E070A64
:10589000160001264FF4807111E00026314616E013
:1058A00000264FF480514FF4005541F6FF734FF638
:1058B000FF744FF0D30B0FE001264FF490510023FB
:1058C0004FF400551C4605E000264FF48071354624
:1058D000334634464FF0930BD2F8088018F0080F87
:1058E0000BD05368BCF1000F04D09CB21B0CDB043E
:1058F000DB0C02E05B05DB0C644608F02809B9F11B
:10590000280F08F0180908BF43F40043B9F1180F35
:1059100008BF43F4804318F0380F1CBF4BF0400B16
:1059200041F480514BF0200BBCF1000F08D01FFA5E
:1059300087FC3F0CFF04FF0C47F440472F4304E073
:105940007F0545EAD74747F40047D56805F00F09BA
:1059500041EA090118F4007F04BF41F0800189B2D7
:1059600018F0010F18BF41F4006118F0020F18BFC2
:1059700041F48061B6B100F13C08D2F81090A24623
:10598000002246460BE019F802400132AA4204D236
:1059900019F80280013244EA082446F8044BAA426E
:1059A000F1D35446C0F824B08462C362C0F830C05A
:1059B000476381630199009A01F03F031360BDE8DA
:1059C000FE8F002B14BF7B23732301F03F012DE9D1
:1059D000F041C0F8843000F18003C0F880101C68EA
:1059E00014F40047FBD1D0F888C0D0F88C50D0F820
:1059F0009080D0F89460D0F898409760A4B214F4E6
:105A0000807F06F4005701D10FB902E00FB940279B
:105A1000976016F480474FEAC6464FEAD64609D04B
:105A20001FFA88F848EA06461660966846F00406AB
:105A3000966001E0B610166014F4804F03D09668AB
:105A400046F48076966014F4805F27D0AEB2F504F9
:105A5000ED0C3FB11FFA8CF747EA054555606FF032
:105A6000604703E0AD10556040F2FF77BD4203D1BF
:105A7000956815F0400F03D1956845F008059560CD
:105A800016F4004F03D0956845F02805956016F48C
:105A9000804F03D0956845F01805956014F4006FA9
:105AA00003D0956845F00105956014F4806F03D02C
:105AB000956845F00205956014F4004F27D004F076
:105AC0000F059468D56014F0400411D1176900F1F6
:105AD0009C060BE056F804CB07F804C00134AC4236
:105AE00006D24FEA1C2C07F804C00134AC42F1D3B3
:105AF0000424C0F88440C0F88010196811F4004FE5
:105B0000FBD1936843F080039360BDE8F0810023EC
:105B1000D360BDE8F08100000E4A08B511680E4B55
:105B200001EA03030D498B4204D113689BB20BB900
:105B300022F032FD0A4A0B4B1A6022F007FD0A4898
:105B400022F048FD022022F041FD22F0FFFC074B2D
:105B5000186808BD00E00F400000FF70000005104D
:105B600001007BE380F00A40005800F018F00A4082
:105B7000024B1A6842F470021A60704788ED00E028
:105B8000D0F8003412F0010F10B500F5806414BF96
:105B90000B438B43236012F0020FD0F8202400F552
:105BA000846314BF114322EA0101196010BDF0B5EE
:105BB000560906F00306002451FA04F515F0010F0A
:105BC00011D0D0F8C47F65004FF0030C0CFA05FC2F
:105BD00027EA0C07C0F8C47FD0F8C47F16FA05F591
:105BE0003D43C0F8C45F0134082CE5D1D0F800452E
:105BF00012F0010F00F5A06514BF0C438C432C601C
:105C0000D0F8045500F5A06412F0020F04F104046A
:105C100014BF0D438D432560D0F8084512F0040FE2
:105C200000F5A16514BF0C438C432C60D0F81845D7
:105C300012F0080F00F5A36514BF0C438C432C60D1
:105C4000D0F83C4512F0100F00F5A66202F10C02EC
:105C500014BF0C438C431460D0F80C4500F5A062CF
:105C600013F0010F02F10C0214BF0C438C431460BB
:105C7000D0F8102513F0020F00F5A26414BF0A43F8
:105C80008A432260D0F8144500F5A26213F0040F95
:105C900002F1040214BF0C438C431460D0F81C457D
:105CA00000F5A26213F0080F02F10C0214BF0C43BE
:105CB0008C431460D0F8444500F5A86213F4007FCB
:105CC00002F1040214BF0C438C431460D0F8402549
:105CD00013F4407F00F5A86414BF0A438A4322608E
:105CE00000F5A56223B9D0F8283543EA010103E0A5
:105CF000D0F8283523EA01011160F0BD50F82100E9
:105D0000704740F82120704770B5002205460C46C8
:105D1000FFF736FF2846214601220023BDE87040E8
:105D2000FFF745BF70B5022205460C46FFF728FF76
:105D30002846214666220823BDE87040FFF737BF9A
:105D400070B5002205460C46FFF71AFF284621468B
:105D500001220823BDE87040FFF729BF70B501227A
:105D6000082305460C46FFF722FF2846214601225C
:105D7000BDE87040FFF704BF70B501220923054656
:105D80000C46FFF714FF284621460122BDE870406B
:105D9000FFF7F6BE70B5022205460C46FFF7F0FE8F
:105DA0002846214601220823BDE87040FFF7FFBEC8
:105DB00070B5022205460C46FFF7E2FE2846214652
:105DC00001220823BDE87040FFF7F1BE70B5022242
:105DD00005460C46FFF7D4FE28462146012208233B
:105DE000BDE87040FFF7E3BE104B020C1B6802F0E9
:105DF000FF020121914019424FEA420218BF0132CD
:105E00000B4B53F82230020A10B502F0FF02D3F810
:105E10002C450F21914000F00F0024EA010110FAF7
:105E200002F241EA0202C3F82C2510BD6CE00F40DB
:105E3000408B010008B500F0A7FA003818BF012018
:105E400008BD0000094B0A4A70B51C68944214460C
:105E500009D01D6800235E59E6500433B3F51B7F5B
:105E6000F9D1024B1A6044F8201070BD08ED00E033
:105E7000000000208208084B53F8223000F0030095
:105E800010B5C0001C68FF22824024EA020211FA09
:105E900000F002431A6010BDE48B0100042804D115
:105EA000134B1A6842F4803205E0052805D1104BE7
:105EB0001A6842F400321A607047062804D10C4B6D
:105EC0001A6842F48022F6E70F2804D1094B1A68B9
:105ED00042F00202EFE70AD910384209064B00F0FF
:105EE0001F0053F82230012212FA00F018607047A8
:105EF00024ED00E010E000E0808C0100042804D1D3
:105F0000134B1A6822F4803205E0052805D1104BA6
:105F10001A6822F400321A607047062804D10C4B2C
:105F20001A6822F48022F6E70F2804D1094B1A6878
:105F300022F00202EFE70AD910384209064B00F0BE
:105F40001F0053F82230012212FA00F01860704747
:105F500024ED00E010E000E0D08B01000B4B00F4DA
:105F60007F4200F0FF0003EB1223800003F0704239
:105F700040F0007023F07F43104323F4700340EAA5
:105F800043131868003818BF0120704700EA0F401B
:105F90000A4B00F47F4200F0FF0003EB1223800065
:105FA00003F0704240F0007023F07F43104323F46D
:105FB000700340EA431300221A60704700E60F4066
:105FC000014A024B1A60FEE70400FA050CED00E0FE
:105FD000494B19681A69002AB4BF02F0700301F036
:105FE0003003202B30B519D004D853B1102B40F01A
:105FF000818004E0302B0BD0702B7BD10BE03F4B2A
:106000000DE001F4F86080093D4B53F8203006E0C4
:1060100047F2305303E04FF4004300E0394B002ACD
:1060200002DA12F4006F01E011F4006F3DD136483E
:106030000568043041F48001006800F01F0400F49A
:10604000F8500134000A6400013060432F4C05EA27
:106050000404B3FBF0F3A40A5C43A805800DA40A72
:1060600000FB03432A48006800F47040B0F5405F2D
:1060700013D006D8B0F5805F1AD0B0F5005F14D108
:1060800009E0B0F5E04F0CD0B0F5104F0BD0B0F5F3
:10609000804F0AD103E01F480BE01F4809E01F486A
:1060A00007E01F4805E01F4803E04FF0FF3000E025
:1060B0001D4811F4800F19D0002A11DA12F0804F18
:1060C00007D012F4006F04D102F0FE525B00920D73
:1060D00002E002F0FC52D20D0132B3FBF2F305E014
:1060E00001F0F061C90D0131B3FBF1F3834238BF18
:1060F000184630BD002030BD60E00F400024F400A1
:10610000948C010000093D0060E10F4000FC0F008D
:1061100010E00F40AA40F90380F0FA02005A620230
:1061200040787D01002D310100B4C404024B1A688F
:1061300042F005021A60704710E000E0024B1A6856
:1061400022F001021A60704710E000E008B5014635
:106150000F20FFF777FE034B1A6842F002021A6025
:1061600008BD00BF10E000E0024B1A6842F00202D6
:106170001A60704710E000E0014B0138186070476A
:1061800014E000E00F4B1A680F4B02EA03030F4ABA
:1061900093420F4A0F4B30B508BF13460CBF08247B
:1061A0000C2400221D68854205D1B1F57F4F586847
:1061B00006D1013030BD01320833A242F2D30020B3
:1061C00030BD00BF00E00F400000FF7000000A106B
:1061D000008D0100408D0100C26840F2011301EA08
:1061E000030342EA0303C3607047C26840F201132D
:1061F00001EA030322EA0303C3607047C36823F480
:10620000807323F00103C3600B0E0360114B1A6807
:10621000114B02EA0303114A934201F0FF030ED12E
:1062200001F4702243F4007343EA1213436001F453
:106230007003090A01F0FF0141EA132105E043F46C
:106240000073090A436001F0FF0141F400718160AD
:10625000704700BF00E00F400000FF7000000A1010
:1062600044F2400301EA030300F10C011AB1C268D1
:1062700042EA030302E0C26822EA03030B607047AC
:1062800040F60C4301EA0303C16821EA030102EA74
:1062900003031943C160704740F2022301EA03037C
:1062A00000F10C011AB1C26842EA030302E0C268BD
:1062B00022EA03030B607047C0F8C81F704711F053
:1062C000FF0F18BF826211F47F4F18BFC262704780
:1062D000FF290CBF806CC06C704711F0FF0F18BF16
:1062E000026311F47F4F18BF4263704770B51546C3
:1062F000FFF748FF29460446FFF7A4FD2046BDE806
:106300007040FFF7CBBD83690B43836170474162E7
:10631000704700000A4B00F0FF0203EBD2039B0022
:1063200000F0070210B592001C680F219140000C8C
:1063300024EA010110FA02F241EA02021A6010BDD9
:1063400044FD0310836843F0010383607047836852
:1063500043F0020383607047014BC0F8003C704774
:1063600051E5CC1AD0F8000CA0F10103584240EBE3
:10637000030070470123C3607047D0F8183443F41A
:106380008073C0F818347047EFF3108062B670471E
:106390002DE9F041DFF8D8808AB004460D4600F0C0
:1063A000E3F998F90030013306460F460BD020463A
:1063B000294601F0E3F930B12046294600220023A6
:1063C00001F078FF20B1304639460AB0BDE8F081CF
:1063D00098F80060224B0890CDE90245CDE90445CC
:1063E000019346BB1F4B4FF06042CDE90623204688
:1063F00029460022002301F035FF70B102239E429E
:10640000009322D0684601F0E1F9F0B1089B0BBB84
:10641000DDE906010AB0BDE8F0810123022E0093F8
:106420000ED0684601F0D2F950B10F4801F0D0F912
:10643000CDE90601EAE70D4B0022CDE90623D6E7B8
:1064400001F0BAFF21230360EFE701F0B5FF22233B
:106450000360DBE701F0B0FF089B0360D8E700BFF3
:10646000A08D0100FFFFEFC7A48D01000000F0FF29
:10647000540400202DE9F04FDFF8E8A28BB01D4650
:1064800080468946144600F06BFB9AF900300133D0
:1064900006460F4604D02046294601F06FF920B980
:1064A000304639460BB0BDE8F08F4046494601F012
:1064B00065F9834600282CD1204629460022002376
:1064C00001F0D0FE0028EBD09F4B9AF900109F48B6
:1064D000CDF820B000220126CDE906234B1CCDE9E2
:1064E0000289CDE90445009601900DD002290BD018
:1064F000684601F06BF9002800F09580089B1BB1FD
:1065000001F05AFF089B0360DDE906010BB0BDE80E
:10651000F08F404649460022002301F0A3FE08B355
:10652000204629460022002301F09CFE83460028D5
:1065300050D0CDE9044500240025844A9AF9003062
:10654000019245EC174B01210022CDE902898DED26
:10655000067B00910892002BCAD07B4B0022CDE92C
:106560000623D1E73046394601F002F98346002878
:106570005ED0304639460022002301F073FE002829
:106580008ED04046494601F0F3F8002888D02046D6
:10659000294601F0EDF8002882D0CDE904459AF9AA
:1065A00000306A4A01920024002545EC174B042173
:1065B0000022022BCDE902898DED067B0091089225
:1065C0007BD0684601F002F9002876D0089B002BAA
:1065D0009AD095E72046294601F0CAF800283FF4F2
:1065E0005FAF204629460022002301F045FE002827
:1065F0003FF456AF554B9AF80010CDF820B0012269
:106600008DE80C00CDE90289CDE90445002200297E
:106610002CD04F4B0229CDE906232AD101F0CCFE24
:1066200021230360D2E701F0C7FE2123036065E761
:106630004046494601F09CF800289AD02046294659
:1066400001F096F8002894D03046394601F096F8CB
:10665000A8B93E4B9AF8006008900122CDE9028962
:10666000CDE904458DE80C0066BB00220023CDE98E
:106670000623684601F0AAF80028A7D1CEE7334ADE
:106680009AF90030CDF820B00321CDE90289CDE997
:1066900004458DE8060003BB2E4F4FF06046404690
:1066A000494600220023CDE9066701F0E5FD0028F8
:1066B00034D19AF90030022B83D101F07DFE2223E0
:1066C000036083E70020002102460B4601F08CFCAA
:1066D000022ECDE90601A1D0CBE71F4F0026404690
:1066E000494600220023CDE9066701F0C5FD0028D8
:1066F000DFD00022194B2046294601F04BFB04460F
:106700000D4601F06BF822462B4601F0ABFD002848
:10671000CFD10F4B0022CDE90623CAE700220F4B51
:106720002046294601F036FB04460D4601F056F896
:1067300022462B4601F096FD0028BAD1084B4FF0B7
:106740006042CDE90623B4E70000F03FA88D0100C8
:106750000000F0FFFFFFEF470000F07F0000E03F88
:10676000FFFFEFC7540400202DE9F04FB1F5801F63
:1067700087B002460B460F465BDA21F0004606431F
:1067800000F0F6800029C0F2A8810022B44B01F08D
:1067900001FB0F460B46B3498F4202466FF03505A9
:1067A0004CDCC7F3130606F5152101F6647101F4FC
:1067B000801484F07F5181F4401141EA06031046B1
:1067C00019460022A84B01F031F94FEA2758B31CB3
:1067D000A8F2FF38C3F31303A844022B08EB1458A4
:1067E00082468B464FF000022FDC002301F03AFD79
:1067F000002800F0C680B8F1000F00F07581404617
:1068000001F062FA82A3D3E9002306460F4601F0A5
:10681000C1FA81A3D3E9002304460D463046394628
:1068200001F0B8FA02460B462046294601F000F96D
:1068300008E08C498F424FF00005B2DD1046194642
:1068400001F0F6F807B0BDE8F08F4FF0804301F09B
:10685000EFF802460B465046594601F0C5FBCDE91C
:106860000201404601F030FACDE90401DDE9020100
:1068700002460B4601F08EFA02460B46CDE90001B6
:1068800001F088FA66A3D3E9002304460D4601F01F
:1068900081FA65A3D3E9002301F0CAF822462B460A
:1068A00001F078FA62A3D3E9002301F0C1F822468F
:1068B0002B4601F06FFA60A3D3E9002301F0B8F88A
:1068C000DDE9002301F066FA5DA3D3E90023CDE9F9
:1068D00000012046294601F05DFA5BA3D3E90023BD
:1068E00001F0A6F822462B4601F054FA58A3D3E94A
:1068F000002301F09DF822462B4601F04BFA0B468F
:106900000246DDE9000101F093F8A6F5C223C6F5C1
:10691000D726A3F27A4351361E43002E04460D4675
:1069200057DD0022514B5046594601F033FA52468A
:106930005B4601F02FFA06460F46B8F1000F40F013
:10694000998022462B4601F073F8DDE9022301F01D
:1069500021FA02460B463046394601F067F80246F6
:106960000B465046594601F061F807B0BDE8F08F7C
:106970000022002300203E4901F036FB07B0BDE8AD
:10698000F08F52465B465046594601F003FA32A357
:10699000D3E9002304460D465046594601F0FAF962
:1069A00002460B460020314901F040F802460B46F2
:1069B0002046294601F0EEF904460D46B8F1000FD5
:1069C00040F095805046594622462B4601F02EF85D
:1069D00038E7B8F1000F00F0AE800DA3D3E9002333
:1069E000DDE9040101F0D6F922462B4606460F46A2
:1069F0005046594601F01AF8DDE9022301F0CAF9C0
:106A000004460D46DDE904017FE000BFAFF30080DE
:106A10000000E0FE422EE63F763C7935EF39EA3D54
:106A200044523EDF12F1C23FDE03CB966446C73FBD
:106A3000599322942449D23F935555555555E53FD6
:106A40009FC678D0099AC33FAF788E1DC571CC3FE1
:106A500004FA97999999D93F555555555555D53FAC
:106A600000005043FFFFEF7F0000F03F0000E03FD9
:106A7000000050C336A3D3E90023DDE9040101F08F
:106A800089F92246804689462B463046394600F031
:106A9000CFFFDDE9022301F07DF92FA3D3E9002325
:106AA00004460D46DDE9040101F074F902460B4687
:106AB0002046294600F0BCFF02460B4630463946C8
:106AC00000F0B4FF52465B4600F0B0FF02460B46B2
:106AD0004046494600F0AAFFB4E600F0A7FF0022B6
:106AE000002301F081FAADE600200021AAE640462D
:106AF00001F0EAF816A3D3E900238046894601F0A5
:106B000049F906460F464046494613A3D3E90023F8
:106B100001F040F902460B462046294600F086FF68
:106B200052465B4600F082FF02460B46304639462D
:106B300000F07CFF86E602460B465046594600F0C0
:106B400075FFDDE9022301F025F908E7AFF30080C6
:106B50000000E0FE422EE63F763C7935EF39EA3D13
:106B60002DE9F04F23F0004B91B089460F465BEAC8
:106B70000201CDE9022314461D46804606462ED06A
:106B8000634B29F0004A9A4522DC1FD0604B9B459D
:106B90001EDC76D0002F77DB0022049264BB5C4BB6
:106BA0009B4500F090805B4B9B4564D0B5F1804FD6
:106BB00000F0FA83584B9D421ED1002F1CDB40464B
:106BC000494611B0BDE8F04F00F00EBD0028DDD001
:106BD0000AF1404A0AF5801A5AEA060A04D14D49D8
:106BE000002011B0BDE8F08F4C4811B0BDE8F04F67
:106BF00000F0EEBD002104914046494600F0B4FD8E
:106C0000DEB9BAF1000F04D0424B27F040429A425D
:106C100013D1002DC0F20D84002FE2DA0AF1404AB0
:106C2000049A0AF5801A52EA0A025ED0049B012BEC
:106C3000D7D101F100431946D3E7FB0F049A03F1C2
:106C4000FF3C52EA0C024ED0354B9B456EDD03F102
:106C500004739B4540F3F583324B9A4540F39E8382
:106C6000002D40F39E8328A1D1E9000102460B4686
:106C700001F090F8B5E7002DC0F24F844046494638
:106C8000AFE7002C86D0A3E7274B9B4536DCA3F16A
:106C900054739B4540F38F834FEA2B5340F21342CA
:106CA000934240F35084C3F58663033324FA03F21E
:106CB00002FA03F3A3427FF46FAF02F00102C2F1C4
:106CC000020204926AE70AF1404303F5801333435A
:106CD00085D0144B9A4540F3A483002DC0F2618304
:106CE000DDE902017DE74046494602460B4600F0D9
:106CF0009DFE02460B4601F077F972E702230493EA
:106D00004CE700BFAFF300809C7500883CE4377E01
:106D10000000F07F0000F03F0000E03FA48D010084
:106D20000000E041FFFFEF3FFFFF3F43BAF5801F48
:106D30004FF0000209DAAC4BCDF804C001F02AF89C
:106D4000DDF804C06FF034028A464FEA2A55A74B9B
:106D5000CAF3130AA5F2FF354AF07F5415449A4549
:106D60000F9544F4401440F3D583A14B9A4540F36A
:106D700000840F9B002501330F93A4F580142B464C
:106D80009C4ACDF804C0DB000E931344D3E900679E
:106D9000214632463B46CDE90A0100F047FE324625
:106DA000804689463B46DDE90A0100F041FE024685
:106DB0000B460020904901F017F9CDE90C01DDE9FF
:106DC0000C234046494600F0E5FFCDE9060161107D
:106DD0009DED067B41F0005101F500214B1900218A
:106DE0008DED087B0891DDE908AB0022504659463D
:106DF00014461D4600F0CEFF02460B46404649466B
:106E000000F014FE3246804689463B46204629461D
:106E100000F00CFE02460B46DDE90A0100F006FE1A
:106E200002460B465046594600F0B4FF02460B4658
:106E30004046494600F0FAFDDDE90C2300F0AAFFC8
:106E400006460F46DDE9060102460B4600F0A2FFAA
:106E500002460B4604460D4600F09CFF52A3D3E9C0
:106E60000023804689462046294600F093FF50A320
:106E7000D3E9002300F0DCFD22462B4600F08AFF18
:106E80004DA3D3E9002300F0D3FD22462B4600F0AA
:106E900081FF4BA3D3E9002300F0CAFD22462B4615
:106EA00000F078FF48A3D3E9002300F0C1FD22469B
:106EB0002B4600F06FFF46A3D3E9002300F0B8FD96
:106EC00002460B464046494600F064FFDDE90623D2
:106ED00004460D465046594600F0AAFD32463B4650
:106EE00000F058FF22462B4600F0A2FD5246804695
:106EF00089465B465046594600F04CFF00223F4B06
:106F0000CDE90A0100F094FD42464B4600F090FDA9
:106F100008980D46044622462B465046594600F036
:106F200039FF224682468B462B463046394600F0D2
:106F300031FF002206460F46204629462F4B00F01F
:106F400075FDDDE90A2300F071FD02460B4640465F
:106F5000494600F06BFDDDE9062300F01BFF024609
:106F60000B463046394600F063FD8046894642466E
:106F70004B465046594600F05BFD089816A3D3E9EE
:106F8000002304460D4600F005FF15A3D3E90023B6
:106F9000CDE906012046294600F0FCFE5246064691
:106FA0002EE000BFAFF30080EF4E454A287ECA3F77
:106FB00065DBC9934A86CD3F01411DA96074D13F6D
:106FC0004D268F515555D53FFFAB6FDBB66DDB3F7F
:106FD000033333333333E33F000000E009C7EE3FB0
:106FE000F5015B14E02F3EBE000040438E98030085
:106FF00079B60B00D08D01000000F03F0000084082
:107000000F465B462046294600F010FD02460B461F
:107010004046494600F00AFDB8A3D3E9002300F03A
:10702000B9FE02460B463046394600F001FD0E9A85
:10703000AF4B1344D3E9002300F0FAFC06460F9847
:107040000F4600F041FEAB4B0D460E990B44D3E9C1
:1070500000AB044632463B46DDE9060100F0E8FCA1
:1070600052465B4600F0E4FC22462B4600F0E0FC72
:10707000089822462B468046894600F0D7FC5246A7
:107080005B4600F0D3FCDDE9062300F0CFFC0246AE
:107090000B463046394600F0C9FCDDF804C0824694
:1070A0008B46049A531E53EA0C0340F0B5819FEDC2
:1070B0007C7B8DED087B9DED027B00218DED047BBB
:1070C0000491DDE9044551EC170B2B46224600F0F4
:1070D000ADFC42464B4600F05DFE524606460F466A
:1070E0005B46DDE9020100F055FE02460B463046E4
:1070F000394600F09DFC42464B4682468B46204670
:10710000294600F047FE06460F463B465046594684
:10711000324600F08DFC784B9942804689460D46F8
:1071200040F34D8101F13F4303F5E003034340F099
:10713000FC815DA3D3E900235046594600F078FC5A
:107140003246CDE902013B464046494600F06EFC1E
:1071500002460B46DDE9020101F0ACF8002840F0E0
:10716000E481CC464FEA2C53A3F2FE334FF4801057
:1071700018412844C0F30A51DFF888E1A1F2FF3436
:107180004EFA04FEC1F58261C0F3130420EA0E0337
:10719000033144F4801040FA01F1002D0491BCBF8A
:1071A0004942049100223046394600F03FFC064631
:1071B0000F463246504659463B4600F039FC049A89
:1071C0001205029200243AA3D3E9002320460D467B
:1071D00000F0E0FD3246804689463B46204629467F
:1071E00000F024FC02460B465046594600F01EFCB7
:1071F00031A3D3E9002300F0CDFD31A3D3E900236F
:1072000006460F462046294600F0C4FD02460B46BE
:107210003046394600F00CFC06460F4632463B46E7
:107220004046494600F004FC42464B4604460D46A3
:1072300000F0FCFB02460B463046394600F0F6FBF8
:10724000224682468B4620462B46294600F0A2FD68
:107250001DA3D3E9002306460F4600F09BFD1CA3A7
:10726000D3E9002300F0E2FB32463B4600F092FDFA
:1072700019A3D3E9002300F0DBFB32463B4600F0C4
:1072800089FD17A3D3E9002300F0D0FB32463B462B
:1072900000F080FD14A3D3E9002300F0C9FB33E024
:1072A000000000000000F0BFFE822B654715973CF0
:1072B00000000000432EE63FEF39FAFE422EE63F83
:1072C000396CA80C615C20BED0A4BE726937663EE2
:1072D000F16BD2C541BDBB3E2CDE25AF6A56113FD6
:1072E00093BDBE166CC1663F3E5555555555C53FBD
:1072F000C08D0100B08D0100FFFF8F40FD033ADC1F
:1073000009C7EE3FFFFF0F0032463B4600F042FD4B
:1073100002460B462046294600F088FB06460F46EB
:1073200032463B462046294600F034FD0022804686
:107330008946304639464FF0804300F077FB0246DD
:107340000B464046494600F04FFE524606460F4661
:1073500020465B46294600F01DFD52465B4600F084
:1073600067FB02460B463046394600F05FFB22467B
:107370002B4600F05BFB02460B460020944900F0D0
:1073800055FB029C0C44B4F5801F0246C0F2F58008
:107390002346DDE9080100F0FDFC22E4002DFFF6A4
:1073A00062AC002000211CE44046494642464B4660
:1073B00000F0F0FC15E400210491FFF7EFBB854BD2
:1073C00021F0004C9C4540F3CD8001F17D5303F545
:1073D0003C1303F55053034310D132463B46CDF8DE
:1073E00004C000F023FB02460B465046594600F00D
:1073F0004DFFDDF804C000283FF4B4AEDDE908011C
:1074000065A3D3E9002300F0C5FC63A3D3E90023FF
:1074100000F0C0FCFFF7E5BB9FED617B8DED087BC5
:1074200049E6002DBDDA039B029803F10041FFF706
:10743000D8BB02460B460020654900F0D5FDFFF79A
:10744000EBBB654B9A45A9DD614B9A453FF708AC0C
:1074500000225F4BCDF804C000F0E8FA52A3D3E954
:10746000002304460D4600F095FC51A3D3E9002308
:1074700006460F462046294600F08CFC22468246EE
:107480008B462B462046294600F084FC002280468D
:10749000894620462946514B00F07CFC02460B46AB
:1074A00045A1D1E9000100F0C1FA22462B4600F0C7
:1074B00071FC02460B460020494900F0B7FA02462B
:1074C0000B464046494600F065FC3DA3D3E9002346
:1074D00000F060FC02460B465046594600F0A6FA02
:1074E00004460D4622462B463046394600F0A0FAA7
:1074F000002032463B468046894600F097FA024615
:107500000B462046294600F091FADDF804C0824679
:107510008B46C6E500252B4632E442464B4600200A
:107520002B4900F061FDFFF75CBBDDE9080126A3F4
:10753000D3E9002300F02EFC23A3D3E9002300F0BD
:1075400029FCFFF74EBB002C7FF454ABC3F58263DC
:1075500003334BFA03F202FA03F35B4513D00494AE
:10756000FFF721BB1E4B9C453FF7FCAD049B0293EC
:1075700028E64FF48025012302E4049A00F0BCF9C8
:1075800002460B4605E702F00102C2F10202049234
:10759000FFF709BBAFF3008059F3F8C21F6EA501D6
:1075A000000000000000F03F000000604715F73FBA
:1075B00044DF5DF80BAE543E555555555555D53FF6
:1075C000FE822B654715F73F9C7500883CE4377EAB
:1075D0000000F03FFFCB9040FEFFEF3F0000D03FA8
:1075E0000000E03FAFF3008021F0004C2DE9F843AC
:1075F0004FEA1C5CDFF86C814FEA0C5CC445064620
:107600000F460B46024600F08F8000296FDD0F15F4
:1076100078D0A7F2FF37C3F31303F90743F48013BD
:1076200060D4D10F4FF0000C01EB43037F105200E8
:10763000654616204FF400116C189C424FEAD27632
:107640004FEA420202DC1B1B65188C44013806EB32
:1076500043034FEA5101EFD1804620264FF000410D
:1076600009E023D0D40F013E4FEA510104EB43035C
:107670004FEA42021ED0AB4201EB0804F1DD04F0F8
:107680000049B9F1004F04EB010809D0A9465B1B82
:10769000944288BF03F1FF33121B08444D46E1E7D3
:1076A000B8F1000FF2DB05F10109F0E79442E6D9E9
:1076B0001D46D7E71A4304D0431C41D000F0010314
:1076C000184446084FEA6C031CF0010F03F17F5386
:1076D00003F5001318BF46F0004603EB0751304690
:1076E000BDE8F883D10F01EB4303520099E721F085
:1076F0000043034322D051BB0F46D30A153F520526
:10770000002BFAD013F480111DD15B00D80201F1D7
:107710000101FAD5C1F10100C1F1200422FA04F4FB
:10772000234307448A4074E702460B4600F032FBCD
:1077300032463B4600F07CF9BDE8F883BDE8F883AB
:107740000CF1010CBEE7202401200021E6E70246EF
:107750000B4600F06BF902460B4600F045FCBDE815
:10776000F88300BF0000F07F21F00041704700BFA8
:1077700041F0004101F58010C00F704731F0004327
:1077800010B408D00F4AA3F5801494420AD80420FC
:107790005DF8044B704700280CBF022003205DF801
:1077A000044B7047B3F5801F01D20320F7E7064A68
:1077B000934201D00020F2E7D0F1010038BF002051
:1077C000EDE700BFFFFFDF7F0000F07F0020704784
:1077D00000200149704700BF0000F87F2DE9F04309
:1077E000C1F30A57A7F2FF36132E83B002460B46A9
:1077F000894684464FEAD17831DC002E4CDB3B4988
:10780000314101EA030010432ED0490801EA030C7C
:107810005CEA020C0DD04FF48029132E23EA0101FB
:1078200049FA06F641EA060914BF4FF0000C4FF082
:10783000004C2F4B03EBC808D8E9004562464B4685
:107840002046294600F0F4F8CDE9000122462B46F7
:10785000DDE9000100F0EAF803B0BDE8F083332E63
:1078600007DDB6F5806F3DD01046194603B0BDE880
:10787000F083A7F213474FF0FF31F9400142F3D0F4
:1078800049080142D5D04FF0804C20EA01014CFA62
:1078900007F741EA070CCCE721F000410143E3D0B0
:1078A000C3F3130101434C420C431148590C240B00
:1078B000490404F4002400EBC80044EA0103D0E9C1
:1078C00000452046294600F0B3F8CDE900012B46DB
:1078D0002246DDE9000100F0A9F821F0004343EA67
:1078E000C871C3E700F0A4F8C0E700BFFFFF0F00B6
:1078F000E08D010000000000C1F30A532DE9F041C2
:10790000904606460F460A461BBB21F00043034340
:1079100034D03B4B002200F03DFA3A4B98450646E6
:107920000F463BDBC1F30A53363B0A46434440F261
:10793000FE718B4216DD32463B462DA1D1E9000196
:1079400000F066F82AA3D3E9002300F023FABDE88B
:10795000F08140F2FF74A34227D0434440F2FE710D
:107960008B42E8DC002B0BDD22F0FF4222F4E00228
:1079700042EA035730463946BDE8F081BDE8F08160
:1079800013F1350F17DA4CF25033984532463B4627
:1079900020DC19A1D1E9000100F03AF816A3D3E9DF
:1079A000002300F0F7F9BDE8F08102460B4600F035
:1079B0003FF8BDE8F08122F0FF4222F4E0023633C6
:1079C00042EA03573046394600220F4B00F0E2F9F5
:1079D000BDE8F08106A1D1E9000100F019F804A387
:1079E000D3E9002300F0D6F9BDE8F081AFF30080C1
:1079F0009C7500883CE4377E59F3F8C21F6EA501E0
:107A000000005043B03CFFFF0000903CAFF300800B
:107A100030B403F0004321F0004243EA020130BCDD
:107A2000704700BF81F0004102E000BF83F00043D7
:107A300030B54FEA41044FEA430594EA050F08BF09
:107A400090EA020F1FBF54EA000C55EA020C7FEACD
:107A5000645C7FEA655C00F0E2804FEA5454D4EB4A
:107A60005555B8BF6D420CDD2C4480EA020281EA14
:107A7000030382EA000083EA010180EA020281EA4C
:107A80000303362D88BF30BD11F0004F4FEA01319E
:107A90004FF4801C4CEA113102D0404261EB4101AD
:107AA00013F0004F4FEA03334CEA133302D0524233
:107AB00063EB430394EA050F00F0A780A4F10104EF
:107AC000D5F1200E0DDB02FA0EFC22FA05F2801829
:107AD00041F1000103FA0EF2801843FA05F359410F
:107AE0000EE0A5F120050EF1200E012A03FA0EFC8E
:107AF00028BF4CF0020C43FA05F3C01851EBE371B8
:107B000001F0004507D54FF0000EDCF1000C7EEBD4
:107B100000006EEB0101B1F5801F1BD3B1F5001F12
:107B20000CD349085FEA30004FEA3C0C04F1010431
:107B30004FEA445212F5800F80F09A80BCF1004F5A
:107B400008BF5FEA500C50F1000041EB045141EADC
:107B5000050130BD5FEA4C0C404141EB010111F4DD
:107B6000801FA4F10104E9D191F0000F04BF014688
:107B70000020B1FA81F308BF2033A3F10B03B3F166
:107B800020020CDA0C3208DD02F1140CC2F10C02F6
:107B900001FA0CF021FA02F10CE002F11402D8BF54
:107BA000C2F1200C01FA02F120FA0CFCDCBF41EA20
:107BB0000C019040E41AA2BF01EB0451294330BDEF
:107BC0006FEA04041F3C1CDA0C340EDC04F11404CC
:107BD000C4F1200220FA04F001FA02F340EA0300A3
:107BE00021FA04F345EA030130BDC4F10C04C4F1E9
:107BF000200220FA02F001FA04F340EA03002946C9
:107C000030BD21FA04F0294630BD94F0000F83F412
:107C1000801306BF81F480110134013D4EE77FEAF5
:107C2000645C18BF7FEA655C29D094EA050F08BF41
:107C300090EA020F05D054EA000C04BF1946104622
:107C400030BD91EA030F1EBF0021002030BD5FEA66
:107C5000545C05D14000494128BF41F0004130BD8E
:107C600014F580043CBF01F5801130BD01F00045E2
:107C700045F0FE4141F470014FF0000030BD7FEA55
:107C8000645C1ABF194610467FEA655C1CBF0B4650
:107C9000024650EA013406BF52EA033591EA030F67
:107CA00041F4002130BD00BF90F0000F04BF00215F
:107CB000704730B54FF4806404F132044FF0000592
:107CC0004FF0000150E700BF90F0000F04BF00210B
:107CD000704730B54FF4806404F1320410F0004571
:107CE00048BF40424FF000013EE700BF42004FEA6C
:107CF000E2014FEA31014FEA02701FBF12F07F43E9
:107D000093F07F4F81F06051704792F0000F14BFE5
:107D100093F07F4F704730B54FF4607401F0004529
:107D200021F0004120E700BF50EA010208BF704780
:107D300030B54FF000050AE050EA010208BF704775
:107D400030B511F0004502D5404261EB41014FF4DE
:107D5000806404F132045FEA915C3FF4DCAE4FF0E2
:107D600003025FEADC0C18BF03325FEADC0C18BFC9
:107D7000033202EBDC02C2F1200300FA03FC20FA1A
:107D800002F001FA03FE40EA0E0021FA02F1144467
:107D9000C1E600BF70B54FF0FF0C4CF4E06C1CEA7C
:107DA00011541DBF1CEA135594EA0C0F95EA0C0FF1
:107DB00000F0DEF82C4481EA030621EA4C5123EA64
:107DC0004C5350EA013518BF52EA033541F4801193
:107DD00043F4801338D0A0FB02CE4FF00005E1FB46
:107DE00002E506F00042E0FB03E54FF00006E1FB90
:107DF00003569CF0000F18BF4EF0010EA4F1FF04D3
:107E0000B6F5007F64F5407404D25FEA4E0E6D4112
:107E100046EB060642EAC62141EA55514FEAC52023
:107E200040EA5E504FEACE2EB4F1FD0C88BFBCF59F
:107E3000E06F1ED8BEF1004F08BF5FEA500E50F150
:107E4000000041EB045170BD06F0004646EA010116
:107E500040EA020081EA0301B4EB5C04C2BFD4EB48
:107E60000C0541EA045170BD41F480114FF0000E41
:107E7000013C00F3AB8014F1360FDEBF002001F0AF
:107E8000004170BDC4F10004203C35DA0C341BDC29
:107E900004F11404C4F1200500FA05F320FA04F0FB
:107EA00001FA05F240EA020001F0004221F000412F
:107EB00010EBD37021FA04F642EB06015EEA430EA2
:107EC00008BF20EAD37070BDC4F10C04C4F12005D2
:107ED00000FA04F320FA05F001FA04F240EA020085
:107EE00001F0004110EBD37041F100015EEA430E56
:107EF00008BF20EAD37070BDC4F1200500FA05F276
:107F00004EEA020E20FA04F301FA05F243EA0203F4
:107F100021FA04F001F0004121FA04F220EA020003
:107F200000EBD3705EEA430E08BF20EAD37070BD49
:107F300094F0000F0FD101F00046400041EB010129
:107F400011F4801F08BF013CF7D041EA060195F00B
:107F5000000F18BF704703F00046520043EB0303C5
:107F600013F4801F08BF013DF7D043EA06037047B2
:107F700094EA0C0F0CEA135518BF95EA0C0F0CD0BD
:107F800050EA410618BF52EA4306D1D181EA030103
:107F900001F000414FF0000070BD50EA410606BFFD
:107FA0001046194652EA430619D094EA0C0F02D142
:107FB00050EA013613D195EA0C0F05D152EA033687
:107FC0001CBF104619460AD181EA030101F00041A5
:107FD00041F0FE4141F470014FF0000070BD41F0EE
:107FE000FE4141F4780170BD70B54FF0FF0C4CF4C8
:107FF000E06C1CEA11541DBF1CEA135594EA0C0FE7
:1080000095EA0C0F00F0A7F8A4EB050481EA030E33
:1080100052EA03354FEA013100F088804FEA03331A
:108020004FF0805545EA131343EA12634FEA0222E8
:1080300045EA111545EA10654FEA00260EF00041A9
:108040009D4208BF964244F1FD0404F5407402D2FB
:108050005B084FEA3202B61A65EB03055B084FEA8C
:1080600032024FF480104FF4002CB6EB020E75EB89
:10807000030E22BFB61A754640EA0C005B084FEAB1
:108080003202B6EB020E75EB030E22BFB61A75462E
:1080900040EA5C005B084FEA3202B6EB020E75EB79
:1080A000030E22BFB61A754640EA9C005B084FEAF1
:1080B0003202B6EB020E75EB030E22BFB61A7546FE
:1080C00040EADC0055EA060E18D04FEA051545EAED
:1080D00016754FEA06164FEAC30343EA52734FEA96
:1080E000C2025FEA1C1CC0D111F4801F0BD141EA0F
:1080F00000014FF000004FF0004CB6E711F4801F74
:1081000004BF01430020B4F1FD0C88BFBCF5E06F53
:108110003FF6AFAEB5EB030C04BFB6EB020C5FEA63
:10812000500C50F1000041EB045170BD0EF0004EB8
:108130004EEA113114EB5C04C2BFD4EB0C0541EAEA
:10814000045170BD41F480114FF0000E013C90E6E7
:1081500045EA060E8DE60CEA135594EA0C0F08BFAB
:1081600095EA0C0F3FF43BAF94EA0C0F0AD150EAAA
:1081700001347FF434AF95EA0C0F7FF425AF10463D
:1081800019462CE795EA0C0F06D152EA03353FF465
:10819000FDAE1046194622E750EA410618BF52EAE2
:1081A00043067FF4C5AE50EA41047FF40DAF52EAB6
:1081B00043057FF4EBAE12E74FF0FF3C06E000BF53
:1081C0004FF0010C02E000BF4FF0010C4DF804CD60
:1081D0004FEA410C7FEA6C5C4FEA430C18BF7FEA20
:1081E0006C5C1BD001B050EA410C0CBF52EA430C4E
:1081F00091EA030F02BF90EA020F0020704710F1CE
:10820000000F91EA030F58BF994208BF90422CBF5C
:10821000D8176FEAE37040F0010070474FEA410C55
:108220007FEA6C5C02D150EA013C07D14FEA430C73
:108230007FEA6C5CD6D152EA033CD3D05DF8040BE4
:10824000704700BF8446104662468C461946634616
:1082500000E000BF01B5FFF7B7FF002848BF10F1ED
:10826000000F01BD4DF808EDFFF7F4FF0CBF012032
:1082700000205DF808FB00BF4DF808EDFFF7EAFFAE
:1082800034BF012000205DF808FB00BF4DF808ED69
:10829000FFF7E0FF94BF012000205DF808FB00BF5E
:1082A0004DF808EDFFF7CEFF94BF012000205DF8E8
:1082B00008FB00BF4DF808EDFFF7C4FF34BF0120F5
:1082C00000205DF808FB00BF4FEA410212F50012E2
:1082D00015D211D56FF47873B3EB625212D94FEA0D
:1082E000C12343F0004343EA505311F0004F23FAF7
:1082F00002F018BF404270474FF00000704750EA4C
:10830000013005D111F0004008BF6FF00040704708
:108310004FF00000704700BF4FEA4102B2F1E04366
:1083200024BFB3F5001CDCF1FE5C0DD901F0004C5C
:108330004FEAC0024CEA5070B2F1004F40EB8300AC
:1083400008BF20F00100704711F0804F21D113F1D8
:108350003872BCBF01F00040704741F480114FEA11
:108360005252C2F11802C2F1200C10FA0CF320FA9A
:1083700002F018BF40F001004FEAC1234FEAD323B7
:1083800003FA0CFC40EA0C0023FA02F34FEA430321
:10839000CCE77FEA625307D150EA01331EBF4FF0AA
:1083A000FE4040F44000704701F0004040F0FE40C5
:1083B00040F40000704700BF014B1868704700BFD1
:1083C00080080020F0B4840743D0541E002A3ED019
:1083D000CDB2034603E0621E002C38D0144603F8E9
:1083E000015B9A07F7D1032C2AD9CDB245EA0525BE
:1083F0000F2C45EA054515D9A4F110073F0903F1F3
:10840000100606EB07161A46156055609560D56094
:108410001032B242F8D104F00F040137032C03EB01
:1084200007130DD91E462246043A032A46F8045B78
:10843000FAD8221F22F003020432134404F003048A
:108440002CB1C9B21C4403F8011BA342FBD1F0BC00
:10845000704714460346C6E72DE9F00F444C82B03E
:10846000D4F800C001900E4600E02646344614F8C9
:10847000015B0CEB0500407800F0080000F0FF07FE
:108480000028F2D12D2D57D02B2D08BF7578BA4674
:1084900008BFB41C33F0100039D04FF0FF38B8FBE0
:1084A000F3F803FB08FB6FEA0B0B994600273846ED
:1084B0000CE0303DAB4219DD002F25DB404523D8D1
:1084C00020D009FB0050012714F8015B0CEB0506D6
:1084D000767816F0040FECD116F0030606D0012EC4
:1084E00014BF57263726AD1BAB42E5DC002F1DDB42
:1084F000BAF1000F18D10AB1A7B9116002B0BDE8F6
:10850000F00F70475D45DCDD4FF0FF37DCE7302DC5
:1085100017D0002BC1D10A2399464FF0050BDFF885
:108520005480C3E7611EE8E74042E4E70198222354
:1085300003604FF0FF30DEE7B41C75784FF0010A9E
:10854000A8E7207800F0DF00582808D0002BA4D13D
:10855000082399464FF0070B6FF06048A6E71023F9
:10856000657899464FF00F0B02346FF070489DE725
:10857000840800209999991930B4044C0D4613468B
:1085800001462A46206830BCFFF766BF80080020FD
:1085900000000000000000000000000000000000DB
:1085A00000000000000000000000000001020304C1
:1085B00005060708090A0B0C0D0E0F1011121314F3
:1085C00015161718191A1B1C000000000C000100DA
:1085D0000C000C0002001C00040003002000080036
:1085E00004002800080005003000040006003400E4
:1085F000080007003C000C000800A0001000090063
:10860000B00008000A00B80008000B00C000080015
:108610000C00C80008000D00D00008000E00D800B3
:1086200008000F00E00008001000E800080011003A
:10863000F00008001200F800A0001300B8012000AC
:108640001400D8014000150018024000160058021E
:1086500040001700980240001800D802400019009E
:10866000180350001A00680308001B0070039001F3
:108670001C00000530001D00300584001E00B405FC
:10868000B0011F00EC0714003738373165643966D4
:1086900064323232336531323331316464326130C5
:1086A00032373032663332383662303662353938F6
:1086B0000053575F48494C5F335F54425F3030008E
:1086C000002A01000200032A04000500062A072AE6
:1086D0000800092A0A280B150C2A0D000E150F2A6E
:1086E000102A112A1200132A142A152A162A172AC8
:1086F0001815192A1A151B2A1C151D2A1E021F2AB5
:10870000202A212A222A232A2415252A262A272A12
:10871000282A292A2A2A2B2A2C2A2D152E2A2F2AC2
:108720000A0000003200000064000000F4010000B4
:10873000E8030000102700003075000060EA000028
:10874000E0930400C027090080EE3600D90A210B0F
:108750006A0BAA0BDA0B000C210C410C610C820C89
:10876000A20CC40CE40CFE0C160D2D0D410D520D87
:10877000600D690D710D780D800D890D930D9F0DA4
:10878000AC0DB70DC40DCF0DD90DE20DEB0DF40DF1
:10879000FD0D060E0E0E170E1E0E250E2B0E310EA3
:1087A000370E3D0E430E4A0E500E570E5F0E670EEB
:1087B0006F0E780E810E8A0E940E9E0EA80EB20ECB
:1087C000BD0EC90ED70EE90EF90E050F100F190FC9
:1087D000220F2B0F330F3C0F440F4C0F540F5C0F25
:1087E000650F6F0F790F830F8E0F990FA50FB00FC5
:1087F000BC0FC60FD00FD80FDF0FE50FE90FED0F3D
:10880000F10FF40FF80FFD0F03100B1015102410CB
:1088100036105110771000000100000010270000F2
:10882000B8F2FFFF4C8701009A10280A6D10F60974
:108830006810540B8C0A0410E40C3610B80BBC0CF6
:10884000E2099E0C140A6C0CDC0A3A0CDC0A080CD7
:10885000400B4C049CFFE803000052032C01250050
:10886000D02F323270210000220B8E0BF90B650CD9
:10887000BE0CD40CEA0C000D0A0D100D170D1E0DC8
:10888000280D310D3B0D490D580D670D750D810DEE
:108890008D0D990DA40DAE0DB90DC20DCA0DD20DE1
:1088A000DA0DE00DE50DEB0DF00DF50DFB0D000EF5
:1088B000050E090E0E0E130E190E1E0E230E290E96
:1088C0002E0E340E3A0E410E470E4E0E560E5D0E13
:1088D000660E700E7B0E850E930EA20EB20EC00EAB
:1088E000C90ED30EDD0EE60EEF0EF80E010F090FC6
:1088F000110F190F210F290F310F390F420F4A0F96
:10890000520F5C0F650F6E0F790F840F8E0F990F4A
:10891000A50FB10FBD0FC80FD30FDE0FE90FF20F78
:10892000FC0F061010101B102610341046105810A3
:108930006E100000020000001027000068F7FFFF23
:10894000688801009A10280A6D10F6096810540B07
:108950008C0A0410E40C3610B80BBC0CE2099E0C17
:10896000140A6C0CDC0A3A0CDC0A080C400B4C04B0
:108970009CFFE803000052032C012000AC26C8280D
:10898000121B0000E10A080B300B580B7F0BA70BE2
:10899000CE0BF40B120C2A0C400C540C680C7C0C03
:1089A000900CA40CBC0CDA0CF10C040D180D2B0D62
:1089B0003C0D4D0D5C0D6B0D790D870D950DA10DC9
:1089C000AC0DB70DC00DC70DCE0DD60DDF0DEB0DE7
:1089D000F70D030E100E1D0E290E350E410E4D0E15
:1089E000590E660E720E7F0E8B0E950E9E0EA80E01
:1089F000B00EB90EC20ECA0ED20EDA0EE20EEA0E9A
:108A0000F20EF90E010F080F100F190F250F330F7B
:108A1000430F4E0F580F610F6B0F750F7F0F8A0FAB
:108A2000950FA10FAC0FB60FC10FCA0FD20FD90F00
:108A3000E00FE40FE80FEC0FEF0FF30FF70FFB0F52
:108A40000110081011101E102D1045106B100000A1
:108A50000400000010270000EAF2FFFF84890100F3
:108A60009A10280A6D10F6096810540B8C0A04102D
:108A7000E40C3610B80BBC0CE2099E0C140A6C0C0A
:108A8000DC0A3A0CDC0A080C400B4C049CFFE8039F
:108A9000000052032C012000B42DFD2FFE1F00000A
:108AA0003738373165643966643232323365313292
:108AB00033313164643261303237303266333238C8
:108AC00036623036623539380000000000000000A0
:108AD000000071612D2D2D2D2D0053575F48494CFD
:108AE0005F335F54425F30300000000080000000C0
:108AF0007F00000000E00000001F000007000D08DC
:108B00001401000019100000FFFFFF1F000000000B
:108B1000150100000000001F0000FF1FEC8A01008B
:108B2000000100024012401380238024C034C0356D
:108B3000C045C046C056C057C067C068C078C0793D
:108B4000004000400080054000500040009005407B
:108B50000060004000A005400070004000B00540EB
:108B60000040024000C005400050024000D00540D7
:108B70000060024000E005400070024000F0054047
:108B800000D00340000006400010064000100640E0
:108B9000002006400020064000300640003006401D
:108BA000004006400040064000500640005006408D
:108BB00000600640006006400070064000700640FD
:108BC000008006400080064000900640009006406D
:108BD00080E100E084E100E088E100E08CE100E079
:108BE00090E100E00000000018ED00E01CED00E066
:108BF00020ED00E000E400E004E400E008E400E030
:108C00000CE400E010E400E014E400E018E400E00C
:108C10001CE400E020E400E024E400E028E400E0BC
:108C20002CE400E030E400E034E400E038E400E06C
:108C30003CE400E040E400E044E400E048E400E01C
:108C40004CE400E050E400E054E400E058E400E0CC
:108C50005CE400E060E400E064E400E068E400E07C
:108C60006CE400E070E400E074E400E078E400E02C
:108C70007CE400E080E400E084E400E088E400E0DC
:108C800000E100E004E100E008E100E00CE100E0C8
:108C900010E100E040420F0000201C0080841E0014
:108CA00000802500999E36000040380000093D00F4
:108CB00000803E0000004B00404B4C0000204E0066
:108CC000808D5B0000C05D000080700000127A00A3
:108CD00000007D0080969800001BB7000080BB005C
:108CE000C0E8CE00647ADA000024F4000000FA0044
:108CF00080A81201002D310100366E0140787D01FF
:108D00000000034023000000001003402500000085
:108D10000020034027000000003003403300000023
:108D2000004003404F00000000500340510000008D
:108D300000000E407200000000100E4074000000A1
:108D40000000034023000000001003402500000045
:108D500000200340270000000030034033000000E3
:108D60000040034056000000005003406C0000002B
:108D7000006003406E0000000070034070000000BF
:108D800000C004407200000000D0044074000000E5
:108D900000E004407600000000F00440780000008D
:108DA0006C6F670000000000706F7700000000002B
:108DB00000000000000000000000004003B8E23F97
:108DC000000000000000000006D0CF43EBFD4C3E49
:108DD000000000000000F03F000000000000F83F2D
:108DE000000000000000304300000000000030C31D
:108DF00043000000002020202020202020202828C0
:108E0000282828202020202020202020202020204A
:108E1000202020202088101010101010101010108A
:108E200010101010100404040404040404040410BA
:108E30001010101010104141414141410101010148
:108E40000101010101010101010101010101010112
:108E5000101010101010424242424242020202021E
:108E600002020202020202020202020202020202E2
:108E70001010101020000000000000000000000092
:108E800000000000000000000000000000000000E2
:108E900000000000000000000000000000000000D2
:108EA00000000000000000000000000000000000C2
:108EB00000000000000000000000000000000000B2
:108EC00000000000000000000000000000000000A2
:108ED0000000000000000000000000000000000092
:108EE0000000000000000000000000000000000082
:088EF00000000000000000007A
:108EF800000000000000000000000000000000006A
:108F08000000000000000000000000000000000059
:108F18000000000000000000000000000000000049
:108F28000000000000000000000000000000000039
:108F38000000000000000000000000000000000029
:108F48000000000000000000000000000000000019
:108F58000000000000000000000000000000000009
:108F680000000000000000000000000000000000F9
:108F780000000000000000000000000000000000E9
:108F880000000000000000000000000000000000D9
:108F980000000000000000000000000000000000C9
:108FA80000000000000000000000000000000000B9
:108FB80000000000000000000000000000000000A9
:108FC8000000000000000000000000000000000099
:108FD8000000000000000000000000000000000089
:108FE8000000000000000000000000000000000079
:108FF8000000000000000000000000000000000069
:109008000000000000000000000000000000000058
:109018000000000000000000000000000000000048
:109028000000000000000000000000000000000038
:109038000000000000000000000000000000000028
:109048000000000000000000000000000000000018
:109058000000000000000000000000000000000008
:1090680000000000000000000000000000000000F8
:1090780000000000000000000000000000000000E8
:1090880000000000000000000000000000000000D8
:1090980000000000000000000000000000000000C8
:1090A80000000000000000000000000000000000B8
:1090B80000000000000000000000000000000000A8
:1090C8000000000000000000000000000000000098
:1090D8000000000000000000000000000000000088
:1090E8000000000000000000000000000000000078
:1090F8000000000000000000000000000000000068
:109108000000000000000000000000000000000057
:109118000000000000000000000000000000000047
:109128000000000000000000000000000000000037
:109138000000000000000000000000000000000027
:109148000000000000000000000000000000000017
:109158000000000000000000000000000000000007
:1091680000000000000000000000000000000000F7
:1091780000000000000000000000000000000000E7
:1091880000000000000000000000000000000000D7
:1091980000000000000000000000000000000000C7
:1091A80000000000000000000000000000000000B7
:1091B80000000000000000000000000000000000A7
:1091C8000000000000000000000000000000000097
:1091D8000000000000000000000000000000000087
:1091E8000000000000000000000000000000000077
:1091F8000000000000000000000000000000000067
:109208000000000000000000000000000000000056
:109218000000000000000000000000000000000046
:109228000000000000000000000000000000000036
:109238000000000000000000000000000000000026
:109248000000000000000000000000000000000016
:109258000000000000000000000000000000000006
:1092680000000000000000000000000000000000F6
:1092780000000000000000000000000000000000E6
:1092880000000000000000000000000000000000D6
:1092980000000000000000000000000000000000C6
:1092A80000000000000000000000000000000000B6
:1092B80000000000000000000000000000000000A6
:1092C8000000000000000000000000000000000096
:1092D8000000000000000000000000000000000086
:1092E8000000000000000000000000000000000076
:1092F800020400F000200340FF00000022000000EC
:10930800040400002700000001000000050400F02C
:1093180000500340FF000000220000000404000089
:109328006C000000010000000102070003040000B7
:109338000506000003040506090C000000000000F3
:1093480001020000010000000000000044070020A6
:10935800AC070020140800200000000000000000F6
:1093680000000000000000000000000000000000F5
:10937800000000000000000000000000F08D010067
:1093880000000000000000000000000000000000D5
:1093980000000000000000000000000000000000C5
:1093A80000000000000000000000000000000000B5
:1093B80000000000000000000000000000000000A5
:1093C8000000000000000000000000000000000095
:1093D8000000000000000000000000000000000085
:1093E8000000000000000000000000000000000075
:1093F80001000000000000000E33CDAB34126DE612
:10940800ECDE05000B00000000000000000000007A
:109418000000000000000000000000000000000044
:109428000000000000000000000000000000000034
:109438000000000000000000000000000000000024
:109448000000000000000000000000000000000014
:109458000000000000000000000000000000000004
:1094680000000000000000000000000000000000F4
:1094780000000000000000000000000000000000E4
:1094880000000000000000000000000000000000D4
:1094980000000000000000000000000000000000C4
:1094A80000000000000000000000000000000000B4
:1094B80000000000000000000000000000000000A4
:1094C8000000000000000000000000000000000094
:1094D8000000000000000000000000000000000084
:1094E8000000000000000000000000000000000074
:1094F8000000000000000000000000000000000064
:109508000000000000000000000000000000000053
:109518000000000000000000000000000000000043
:109528000000000000000000000000000000000033
:109538000000000000000000000000000000000023
:109548000000000000000000000000000000000013
:109558000000000000000000000000000000000003
:1095680000000000000000000000000000000000F3
:1095780000000000000000000000000000000000E3
:1095880000000000000000000000000000000000D3
:1095980000000000000000000000000000000000C3
:1095A80000000000000000000000000000000000B3
:1095B80000000000000000000000000000000000A3
:1095C8000000000000000000000000000000000093
:1095D8000000000000000000000000000000000083
:1095E8000000000000000000000000000000000073
:1095F8000000000000000000000000000000000063
:109608000000000000000000000000000000000052
:109618000000000000000000000000000000000042
:109628000000000000000000000000000000000032
:109638000000000000000000000000000000000022
:109648000000000000000000000000000000000012
:109658000000000000000000000000000000000002
:1096680000000000000000000000000000000000F2
:1096780000000000000000000000000000000000E2
:1096880000000000000000000000000000000000D2
:1096980000000000000000000000000000000000C2
:1096A80000000000000000000000000000000000B2
:1096B80000000000000000000000000000000000A2
:1096C8000000000000000000000000000000000092
:1096D8000000000000000000000000000000000082
:1096E8000000000000000000000000000000000072
:1096F8000000000000000000000000000000000062
:109708000000000000000000000000000000000051
:109718000000000000000000000000000000000041
:109728000000000000000000000000000000000031
:109738000000000000000000000000000000000021
:109748000000000000000000000000000000000011
:109758000000000000000000000000000000000001
:1097680000000000000000000000000000000000F1
:0897780058040020F48D0100EB
:020000023000CC
:10800000F88E010000000020F88E01008808002092
:10801000000C002064440020D07F0020007000206D
:10802000007C002080B400AFBD465DF8047B704743
:1080300080B400AFBD465DF8047B704780B400AFEC
:10804000BD465DF8047B704780B400AFBD465DF867
:10805000047B704780B400AFBD465DF8047B704779
:1080600080B400AFBD465DF8047B704780B400AFBC
:10807000BD465DF8047B704780B400AFBD465DF837
:10808000047B704780B400AFBD465DF8047B704749
:1080900080B400AFBD465DF8047B704780B400AF8C
:1080A000BD465DF8047B704780B400AFBD465DF807
:1080B000047B704780B400AFBD465DF8047B704719
:1080C00080B400AFBD465DF8047B704780B400AF5C
:0880D000BD465DF8047B70471A
:1084000010B50D4C022000F0E1F800F09FF8236851
:1084100013F00C0F0DD1094800F0DCF8022000F039
:10842000D5F800F093F8206810F00C0018BF022077
:1084300010BD022010BD00BF1CF00A40005800F023
:1084400010B50C4B8C09890801F00F011C609208D3
:1084500059600CE0084B1B68013A40F8043B08D017
:10846000064B1B681BB9034B196801311960002AC0
:10847000F0D110BD04F00A4014F00A4008F00A40A0
:10848000F8B50C462A4B1B6813F0010FFAD1294BA3
:10849000A1091960A10801F00F015960950806466D
:1084A00033E0254A254B116801EA030324498B4236
:1084B00005D113689BB213B9204600F04FF856F867
:1084C000042B204B0A201A6000F080F8184B1F681C
:1084D00017F0010FFAD117F0100F0DD0164A174BF5
:1084E000116801EA030316498B421FD113689BB23E
:1084F000E3B900F051F819E0013D08D0124B1B68B8
:108500001BB90C4B1A6801321A60002DC9D10A4AF6
:108510000A4B116801EA030309498B4204D113682D
:108520009BB20BB900F038F8014B1F683846F8BD14
:1085300018F00A4004F00A4000E00F400000FF700D
:108540000000051014F00A4008F00A40024B1B68B6
:1085500013F0010FFAD1704718F00A4070B5C00946
:10856000012585400A4C0A2000F030F803232360DF
:108570000A2000F02BF8074BED431D600A2000F0A5
:1085800025F800230A202360BDE8704000F01EB8E3
:10859000FCD00F40C0E20A4070B50A20094C00F040
:1085A00015F8032323600A2000F010F8064B00257D
:1085B0000A201D6000F00AF80A202560BDE870401E
:1085C00000F004B8FCD00F40C0E20A400138FDD1F1
:1085D0007047000000F47F420F4B120A00F0FF00CA
:1085E000D318800003F0704240F0007023F07F4306
:1085F000104323F4700340EA431301221A6082B04F
:10860000013A01E0019A01320192019A0F2AF9D947
:1086100000221A6002B0704700E50F400A4B00F4D8
:108620007F4200F0FF0003EB1223800003F0704252
:1086300040F0007023F07F43104323F4700340EABE
:0C864000431301221A60704700E60F404F
:108C000080B500AF00F024F880BD00BF80B500AF94
:108C100000F002F880BD00BF80B500AF044B1B68B8
:108C20004C331B689847002000F004F880BD00BF5B
:108C30004400000180B483B000AF7860D0F800D069
:108C4000D0F804F000470C37BD465DF8047B704750
:108C500090B5ADF26C4D00AF0023C7F8503400233F
:108C6000C7F864340023C7F860340023C7F85C34C5
:108C70000023C7F858340023C7F84C34002387F882
:108C80005734012387F856343B46184600F094F9D0
:108C90003B46184600F09CFA3B46184600F0DAFACC
:108CA0003B46184600F08EFB00F002FCA44B1B680C
:108CB0001B683A46D2F830043A46D2F83424D1B28E
:108CC0003A46D2F83424D2B2D243D2B298479C4B1F
:108CD0001B681B683A46D2F83C043A46D2F8402456
:108CE000D1B23A46D2F84024D2B2D243D2B2984757
:108CF000944B1B6804331B689348FF219847934BA0
:108D00001B6820331B681C46914B1B6860331B6833
:108D10009847024613469B0013445B004FF0804087
:108D20001946A047874B1B6840331B688648FF21C4
:108D30009847C7F85004D7F85024D7F86434D41AA9
:108D4000834B1B6860331B6898470246814BA3FB2B
:108D500002139B099C4208D3D7F85034C7F86434F7
:108D6000D7F860340133C7F860343B465B7E002B94
:108D70003FD03B460120194600F082FDC7F84C0465
:108D8000D7F84C34002B0ED0D7F84C3403F0806366
:108D9000002B08D03B461A7A3B4683F828203B46F6
:108DA000184600F08DFE3B46184600F011FEC7F84D
:108DB0004C04D7F84C34002B1BD0D7F84C3403F0BC
:108DC0008063002B15D03B461A7A3B4683F8282057
:108DD0003B4693F828301A463B465B699A4204D1D9
:108DE0003B46184600F03EFF03E03B46184600F0C5
:108DF000F7FF3B465B7E83F00103DBB2002B19D00B
:108E00003B460020194600F03BFDC7F84C04D7F85C
:108E10004C34002B0ED0D7F84C3403F08063002B79
:108E200008D03B461A7A3B4683F828203B46184632
:108E300000F046FE3B46D3F84824D7F860349A4207
:108E400015D2D7F86024D7F85834D31A322B03D868
:108E500097F85634002B0AD0D7F86034C7F8583446
:108E6000002387F856343B46184601F0EFF9D7F84F
:108E70006024D7F85C34D31AC82B08D9D7F86034EB
:108E8000C7F85C3497F85734013387F8573497F8AC
:108E90005734013B032B5FD801A252F823F000BFE7
:108EA000B18E0300D18E0300F18E0300158F0300F5
:108EB000234B1B681B683A46D2F83C043A46D2F86A
:108EC0004024D1B23A46D2F84024D2B2984744E086
:108ED0001B4B1B681B683A46D2F830043A46D2F85E
:108EE0003424D1B23A46D2F83424D2B2984734E08E
:108EF000134B1B681B683A46D2F830043A46D2F846
:108F00003424D1B23A46D2F83424D2B2D243D2B2C7
:108F1000984722E00A4B1B681B683A46D2F83C048B
:108F20003A46D2F84024D1B23A46D2F84024D2B2DE
:108F3000D243D2B29847002387F857340DE000BFE0
:108F4000200000013C00000100000340400000013F
:108F500044000001D34D621000BF3B46D3F84424C7
:108F6000D7F860349A4217D80E4B1B680C331B6835
:108F70000D4898473B465B7E002B05D0094B1B688C
:108F80000C331B6809489847094B1B6808331B685A
:108F90000848FF21984700E0B1E607F26C47BD465C
:108FA00090BD00BF580000010000044000100440C4
:108FB0003C0000010000034080B58EB000AF786037
:108FC0000023BB6200237B6300233B630023FB621F
:108FD0007B685F4A1A607B685D4A5A607B68002242
:108FE0001A617B6801225A617B6807221A767B68C6
:108FF00000225A76574B1B6818331B68564898470F
:1090000000E000BF534B1B688C331B6852489847E5
:10901000034683F00103DBB2002BF2D1FFF7F0F936
:10902000B862BB6A002B40F08A8007F1080318463B
:1090300040F2EC711422FFF703FAFB7D184600F0B2
:1090400095F802467B681A607B7E184600F08EF821
:1090500002467B685A603A7C7B681A767B681B7E86
:10906000072B1BD801A252F823F000BF8D900300FC
:109070008D9003008D9003008D9003008D90030070
:109080009D9003008D9003008D900300334B7B6314
:109090004FF040233B634023FB6206E0304B7B6391
:1090A000304B3B630823FB6200BF2A4B1B6818331D
:1090B0001B68786B984700E000BF264B1B688C3319
:1090C0001B68786B9847034683F00103DBB2002BE3
:1090D000F2D1254B1B6838331B68FA6AD2B2386B61
:1090E0001146984707F11C03184600210C22FFF790
:1090F000A7F91D4B1B682C331B68FA6AD2B2386B78
:10910000114698470346002BD4BF00230123DAB24F
:109110007B685A767B685B7E002B08D07B680022D8
:109120005A6197F826301A467B681A6107E097F86B
:1091300026301A467B685A617B6800221A61054B0B
:109140001B681C331B68044898473837BD4680BDF0
:1091500020A1070044000001005800F0000800F0C2
:10916000040800F0004002402000000180B485B0F7
:1091700000AF0346FB71FB79013B032B16D801A21C
:1091800052F823F0A7910300A19103009B910300E3
:10919000959103000A4BFB600BE00A4BFB6008E073
:1091A000094BFB6005E0094BFB6002E0054BFB60EF
:1091B00000BFFB6818461437BD465DF8047B704756
:1091C00040420F0020A1070090D0030048E80100B2
:1091D00080B58CB000AF78607B681B68184600F0E3
:1091E000ADF94FF48153BB606FF06043FB602C23FB
:1091F0003B6108237B6107F1080314481B211A46D1
:10920000022301F0D3FA7B685B7E002B1BD07B68C6
:109210005B68184600F00AFA7B681B691B0443F47C
:109220008153FB616FF060433B622C237B62082318
:10923000BB6207F11C0306481B211A46022301F0FA
:10924000B5FA00F085FA3037BD4680BD0000044015
:109250000010044080B582B000AF78607B681B7E50
:10926000002B05D0002B35DB053B012B32D818E055
:109270007B684E4AC3F82C247B684D4AC3F83024DF
:109280007B680122C3F834247B68484AC3F8382439
:109290007B68474AC3F83C247B680422C3F8402417
:1092A00031E07B68434AC3F82C247B68424AC3F808
:1092B00030247B680122C3F834247B683D4AC3F81C
:1092C00038247B683C4AC3F83C247B680422C3F8FA
:1092D000402418E07B68354AC3F82C247B68344A64
:1092E000C3F830247B680422C3F834247B682F4AF7
:1092F000C3F838247B682E4AC3F83C247B680222DA
:10930000C3F8402400BF2D4B1B6818331B687A68D4
:10931000D2F82C241046984700E000BF274B1B686A
:109320008C331B687A68D2F82C2410469847034681
:1093300083F00103DBB2002BEFD1214B1B683C33E0
:109340001B687A68D2F830147A68D2F83424D2B222
:10935000084611469847194B1B6818331B687A68F2
:10936000D2F838241046984700E000BF134B1B6822
:109370008C331B687A68D2F8382410469847034625
:1093800083F00103DBB2002BEFD10D4B1B683C33A4
:109390001B687A68D2F83C147A68D2F84024D2B2BA
:1093A0000846114698470837BD4680BD040800F0BE
:1093B00000400240060800F0006002404400000146
:1093C0002000000180B582B000AF78607B681B7E12
:1093D000072B57D801A252F823F000BFFD930300DA
:1093E000FD930300FD930300FD930300FD93030031
:1093F0001194030011940300FD9303007B684FF464
:109400001672C3F844247B686422C3F8482443E0FE
:109410007B684FF41672C3F844247B686422C3F857
:1094200048241F4B1B6818331B681E48984700E0F0
:1094300000BF1B4B1B688C331B681A4898470346B8
:1094400083F00103DBB2002BF2D1174B1B683C33D6
:109450001B68164810219847134B1B683C331B6848
:10946000124802219847104B1B681B680F481021B7
:10947000102298470C4B1B681B680C480121FE22E8
:10948000984709E07B684FF41672C3F844247B6860
:109490006422C3F8482400BF0837BD4680BD00BF22
:1094A00044000001060800F02000000100600240B6
:1094B00080B500AF1D4B1B6818331B681C489847CC
:1094C00000BF1A4B1B688C331B681948984703462A
:1094D00083F00103DBB2002BF3D1164B1B6808337A
:1094E0001B681548FF219847124B1B680C331B68FB
:1094F0001148322198470F4B1B681C331B680E48DC
:10950000FF21012298470B4B1B6838331B680A4820
:10951000FF214FF0FF329847064B1B6818331B683A
:109520000548FF2140F20442984780BD44000001F5
:10953000000400F03C0000010000034090B583B03F
:1095400000AF7860304B1B6818331B682F48984772
:1095500000E000BF2C4B1B688C331B682B489847DE
:10956000034683F00103DBB2002BF2D1284801212E
:1095700000F0D2F82648082100F0CEF8254B1B68F1
:1095800068331B6824489847224B1B6868331B6864
:10959000224898471F4B1B6830331B681C48092121
:1095A0009847194B1B6818331B681D48984700E003
:1095B00000BF154B1B688C331B681948984703463E
:1095C00083F00103DBB2002BF2D1164B1B6804338E
:1095D0001B6815489847134B1B6840331B681C4693
:1095E000094B1B6860331B68984703460E481946B1
:1095F0007A68A0470B4B1B6808331B680A489847DA
:109600000C37BD4690BD00BF44000001050800F0C6
:10961000005002402000000103000500030C05007B
:10962000003400F0580000010000044090B583B001
:1096300000AF7860324B1B6818331B68314898477D
:1096400000E000BF2E4B1B688C331B682D489847E9
:10965000034683F00103DBB2002BF2D14FF0402030
:10966000012100F059F84FF04020022100F054F899
:10967000254B1B6868331B6808209847224B1B68E2
:1096800068331B684FF4816098471F4B1B68303369
:109690001B684FF0402003219847194B1B68183373
:1096A0001B681A48984700E000BF154B1B688C33B5
:1096B0001B6816489847034683F00103DBB2002B72
:1096C000F2D1134B1B6804331B6812489847104BA8
:1096D0001B6840331B681C46094B1B6860331B68C2
:1096E000984703460B4819467A68A047084B1B6801
:1096F00008331B68074898470C37BD4690BD00BF2C
:1097000044000001000800F020000001013400F0D6
:10971000580000010010044080B483B000AF7860AE
:109720000B46FB707B6803F5A463084A1A607B68EC
:1097300003F224537A6802F224521168FA780A4339
:109740001A600C37BD465DF8047B70474B434F4CA5
:1097500080B586B000AF01237B6115E07B6903F51E
:10976000845310333B606FF060437B602C23BB60FD
:109770000823FB603B46074879691A46022301F03B
:1097800015F87B6901337B617B69182BE6D91837A3
:10979000BD4680BD0000044080B588B000AF786051
:1097A00041F22103FB606FF060433B612C237B613E
:1097B0000823BB6107F10C032E481C211A46022323
:1097C00000F0F4FF41F22203FB606FF060433B6165
:1097D0002C237B610823BB6107F10C0325481D2165
:1097E0001A46022300F0E2FF7B685B7E002B3ED02E
:1097F0004FF49853FB60204B3B612C237B61082383
:10980000BB6107F10C031B481E211A46022300F01E
:10981000CDFF7B681B691B0443F4815343F00103B4
:10982000FB606FF060433B612C237B610823BB61CD
:1098300007F10C0311481C211A46022300F0B6FF61
:109840007B681B691B0443F4815343F00203FB60F4
:109850006FF060433B612C237B610823BB6107F100
:109860000C0306481D211A46022300F09FFF2037F3
:10987000BD4680BD0000044000FFFF1F00100440F3
:1098800080B58CB000AF03463960FB7100237B626A
:109890000023FB624C4B1B6820331B684B480021A4
:1098A000984778623B680833FB617B6A03F00703E3
:1098B000002B40F08480444B1B6820331B684348D6
:1098C00002219847F8623B685B7E002B2BD0012376
:1098D000BB6225E0BB6A013B012202FA03F31A4690
:1098E000FB6A1340002B18D007F10C033748B96A04
:1098F0001A46002300F070FF3B685B7E002B0CD003
:10990000FB79002B09D0F968FA69BB6ADBB208461B
:1099100011461A463B6800F031FBBB6A0133BB625B
:10992000BB6A182BD6D9FB6A03F08063002B08D0E2
:1099300007F10C0325481B211A46002300F04CFFB9
:109940003DE0FB6A03F00063002B08D007F10C0335
:109950001E481C211A46002300F03EFF2FE0FB6A40
:1099600003F08053002B08D007F10C0317481D218A
:109970001A46002300F030FF21E0FB6A03F0005399
:10998000002B1CD007F10C0310481E211A4600239F
:1099900000F022FF3B685B7E002B10D0FB79002B90
:1099A0000DD0FB68A3F598533B62F968FA693B6AEE
:1099B000DBB2084611461A463B6800F0DFFAFB6A44
:1099C00018463037BD4680BD5800000100000440F5
:1099D00080B58AB000AF786000237B62224B1B68A1
:1099E00020331B6821480021984738627B68083380
:1099F000FB613B6A03F00703002B30D11A4B1B6855
:109A000020331B6819480221984778627B6A03F06B
:109A10008063002B08D007F10C0314481B211A4661
:109A2000002300F0D9FE1AE07B6A03F00063002BEC
:109A300008D007F10C030D481C211A46002300F042
:109A4000CBFE0CE07B6A03F08053002B07D007F1BC
:109A50000C0306481D211A46002300F0BDFE7B6A58
:109A600018462837BD4680BD58000001001004404C
:109A700080B582B000AF7860104B1B681B687A68B5
:109A8000D2F830047A68D2F83424D1B27A68D2F8A5
:109A90003424D2B29847094B1B681B687A68D2F805
:109AA0003C047A68D2F84024D1B27A68D2F84024D3
:109AB000D2B298470837BD4680BD00BF20000001E4
:109AC00090B589B000AF78600023FB600023FB6194
:109AD0000023BB6100237B610023BB600023FB7478
:109AE0007B6893F828301A467B685B699A420BD0F2
:109AF0007B6893F82830FF2B0CD17B685B7E83F06A
:109B00000103DBB2002B05D00123FB744D4B18463B
:109B100000F0F8FD7868FFF73FFE7868FFF7A8FFD0
:109B2000FB7C002B19D07B685A697B681B6946480F
:109B3000002100F013FB454B1B681B687A68D2F8C4
:109B400030047A68D2F83424D1B27A68D2F8342456
:109B5000D2B2D243D2B2984710E03C4B1B681B688C
:109B60007A68D2F83C047A68D2F84024D1B27A6894
:109B7000D2F84024D2B2D243D2B298477B680022B6
:109B8000DA61334B1B6820331B681C46314B1B6862
:109B900060331B689847024613469B0013445B00E2
:109BA0004FF080401946A0472B4B1B6840331B6881
:109BB0002A48FF219847F860FA68FB69D41A254BB8
:109BC0001B6860331B6898470246254BA3FB0213B2
:109BD0009B099C4207D3FB68FB61BB690133BB61F6
:109BE0007B6901337B6100207968FFF749FEB8602B
:109BF000BB68002B01D000237B617869796800F095
:109C0000C9F8BB6803F00063002B0ED07B681B7A99
:109C1000522B02D14FF47A737B617B685B7A1A46D0
:109C20007B681A627B680022DA61BB6803F08053AC
:109C3000002B06D0FB7C044879681A4600F03CFCF7
:109C40009FE79EE700800300000004402000000121
:109C500040000001440000013C00000100000340FE
:109C6000D34D621090B589B000AF786000233B619E
:109C70000023FB610023BB6100237B610023FB60A9
:109C80003D4B184600F03EFD7868FFF785FD7B6888
:109C900008334FF4815019461A2200F023FA7B68EA
:109CA0005A697B681B693548002100F057FA7868CB
:109CB000FFF7DEFE7B680022DA61314B1B68203340
:109CC0001B681C462F4B1B6860331B689847024675
:109CD00013469B0013445B004FF080401946A04799
:109CE000294B1B6840331B682848FF21984738617F
:109CF0003A69FB69D41A234B1B6860331B68984789
:109D00000246234BA3FB02139B099C4207D33B69EA
:109D1000FB61BB690133BB617B6901337B6178689F
:109D2000FFF756FEF860FB68002B01D000237B6133
:109D30007869796800F02EF8FB6803F00063002B67
:109D40000ED07B681B7A522B02D14FF47A737B6161
:109D50007B685B7A1A467B681A627B680022DA614C
:109D6000FB6803F08053002B05D00448796801227A
:109D700000F0A2FBA1E7A0E7008003000010044070
:109D800040000001440000013C00000100000340CD
:109D9000D34D621080B582B000AF786039607B68C7
:109DA000B3F5FA7F17D90D4B1B681B683A68D2F8D8
:109DB0003C043A68D2F84024D1B23A68D2F8402440
:109DC000D2B2D243D2B298477A6840F6B8339A42B8
:109DD00001D9FEF71BFF0837BD4680BD20000001FA
:109DE00090B589B000AF786000233B610023FB6130
:109DF0000023BB6100237B610023FB607B680022A2
:109E0000DA617B6800225A627868FFF7C5FC7B68DC
:109E100008334FF4815019461A2200F063F978682C
:109E2000FFF726FE4D4B1B6820331B681C464C4B2E
:109E30001B6860331B689847024613469B00134417
:109E40005B004FF080401946A047464B1B684033EB
:109E50001B684548FF21984738613A69FB69D41A65
:109E60003F4B1B6860331B68984702463F4BA3FB80
:109E700002139B099C4207D33B69FB61BB69013319
:109E8000BB617B6901337B617868FFF7A1FDF860F6
:109E9000FB68002B01D000237B61FB6803F00063AB
:109EA000002B19D07B68083341F2210019461C228F
:109EB00000F018F97B681B7A522B02D14FF47A73A9
:109EC0007B617B685B7A1A467B681A627B6800223A
:109ED000DA617B6800225A62FB6803F08053002B32
:109EE00004D023487968002200F0E6FA7B68DA693A
:109EF0007B685B6A9A4210D91E4B1B6820331B6833
:109F00001D4801219847034603F08053002B04D1DC
:109F100041F22200796800F06FF801207968FFF7BC
:109F2000AFFC7B69B3F57A7F0ED37A6940F6B7331D
:109F30009A4209D87B68196A7B685A697B681B69F1
:109F40000B4800F00BF907E07A6940F6B7339A4204
:109F500002D9FEF75BFE65E764E700BF4000000141
:109F6000440000013C00000100000340D34D62109A
:109F700000100440580000010000044080B58CB07F
:109F800000AFF860B9603B601346FB71002387F8AF
:109F90002F3010E097F82F3097F82F20B9680A4437
:109FA000127807F130010B4403F80C2C97F82F308E
:109FB000013387F82F3097F82F30072BEAD93B6809
:109FC0001B691A04FB6813433B6100237B61042374
:109FD000BB610823FB6107F124033B62FA7907F1B7
:109FE0001003044811461A46002300F0DFFB303707
:109FF000BD4680BD0010044080B58AB000AF7860D7
:10A0000039603B685B6A591C3A6851623A6813448C
:10A0100093F8293087F820303B685B6A591C3A680E
:10A0200051623A68134493F8293087F821303B682D
:10A030005B6A591C3A6851623A68134493F82930B4
:10A0400087F822303B685B6A591C3A6851623A686B
:10A05000134493F8293087F823303B685B6A591C16
:10A060003A6851623A68134493F8293087F82430EB
:10A070003B685B6A591C3A6851623A68134493F82A
:10A08000293087F825303B685B6A591C3A68516271
:10A090003A68134493F8293087F826303B685B6AA6
:10A0A000591C3A6851623A68134493F8293087F88A
:10A0B00027307B68FB6000233B6104237B6108231E
:10A0C000BB6107F12003FB6107F10C0304481D216C
:10A0D0001A46002300F06AFB2837BD4680BD00BF4A
:10A0E0000000044080B58CB000AFF860B960134642
:10A0F000FB71002387F82F3010E097F82F3097F886
:10A100002F20B9680A44127807F130010B4403F894
:10A110000C2C97F82F30013387F82F3097F82F3019
:10A12000072BEAD9FB6823F470233B6100237B6192
:10A130000423BB610823FB6107F124033B62FA7926
:10A1400007F11003044811461A46002300F02EFBC5
:10A150003037BD4680BD00BF0000044080B58CB0E4
:10A1600000AFF860B9607A603B607B6803F5985394
:10A17000FB61FA68164B9A4204D1FA693B681B04EA
:10A180001343FB6100233B6204237B620823BB6211
:10A1900007F11403FB62BB68DBB23B7553237B758D
:10A1A0005523BB754323FB7543233B7643237B76C3
:10A1B0004523BB765323FB7607F11C03F868012186
:10A1C0001A46002300F0F2FA3037BD4680BD00BFCA
:10A1D0000010044080B58CB000AFF860B9607A60C0
:10A1E0003B607B6803F59853FB61FA68164B9A4213
:10A1F00004D1FA693B681B041343FB6100233B62F3
:10A2000004237B620823BB6207F11403FB62BB6873
:10A21000DBB23B7545237B755223BB755223FB751F
:10A220004F233B7652237B762023BB762023FB767D
:10A2300007F11C03F8681A211A46002300F0B6FA49
:10A240003037BD4680BD00BF0010044080B58AB0E5
:10A2500000AF78600023BB6007F1080318460721B0
:10A2600000F04AF87B685B6903F5845310337B6127
:10A270000023BB610423FB6108233B6207F10C034D
:10A280007B627B685B69DBB23B73BB68DBB27B7371
:10A29000BB681B0ADBB2BB73BB681B0CDBB2FB7376
:10A2A000BB681B0EDBB23B7400237B740023BB74C2
:10A2B0000023FB7407F114030D481E211A460023E6
:10A2C00000F074FA7B685B7E002B0DD07A697B68A6
:10A2D0001B691B0413437B6107F1140305481E210E
:10A2E0001A46002300F062FA2837BD4680BD00BF41
:10A2F000000004400010044080B485B000AF7860D6
:10A300000B46FB700023FB737B6800221A60FB780E
:10A31000002B02D0FB78082B00D9C5E00023BB73CB
:10A32000BDE0BB7B634AD35C5BB2303B362B00F2B3
:10A33000A18001A252F823F015A403001BA403007E
:10A3400021A4030027A403002DA4030033A40300C9
:10A3500039A403003FA4030045A403004BA4030059
:10A3600075A4030075A4030075A4030075A403007D
:10A3700075A4030075A4030075A4030051A4030091
:10A3800057A403005DA4030063A4030069A40300B1
:10A390006FA4030075A4030075A4030075A4030053
:10A3A00075A4030075A4030075A4030075A403003D
:10A3B00075A4030075A4030075A4030075A403002D
:10A3C00075A4030075A4030075A4030075A403001D
:10A3D00075A4030075A4030075A4030075A403000D
:10A3E00075A4030075A4030075A4030075A40300FD
:10A3F00075A4030075A4030075A4030051A4030011
:10A4000057A403005DA4030063A4030069A4030030
:10A410006FA403000023FB732FE00123FB732CE0E8
:10A420000223FB7329E00323FB7326E00423FB7361
:10A4300023E00523FB7320E00623FB731DE00723C5
:10A44000FB731AE00823FB7317E00923FB7314E086
:10A450000A23FB7311E00B23FB730EE00C23FB7349
:10A460000BE00D23FB7308E00E23FB7305E00F23C5
:10A47000FB7302E00023FB7300BF7B681A68FB7B61
:10A4800003F00F01FB78581EBB7BC31A9B0001FA37
:10A4900003F31A437B681A60BB7B0133BB73BA7B3F
:10A4A000FB789A42FFF43DAF1437BD465DF8047B5C
:10A4B000704700BF04A80300F0B585B000AFF86096
:10A4C000B9601346FB71B86800F072F8BB68DB69CD
:10A4D000B3F5806F31D1FB79002B0CD0B86800F058
:10A4E0008DF8BB68196ABB685A69BB681B69F86854
:10A4F000FFF734FE56E02D4B1B681B681C46BB68FB
:10A50000D3F83C64BB68D3F84034DDB2274B1B68FA
:10A510002C331B68BA68D2F83C14BA68D2F84024CD
:10A52000D2B20846114698470346DBB2DB43DBB2A2
:10A53000304629461A46A04734E0BB68DB69B3F5CC
:10A54000806F2FD9FB79002B0AD0BB68196ABB68D2
:10A550005A69BB681B69F868FFF73CFEFEF75CFBB5
:10A56000124B1B681B68BA68D2F83004BA68D2F87C
:10A570003424D1B2BA68D2F83424D2B2D243D2B29F
:10A5800098470A4B1B681B68BA68D2F83C04BA6843
:10A59000D2F84024D1B2BA68D2F84024D2B2D24321
:10A5A000D2B298471437BD46F0BD00BF200000016D
:10A5B00080B485B000AF78600023FB7316E07B6841
:10A5C000DB69B3F5806F0ED27B68DB69FA7B796853
:10A5D0000A44127A79680B4483F829207B68DB6986
:10A5E0005A1C7B68DA61FB7B0133FB73FB7B072B17
:10A5F000E5D91437BD465DF8047B704780B584B05B
:10A6000000AF78607B681B6A9B02FB60384B1B685D
:10A610001B687A68D2F830047A68D2F83424D1B250
:10A620007A68D2F83424D2B29847314B1B681B6841
:10A630007A68D2F83C047A68D2F84024D1B27A68B9
:10A64000D2F84024D2B298472A4BFA689A4207D2ED
:10A65000294BFA689A4203D3284BFA689A4222D3CC
:10A66000234B1B681B687A68D2F830047A68D2F8EA
:10A670003424D1B27A68D2F83424D2B2D243D2B2DE
:10A6800098471B4B1B681B687A68D2F83C047A68B1
:10A69000D2F84024D1B27A68D2F84024D2B2D24360
:10A6A000D2B2984721E07B682933BB60144B1B680A
:10A6B00008331B689847F86800F024F8F868B96810
:10A6C0004FF4806200F040F8094B1B681B687A6801
:10A6D000D2F830047A68D2F83424D1B27A68D2F849
:10A6E0003424D2B2D243D2B298471037BD4680BD8F
:10A6F00020000001008C030000080000008403001B
:10A700004800000180B483B000AF78607B6823F418
:10A710007F7323F003037B60084B7A681A60084B51
:10A72000084A1A6000BF064B1B6803F00203002BA7
:10A73000F9D10C37BD465DF8047B704700D00F405F
:10A7400008D00F40020042A480B487B000AFF86088
:10A75000B9607A6000237B6117E0104BF9687A6971
:10A760000A441A600E4BB9687A690A4412681A6082
:10A770000C4B0D4A1A6000BF0A4B1B6803F0010323
:10A78000002BF9D17B6904337B617A697B689A423B
:10A79000E3D31C37BD465DF8047B704700D00F4003
:10A7A00004D00F4008D00F40010042A490B585B0FE
:10A7B00000AFF860B9607A60FB70064B1B68183315
:10A7C0001B681C46FB78F868B9687A68A04714379C
:10A7D000BD4690BD5800000190B585B000AFF8604F
:10A7E000B9607A60FB70064B1B681C331B681C4603
:10A7F000FB78F868B9687A68A0471437BD4690BD01
:10A8000058000001373837316564396664323232B6
:10A810003365313233313164643261303237303252
:10A82000663332383662303662353938000000001F
:08A83000000000000000000020
:0400000300000800F1
:00000001FF
